Div,Date,HomeTeam,AwayTeam,FTHG,FTAG,FTR,HTHG,HTAG,HTR,B365H,B365D,B365A,BWH,BWD,BWA,LBH,LBD,LBA,Season,HomeValue,AwayValue,VCH,VCD,VCA,HS,AS,HST,AST,HF,AF,HC,AC,HY,AY,HR,AR
N1,11/08/2017,Den Haag,Utrecht,0.0,3.0,A,0.0,1.0,A,3.6,3.4,2.05,3.9,3.6,1.95,3.6,3.2,2.1,2017/18,€23.63m,€46.63m,3.8,3.5,2.0,17.0,16.0,6.0,8.0,11.0,12.0,8.0,5.0,2.0,1.0,0.0,0.0
N1,12/08/2017,Heracles,Ajax,2.0,1.0,H,0.0,0.0,D,7.0,4.33,1.44,7.25,4.75,1.42,7.0,4.33,1.4,2017/18,€22.25m,€251.00m,7.5,4.75,1.4,14.0,29.0,8.0,11.0,15.0,16.0,3.0,8.0,1.0,1.0,0.0,0.0
N1,12/08/2017,PSV Eindhoven,AZ Alkmaar,3.0,2.0,H,1.0,1.0,D,1.4,4.75,7.0,1.44,4.6,7.25,1.44,4.6,7.5,2017/18,€174.45m,€70.68m,1.4,5.0,7.0,25.0,15.0,9.0,8.0,10.0,16.0,10.0,7.0,0.0,3.0,0.0,0.0
N1,12/08/2017,Vitesse,NAC Breda,4.0,1.0,H,3.0,0.0,H,1.53,4.2,5.75,1.55,4.25,5.75,1.53,4.0,5.5,2017/18,€39.78m,€17.15m,1.53,4.3,6.0,16.0,5.0,6.0,4.0,7.0,12.0,9.0,3.0,0.0,1.0,0.0,0.0
N1,12/08/2017,VVV Venlo,Sparta Rotterdam,3.0,0.0,H,1.0,0.0,H,2.25,3.3,3.2,2.1,3.5,3.5,2.1,3.25,3.3,2017/18,€13.58m,€15.45m,2.1,3.5,3.5,12.0,8.0,6.0,2.0,15.0,15.0,3.0,5.0,0.0,1.0,0.0,1.0
N1,13/08/2017,Feyenoord,Twente,2.0,1.0,H,1.0,1.0,D,1.25,5.5,12.0,1.26,5.75,12.0,1.22,5.75,13.0,2017/18,€104.20m,€22.15m,1.22,6.25,13.0,15.0,7.0,7.0,3.0,10.0,24.0,4.0,1.0,2.0,4.0,0.0,0.0
N1,13/08/2017,Groningen,Heerenveen,3.0,3.0,D,0.0,2.0,A,2.2,3.5,3.1,2.15,3.7,3.2,2.15,3.5,3.0,2017/18,€30.30m,€39.13m,2.25,3.5,3.13,16.0,19.0,5.0,8.0,11.0,15.0,6.0,6.0,1.0,2.0,0.0,0.0
N1,13/08/2017,Willem II,Excelsior,1.0,2.0,A,0.0,1.0,A,2.05,3.5,3.4,2.0,3.4,3.9,2.0,3.3,3.5,2017/18,€18.65m,€14.80m,2.05,3.5,3.6,9.0,9.0,2.0,3.0,7.0,13.0,8.0,1.0,3.0,3.0,0.0,0.0
N1,13/08/2017,Zwolle,Roda,4.0,2.0,H,1.0,1.0,D,1.85,3.6,4.0,1.85,3.6,4.33,1.8,3.5,4.0,2017/18,€26.33m,€13.28m,1.83,3.6,4.4,29.0,10.0,10.0,6.0,8.0,9.0,7.0,2.0,0.0,1.0,0.0,0.0
N1,18/08/2017,Roda,Vitesse,1.0,3.0,A,0.0,1.0,A,3.6,3.75,1.91,4.1,3.9,1.83,4.0,3.5,1.87,2017/18,€13.28m,€39.78m,4.1,3.8,1.85,15.0,10.0,4.0,4.0,17.0,14.0,5.0,9.0,1.0,2.0,0.0,0.0
N1,19/08/2017,AZ Alkmaar,Den Haag,2.0,0.0,H,1.0,0.0,H,1.36,5.0,7.5,1.33,5.25,9.0,1.36,4.75,7.5,2017/18,€70.68m,€23.63m,1.36,5.0,8.5,32.0,6.0,9.0,1.0,12.0,11.0,8.0,8.0,2.0,3.0,0.0,1.0
N1,19/08/2017,Heerenveen,Heracles,1.0,1.0,D,0.0,1.0,A,1.62,4.0,5.25,1.67,4.0,5.0,1.61,3.9,4.5,2017/18,€39.13m,€22.25m,1.65,4.2,4.8,19.0,7.0,6.0,3.0,15.0,13.0,10.0,3.0,3.0,0.0,0.0,0.0
N1,19/08/2017,Twente,VVV Venlo,1.0,2.0,A,0.0,2.0,A,1.73,3.8,4.5,1.78,3.8,4.4,1.75,3.6,4.2,2017/18,€22.15m,€13.58m,1.8,3.8,4.4,11.0,9.0,4.0,5.0,7.0,5.0,3.0,6.0,2.0,2.0,0.0,0.0
N1,20/08/2017,Ajax,Groningen,3.0,1.0,H,1.0,0.0,H,1.25,5.5,12.0,1.25,6.75,10.0,1.28,5.5,9.5,2017/18,€251.00m,€30.30m,1.29,6.0,10.0,27.0,7.0,7.0,2.0,9.0,11.0,12.0,2.0,0.0,3.0,0.0,0.0
N1,20/08/2017,Excelsior,Feyenoord,0.0,1.0,A,0.0,1.0,A,8.0,4.5,1.4,7.25,5.0,1.4,6.5,4.4,1.36,2017/18,€14.80m,€104.20m,7.5,4.8,1.4,7.0,11.0,4.0,3.0,19.0,14.0,3.0,6.0,1.0,2.0,0.0,0.0
N1,20/08/2017,NAC Breda,PSV Eindhoven,1.0,4.0,A,1.0,1.0,D,10.0,5.25,1.29,9.25,5.25,1.33,9.0,5.0,1.3,2017/18,€17.15m,€174.45m,9.5,5.5,1.3,9.0,26.0,4.0,9.0,20.0,13.0,6.0,8.0,3.0,1.0,0.0,0.0
N1,20/08/2017,Sparta Rotterdam,Zwolle,1.0,1.0,D,1.0,1.0,D,2.55,3.3,2.7,2.5,3.5,2.75,2.5,3.4,2.55,2017/18,€15.45m,€26.33m,2.6,3.4,2.7,7.0,12.0,4.0,4.0,0.0,5.0,1.0,9.0,4.0,3.0,0.0,0.0
N1,20/08/2017,Utrecht,Willem II,2.0,0.0,H,2.0,0.0,H,1.5,3.9,7.0,1.55,4.2,6.0,1.53,3.8,5.75,2017/18,€46.63m,€18.65m,1.55,4.0,6.5,9.0,4.0,5.0,1.0,12.0,13.0,3.0,4.0,0.0,2.0,0.0,0.0
N1,25/08/2017,NAC Breda,Sparta Rotterdam,2.0,2.0,D,1.0,0.0,H,2.3,3.4,3.0,2.35,3.6,2.9,2.3,3.3,2.87,2017/18,€17.15m,€15.45m,2.38,3.5,2.9,11.0,10.0,7.0,3.0,16.0,18.0,9.0,6.0,4.0,2.0,0.0,0.0
N1,26/08/2017,Den Haag,Heerenveen,1.0,2.0,A,0.0,0.0,D,3.2,3.4,2.2,3.1,3.5,2.25,3.0,3.4,2.2,2017/18,€23.63m,€39.13m,3.0,3.5,2.3,13.0,16.0,1.0,9.0,9.0,18.0,5.0,7.0,1.0,2.0,0.0,0.0
N1,26/08/2017,Heracles,Excelsior,2.0,2.0,D,1.0,1.0,D,2.05,3.5,3.4,2.05,3.6,3.5,2.1,3.5,3.1,2017/18,€22.25m,€14.80m,2.1,3.75,3.2,18.0,11.0,6.0,5.0,10.0,17.0,3.0,4.0,1.0,2.0,0.0,1.0
N1,26/08/2017,Vitesse,AZ Alkmaar,1.0,2.0,A,0.0,1.0,A,2.1,3.4,3.4,2.2,3.7,3.1,2.15,3.5,3.0,2017/18,€39.78m,€70.68m,2.2,3.6,3.13,16.0,27.0,4.0,9.0,8.0,15.0,4.0,7.0,1.0,3.0,0.0,0.0
N1,26/08/2017,Zwolle,Twente,2.0,0.0,H,1.0,0.0,H,2.05,3.5,3.4,2.0,3.5,3.8,1.95,3.5,3.4,2017/18,€26.33m,€22.15m,2.05,3.6,3.5,16.0,10.0,4.0,3.0,12.0,12.0,4.0,5.0,2.0,3.0,0.0,0.0
N1,27/08/2017,Feyenoord,Willem II,5.0,0.0,H,4.0,0.0,H,1.2,6.5,13.0,1.2,7.0,14.0,1.18,6.5,15.0,2017/18,€104.20m,€18.65m,1.2,7.0,13.0,16.0,4.0,8.0,1.0,9.0,10.0,11.0,1.0,0.0,1.0,0.0,0.0
N1,27/08/2017,Groningen,Utrecht,2.0,1.0,H,2.0,0.0,H,2.8,3.25,2.5,2.8,3.4,2.5,2.55,3.4,2.45,2017/18,€30.30m,€46.63m,2.7,3.5,2.55,5.0,30.0,3.0,13.0,16.0,12.0,0.0,13.0,2.0,3.0,0.0,0.0
N1,27/08/2017,PSV Eindhoven,Roda,2.0,0.0,H,2.0,0.0,H,1.08,10.0,23.0,1.11,9.75,23.0,1.1,9.5,29.0,2017/18,€174.45m,€13.28m,1.1,10.0,26.0,23.0,6.0,9.0,2.0,10.0,14.0,5.0,4.0,0.0,1.0,0.0,0.0
N1,27/08/2017,VVV Venlo,Ajax,0.0,2.0,A,0.0,0.0,D,6.5,4.5,1.44,6.75,5.0,1.42,6.0,4.33,1.44,2017/18,€13.58m,€251.00m,6.5,4.8,1.45,11.0,22.0,3.0,7.0,7.0,7.0,3.0,8.0,2.0,1.0,0.0,0.0
N1,09/09/2017,Ajax,Zwolle,3.0,0.0,H,1.0,0.0,H,1.22,6.5,11.0,1.22,6.5,13.0,1.2,6.0,11.0,2017/18,€251.00m,€26.33m,1.2,6.5,15.0,21.0,11.0,8.0,3.0,10.0,18.0,5.0,4.0,2.0,1.0,0.0,0.0
N1,09/09/2017,Excelsior,Vitesse,0.0,3.0,A,0.0,1.0,A,3.4,3.2,2.2,3.3,3.4,2.2,3.0,3.3,2.2,2017/18,€14.80m,€39.78m,3.1,3.5,2.25,7.0,12.0,1.0,4.0,10.0,10.0,5.0,5.0,2.0,1.0,0.0,0.0
N1,09/09/2017,Heracles,Feyenoord,2.0,4.0,A,0.0,3.0,A,6.5,4.5,1.44,6.5,4.6,1.48,6.0,4.33,1.44,2017/18,€22.25m,€104.20m,6.5,4.8,1.45,12.0,19.0,6.0,10.0,15.0,10.0,3.0,6.0,3.0,2.0,0.0,0.0
N1,09/09/2017,Willem II,Den Haag,1.0,2.0,A,0.0,1.0,A,2.3,3.4,3.0,2.3,3.4,3.1,2.25,3.2,3.0,2017/18,€18.65m,€23.63m,2.3,3.4,3.13,7.0,12.0,3.0,5.0,17.0,18.0,2.0,2.0,1.0,1.0,0.0,0.0
N1,10/09/2017,AZ Alkmaar,NAC Breda,2.0,1.0,H,0.0,0.0,D,1.3,5.0,10.0,1.33,5.5,8.75,1.3,5.0,8.5,2017/18,€70.68m,€17.15m,1.33,5.5,9.0,16.0,12.0,6.0,3.0,16.0,17.0,7.0,5.0,1.0,1.0,0.0,0.0
N1,10/09/2017,Groningen,VVV Venlo,1.0,1.0,D,1.0,0.0,H,2.0,3.5,3.6,2.0,3.5,3.8,2.05,3.4,3.3,2017/18,€30.30m,€13.58m,2.05,3.5,3.6,12.0,18.0,6.0,6.0,9.0,11.0,5.0,6.0,2.0,2.0,0.0,0.0
N1,10/09/2017,Heerenveen,PSV Eindhoven,2.0,0.0,H,2.0,0.0,H,5.25,4.33,1.55,5.0,4.25,1.62,4.8,4.0,1.6,2017/18,€39.13m,€174.45m,5.2,4.33,1.6,19.0,7.0,3.0,3.0,10.0,14.0,8.0,4.0,0.0,3.0,0.0,1.0
N1,10/09/2017,Sparta Rotterdam,Twente,1.0,0.0,H,1.0,0.0,H,2.25,3.5,3.0,2.25,3.4,3.2,2.2,3.4,2.9,2017/18,€15.45m,€22.15m,2.3,3.6,3.0,10.0,12.0,1.0,1.0,14.0,13.0,5.0,9.0,2.0,2.0,0.0,1.0
N1,10/09/2017,Utrecht,Roda,2.0,0.0,H,1.0,0.0,H,1.36,4.75,8.5,1.36,5.0,8.5,1.36,4.6,8.5,2017/18,€46.63m,€13.28m,1.33,5.0,9.5,27.0,3.0,10.0,1.0,12.0,8.0,9.0,0.0,0.0,0.0,0.0,0.0
N1,15/09/2017,Sparta Rotterdam,AZ Alkmaar,0.0,2.0,A,0.0,1.0,A,4.33,3.75,1.75,4.25,3.9,1.8,3.5,3.5,1.95,2017/18,€15.45m,€70.68m,4.2,3.9,1.8,15.0,15.0,7.0,5.0,9.0,9.0,8.0,8.0,1.0,0.0,0.0,0.0
N1,16/09/2017,Excelsior,Heerenveen,1.0,2.0,A,1.0,0.0,H,3.3,3.6,2.05,3.3,3.5,2.15,3.1,3.4,2.1,2017/18,€14.80m,€39.13m,3.4,3.6,2.1,12.0,16.0,5.0,5.0,13.0,12.0,5.0,3.0,0.0,0.0,0.0,0.0
N1,16/09/2017,NAC Breda,Groningen,2.0,1.0,H,0.0,0.0,D,3.2,3.25,2.25,3.0,3.3,2.4,2.8,3.4,2.3,2017/18,€17.15m,€30.30m,2.9,3.5,2.38,12.0,8.0,7.0,4.0,9.0,11.0,1.0,1.0,3.0,3.0,0.0,0.0
N1,16/09/2017,Roda,Willem II,1.0,3.0,A,1.0,3.0,A,2.2,3.4,3.2,2.3,3.4,3.1,2.2,3.2,3.1,2017/18,€13.28m,€18.65m,2.3,3.4,3.13,12.0,11.0,4.0,6.0,14.0,7.0,5.0,3.0,2.0,2.0,0.0,0.0
N1,16/09/2017,Zwolle,Heracles,2.0,1.0,H,1.0,0.0,H,1.8,3.8,4.0,1.78,3.9,4.33,1.8,3.7,3.8,2017/18,€26.33m,€22.25m,1.75,4.0,4.33,21.0,7.0,7.0,4.0,17.0,15.0,8.0,4.0,5.0,3.0,0.0,0.0
N1,17/09/2017,Den Haag,Ajax,1.0,1.0,D,0.0,1.0,A,10.0,6.0,1.25,10.0,6.0,1.28,11.0,5.5,1.25,2017/18,€23.63m,€251.00m,12.0,6.0,1.25,10.0,19.0,2.0,6.0,12.0,13.0,1.0,8.0,3.0,4.0,0.0,0.0
N1,17/09/2017,PSV Eindhoven,Feyenoord,1.0,0.0,H,1.0,0.0,H,2.05,3.6,3.3,2.1,3.4,3.6,2.05,3.4,3.25,2017/18,€174.45m,€104.20m,2.05,3.6,3.4,18.0,16.0,5.0,5.0,19.0,15.0,5.0,7.0,2.0,5.0,0.0,1.0
N1,17/09/2017,Twente,Utrecht,4.0,0.0,H,3.0,0.0,H,3.5,3.75,1.95,4.0,3.5,1.95,3.4,3.4,2.0,2017/18,€22.15m,€46.63m,3.8,3.7,1.93,12.0,8.0,8.0,1.0,17.0,10.0,5.0,6.0,1.0,2.0,0.0,0.0
N1,17/09/2017,Vitesse,VVV Venlo,1.0,1.0,D,0.0,0.0,D,1.62,4.0,5.0,1.67,4.1,4.75,1.67,3.75,4.5,2017/18,€39.78m,€13.58m,1.7,4.0,4.75,20.0,5.0,6.0,3.0,14.0,16.0,9.0,3.0,5.0,1.0,0.0,0.0
N1,23/09/2017,Den Haag,Sparta Rotterdam,1.0,0.0,H,0.0,0.0,D,2.15,3.5,3.2,2.15,3.5,3.3,2.15,3.3,3.2,2017/18,€23.63m,€15.45m,2.15,3.5,3.3,16.0,10.0,5.0,5.0,13.0,12.0,6.0,4.0,2.0,1.0,0.0,0.0
N1,23/09/2017,Feyenoord,NAC Breda,0.0,2.0,A,0.0,1.0,A,1.17,7.5,13.0,1.17,7.5,16.0,1.15,7.0,19.0,2017/18,€104.20m,€17.15m,1.17,7.5,17.0,20.0,6.0,5.0,5.0,14.0,12.0,13.0,1.0,0.0,2.0,0.0,0.0
N1,23/09/2017,Heracles,Roda,2.0,1.0,H,0.0,1.0,A,1.62,4.0,5.0,1.6,4.1,5.5,1.67,3.8,4.6,2017/18,€22.25m,€13.28m,1.67,4.0,5.0,23.0,7.0,5.0,3.0,6.0,12.0,15.0,1.0,1.0,2.0,0.0,0.0
N1,23/09/2017,Willem II,Heerenveen,1.0,2.0,A,1.0,1.0,D,3.5,3.4,2.05,3.5,3.5,2.1,3.25,3.4,2.05,2017/18,€18.65m,€39.13m,3.4,3.6,2.1,12.0,11.0,4.0,5.0,11.0,11.0,5.0,4.0,0.0,2.0,0.0,0.0
N1,24/09/2017,Ajax,Vitesse,1.0,2.0,A,0.0,2.0,A,1.25,5.5,12.0,1.26,6.0,11.0,1.28,5.25,10.0,2017/18,€251.00m,€39.78m,1.29,6.0,9.5,18.0,8.0,5.0,4.0,12.0,18.0,11.0,4.0,2.0,3.0,0.0,0.0
N1,24/09/2017,AZ Alkmaar,Excelsior,0.0,2.0,A,0.0,2.0,A,1.3,5.0,10.0,1.33,5.25,9.5,1.3,5.0,8.5,2017/18,€70.68m,€14.80m,1.33,5.5,9.0,20.0,13.0,6.0,6.0,7.0,10.0,26.0,4.0,1.0,0.0,0.0,0.0
N1,24/09/2017,Groningen,Twente,1.0,0.0,H,0.0,0.0,D,2.0,3.6,3.5,2.1,3.7,3.3,2.0,3.5,3.25,2017/18,€30.30m,€22.15m,2.1,3.6,3.4,13.0,16.0,3.0,5.0,11.0,12.0,8.0,4.0,2.0,3.0,0.0,0.0
N1,24/09/2017,Utrecht,PSV Eindhoven,1.0,7.0,A,1.0,2.0,A,3.4,3.75,2.0,3.7,3.8,1.95,3.4,3.5,1.95,2017/18,€46.63m,€174.45m,3.5,3.75,2.0,15.0,12.0,4.0,9.0,16.0,15.0,5.0,3.0,2.0,2.0,1.0,0.0
N1,24/09/2017,VVV Venlo,Zwolle,1.0,1.0,D,0.0,1.0,A,2.3,3.4,3.0,2.25,3.5,3.1,2.2,3.4,2.9,2017/18,€13.58m,€26.33m,2.3,3.5,3.0,12.0,13.0,5.0,2.0,14.0,8.0,4.0,4.0,2.0,1.0,0.0,0.0
N1,29/09/2017,Twente,Heracles,2.0,1.0,H,1.0,0.0,H,1.91,3.75,3.6,1.85,3.6,4.0,1.91,3.6,3.5,2017/18,€22.15m,€22.25m,1.95,3.75,3.7,16.0,14.0,7.0,1.0,18.0,14.0,4.0,2.0,1.0,2.0,0.0,0.0
N1,30/09/2017,Excelsior,VVV Venlo,0.0,2.0,A,0.0,1.0,A,2.15,3.3,3.4,2.2,3.3,3.2,2.25,3.2,3.0,2017/18,€14.80m,€13.58m,2.3,3.3,3.25,3.0,14.0,1.0,4.0,15.0,14.0,2.0,4.0,3.0,1.0,0.0,0.0
N1,30/09/2017,NAC Breda,Den Haag,0.0,1.0,A,0.0,0.0,D,2.25,3.25,3.2,2.2,3.3,3.2,2.15,3.25,3.2,2017/18,€17.15m,€23.63m,2.2,3.4,3.3,15.0,10.0,4.0,3.0,8.0,16.0,9.0,6.0,3.0,2.0,0.0,0.0
N1,30/09/2017,PSV Eindhoven,Willem II,4.0,0.0,H,0.0,0.0,D,1.17,7.0,15.0,1.17,6.75,14.5,1.18,6.5,15.0,2017/18,€174.45m,€18.65m,1.18,7.0,17.0,20.0,7.0,9.0,5.0,9.0,10.0,3.0,2.0,0.0,3.0,0.0,0.0
N1,30/09/2017,Zwolle,Groningen,3.0,2.0,H,1.0,1.0,D,2.0,3.4,3.75,2.05,3.6,3.3,2.0,3.5,3.4,2017/18,€26.33m,€30.30m,2.0,3.75,3.5,23.0,13.0,12.0,5.0,13.0,14.0,3.0,4.0,4.0,1.0,0.0,1.0
N1,01/10/2017,AZ Alkmaar,Feyenoord,0.0,4.0,A,0.0,3.0,A,3.1,3.4,2.25,3.0,3.4,2.25,2.87,3.4,2.25,2017/18,€70.68m,€104.20m,3.0,3.6,2.3,9.0,10.0,2.0,4.0,16.0,13.0,5.0,2.0,0.0,0.0,0.0,0.0
N1,01/10/2017,Heerenveen,Ajax,0.0,4.0,A,0.0,2.0,A,4.75,4.0,1.67,4.5,4.0,1.67,4.33,3.75,1.7,2017/18,€39.13m,€251.00m,4.6,4.0,1.73,14.0,19.0,4.0,8.0,17.0,18.0,6.0,4.0,5.0,3.0,0.0,0.0
N1,01/10/2017,Sparta Rotterdam,Roda,1.0,2.0,A,0.0,2.0,A,1.73,3.5,5.0,1.78,3.5,4.5,1.83,3.5,4.0,2017/18,€15.45m,€13.28m,1.8,3.6,4.6,21.0,5.0,8.0,2.0,15.0,15.0,12.0,5.0,1.0,3.0,0.0,0.0
N1,01/10/2017,Vitesse,Utrecht,1.0,1.0,D,0.0,0.0,D,2.2,3.25,3.3,2.15,3.4,3.2,2.2,3.3,3.0,2017/18,€39.78m,€46.63m,2.3,3.5,3.0,14.0,7.0,4.0,1.0,10.0,18.0,4.0,3.0,2.0,2.0,0.0,0.0
N1,14/10/2017,Ajax,Sparta Rotterdam,4.0,0.0,H,1.0,0.0,H,1.13,8.5,17.0,1.12,9.25,19.0,1.11,8.5,23.0,2017/18,€251.00m,€15.45m,1.11,9.0,26.0,25.0,6.0,14.0,2.0,16.0,18.0,8.0,1.0,1.0,1.0,0.0,0.0
N1,14/10/2017,Feyenoord,Zwolle,0.0,0.0,D,0.0,0.0,D,1.33,5.0,9.0,1.4,4.75,8.0,1.33,4.8,7.5,2017/18,€104.20m,€26.33m,1.33,5.5,8.5,18.0,10.0,5.0,3.0,9.0,18.0,10.0,4.0,2.0,3.0,0.0,0.0
N1,14/10/2017,Roda,NAC Breda,1.0,0.0,H,0.0,0.0,D,2.88,3.25,2.45,2.8,3.5,2.45,2.7,3.25,2.45,2017/18,€13.28m,€17.15m,2.88,3.3,2.5,12.0,9.0,4.0,3.0,14.0,12.0,4.0,1.0,1.0,2.0,0.0,0.0
N1,14/10/2017,Utrecht,Heerenveen,3.0,1.0,H,2.0,1.0,H,1.91,3.6,3.8,1.95,3.9,3.6,1.95,3.5,3.5,2017/18,€46.63m,€39.13m,1.95,3.75,3.7,10.0,8.0,4.0,2.0,10.0,15.0,2.0,8.0,2.0,2.0,0.0,0.0
N1,15/10/2017,Den Haag,Excelsior,1.0,2.0,A,1.0,1.0,D,2.1,3.4,3.4,2.1,3.6,3.4,2.1,3.3,3.25,2017/18,€23.63m,€14.80m,2.15,3.5,3.4,8.0,11.0,3.0,6.0,12.0,23.0,8.0,4.0,4.0,4.0,1.0,0.0
N1,15/10/2017,Groningen,AZ Alkmaar,1.0,1.0,D,0.0,1.0,A,3.5,3.5,2.05,3.6,3.5,2.05,3.1,3.6,2.05,2017/18,€30.30m,€70.68m,3.1,3.75,2.15,8.0,22.0,4.0,8.0,14.0,10.0,4.0,7.0,4.0,1.0,0.0,0.0
N1,15/10/2017,Heracles,Vitesse,1.0,1.0,D,0.0,0.0,D,3.4,3.4,2.1,3.5,3.6,2.05,3.25,3.5,2.05,2017/18,€22.25m,€39.78m,3.5,3.6,2.05,12.0,12.0,4.0,3.0,16.0,20.0,2.0,4.0,1.0,1.0,0.0,0.0
N1,15/10/2017,VVV Venlo,PSV Eindhoven,2.0,5.0,A,1.0,1.0,D,7.0,4.33,1.44,6.75,4.5,1.48,6.0,4.2,1.44,2017/18,€13.58m,€174.45m,6.0,4.5,1.5,9.0,34.0,6.0,13.0,8.0,9.0,4.0,11.0,1.0,2.0,1.0,0.0
N1,15/10/2017,Willem II,Twente,3.0,1.0,H,1.0,1.0,D,2.45,3.3,2.8,2.55,3.3,2.8,2.45,3.3,2.65,2017/18,€18.65m,€22.15m,2.55,3.4,2.75,6.0,10.0,4.0,3.0,17.0,16.0,2.0,1.0,3.0,1.0,0.0,0.0
N1,20/10/2017,Groningen,Willem II,0.0,1.0,A,0.0,1.0,A,1.83,3.6,4.2,1.85,3.8,4.1,1.91,3.5,3.7,2017/18,€30.30m,€18.65m,1.85,3.8,4.1,15.0,10.0,5.0,3.0,11.0,17.0,4.0,7.0,2.0,0.0,1.0,0.0
N1,21/10/2017,Excelsior,Sparta Rotterdam,1.0,1.0,D,0.0,0.0,D,2.0,3.5,3.6,2.05,3.5,3.6,2.0,3.4,3.4,2017/18,€14.80m,€15.45m,2.05,3.5,3.6,8.0,15.0,4.0,6.0,20.0,14.0,4.0,12.0,4.0,2.0,0.0,0.0
N1,21/10/2017,NAC Breda,Zwolle,0.0,2.0,A,0.0,1.0,A,2.87,3.39,2.37,2.7,3.6,2.5,2.75,3.3,2.35,2017/18,€17.15m,€26.33m,2.8,3.5,2.45,15.0,22.0,6.0,8.0,11.0,12.0,9.0,7.0,2.0,2.0,0.0,0.0
N1,21/10/2017,Twente,Roda,3.0,0.0,H,1.0,0.0,H,1.55,4.0,5.75,1.57,4.0,6.25,1.57,3.9,5.2,2017/18,€22.15m,€13.28m,1.57,4.2,5.75,13.0,5.0,5.0,2.0,10.0,11.0,4.0,2.0,2.0,2.0,0.0,0.0
N1,21/10/2017,VVV Venlo,Den Haag,0.0,2.0,A,0.0,0.0,D,1.85,3.89,3.75,1.91,3.6,4.0,1.85,3.4,4.0,2017/18,€13.58m,€23.63m,1.85,3.7,4.2,9.0,5.0,4.0,2.0,10.0,11.0,7.0,3.0,2.0,0.0,0.0,0.0
N1,22/10/2017,AZ Alkmaar,Utrecht,3.0,0.0,H,1.0,0.0,H,2.0,3.75,3.39,2.05,3.8,3.3,2.0,3.6,3.2,2017/18,€70.68m,€46.63m,2.1,3.9,3.1,14.0,10.0,6.0,3.0,16.0,14.0,5.0,5.0,3.0,2.0,0.0,0.0
N1,22/10/2017,Feyenoord,Ajax,1.0,4.0,A,0.0,0.0,D,2.79,3.39,2.39,3.0,3.5,2.3,2.8,3.3,2.3,2017/18,€104.20m,€251.00m,2.8,3.5,2.45,10.0,13.0,4.0,7.0,18.0,20.0,1.0,5.0,2.0,4.0,0.0,0.0
N1,22/10/2017,Heerenveen,Vitesse,0.0,4.0,A,0.0,2.0,A,2.04,3.6,3.29,2.0,3.7,3.6,2.0,3.5,3.3,2017/18,€39.13m,€39.78m,2.15,3.6,3.25,9.0,13.0,2.0,5.0,17.0,13.0,2.0,4.0,0.0,0.0,0.0,0.0
N1,22/10/2017,PSV Eindhoven,Heracles,3.0,0.0,H,1.0,0.0,H,1.16,7.0,15.0,1.19,7.5,13.0,1.17,7.0,15.0,2017/18,€174.45m,€22.25m,1.17,8.0,15.0,24.0,7.0,6.0,3.0,14.0,16.0,11.0,4.0,1.0,3.0,0.0,1.0
N1,27/10/2017,Twente,Excelsior,1.0,3.0,A,1.0,1.0,D,1.72,3.79,4.5,1.83,3.7,4.33,1.75,3.7,4.2,2017/18,€22.15m,€14.80m,1.75,3.9,4.5,17.0,8.0,7.0,5.0,11.0,18.0,10.0,3.0,2.0,1.0,0.0,0.0
N1,28/10/2017,Heracles,VVV Venlo,3.0,0.0,H,2.0,0.0,H,2.37,3.6,2.75,2.3,3.6,2.95,2.35,3.4,2.75,2017/18,€22.25m,€13.58m,2.4,3.6,2.8,19.0,14.0,9.0,5.0,10.0,10.0,8.0,3.0,1.0,1.0,0.0,0.0
N1,28/10/2017,Roda,Feyenoord,1.0,1.0,D,1.0,1.0,D,9.0,5.5,1.3,10.5,5.25,1.3,9.5,4.8,1.3,2017/18,€13.28m,€104.20m,10.0,5.5,1.3,9.0,32.0,2.0,10.0,13.0,11.0,3.0,16.0,1.0,1.0,0.0,0.0
N1,28/10/2017,Willem II,Ajax,1.0,3.0,A,0.0,0.0,D,11.0,5.75,1.25,12.5,5.75,1.26,12.0,5.5,1.25,2017/18,€18.65m,€251.00m,12.0,6.0,1.25,10.0,24.0,4.0,6.0,11.0,13.0,7.0,10.0,2.0,1.0,0.0,0.0
N1,28/10/2017,Zwolle,Den Haag,2.0,0.0,H,2.0,0.0,H,1.6,4.0,5.5,1.65,4.0,5.25,1.61,3.8,4.75,2017/18,€26.33m,€23.63m,1.62,4.2,5.25,14.0,6.0,6.0,0.0,12.0,17.0,2.0,4.0,0.0,3.0,0.0,0.0
N1,29/10/2017,Heerenveen,AZ Alkmaar,1.0,2.0,A,1.0,0.0,H,2.5,3.6,2.6,2.55,3.6,2.65,2.45,3.5,2.55,2017/18,€39.13m,€70.68m,2.5,3.8,2.6,8.0,20.0,4.0,6.0,21.0,16.0,2.0,4.0,3.0,4.0,0.0,0.0
N1,29/10/2017,Sparta Rotterdam,Groningen,2.0,1.0,H,2.0,1.0,H,2.2,3.5,3.1,2.25,3.4,3.2,2.2,3.4,2.9,2017/18,€15.45m,€30.30m,2.3,3.6,3.0,18.0,15.0,4.0,5.0,10.0,9.0,9.0,6.0,1.0,0.0,1.0,0.0
N1,29/10/2017,Utrecht,NAC Breda,2.0,2.0,D,1.0,1.0,D,1.39,4.75,7.0,1.42,4.6,7.75,1.4,4.5,7.0,2017/18,€46.63m,€17.15m,1.4,5.0,7.5,23.0,15.0,8.0,4.0,16.0,11.0,13.0,4.0,3.0,3.0,0.0,0.0
N1,29/10/2017,Vitesse,PSV Eindhoven,2.0,4.0,A,1.0,1.0,D,4.75,4.0,1.66,4.5,4.1,1.72,4.4,3.8,1.67,2017/18,€39.78m,€174.45m,4.5,4.0,1.73,11.0,20.0,4.0,9.0,13.0,15.0,7.0,2.0,3.0,4.0,0.0,0.0
N1,03/11/2017,Sparta Rotterdam,Heerenveen,0.0,0.0,D,0.0,0.0,D,3.0,3.5,2.25,3.1,3.4,2.3,2.9,3.4,2.2,2017/18,€15.45m,€39.13m,3.0,3.6,2.3,8.0,8.0,1.0,2.0,11.0,19.0,4.0,7.0,2.0,2.0,0.0,0.0
N1,04/11/2017,AZ Alkmaar,Willem II,3.0,2.0,H,1.0,1.0,D,1.36,5.0,7.5,1.4,5.0,7.5,1.4,4.6,7.0,2017/18,€70.68m,€18.65m,1.4,5.0,7.5,19.0,7.0,9.0,2.0,12.0,8.0,5.0,4.0,2.0,1.0,1.0,0.0
N1,04/11/2017,Excelsior,Roda,1.0,0.0,H,1.0,0.0,H,1.7,3.6,5.0,1.72,3.7,5.0,1.7,3.6,4.5,2017/18,€14.80m,€13.28m,1.73,3.8,4.8,15.0,7.0,4.0,3.0,14.0,12.0,1.0,5.0,1.0,0.0,0.0,1.0
N1,04/11/2017,Heracles,Groningen,2.0,1.0,H,1.0,1.0,D,2.25,3.5,3.0,2.15,3.6,3.25,2.15,3.6,2.9,2017/18,€22.25m,€30.30m,2.2,3.75,3.0,19.0,19.0,5.0,5.0,15.0,16.0,6.0,7.0,1.0,2.0,0.0,0.0
N1,04/11/2017,VVV Venlo,NAC Breda,0.0,0.0,D,0.0,0.0,D,1.9,3.6,3.79,1.95,3.6,3.8,1.95,3.4,3.6,2017/18,€13.58m,€17.15m,1.95,3.6,3.8,10.0,10.0,0.0,4.0,14.0,9.0,3.0,4.0,0.0,2.0,0.0,0.0
N1,05/11/2017,Ajax,Utrecht,1.0,2.0,A,1.0,1.0,D,1.25,6.0,10.0,1.25,6.0,12.5,1.25,5.75,10.0,2017/18,€251.00m,€46.63m,1.25,6.5,10.5,18.0,8.0,4.0,5.0,9.0,18.0,10.0,2.0,2.0,3.0,0.0,0.0
N1,05/11/2017,Den Haag,Feyenoord,2.0,2.0,D,1.0,1.0,D,6.25,4.75,1.44,6.75,4.75,1.44,6.0,4.2,1.5,2017/18,€23.63m,€104.20m,6.5,4.5,1.5,12.0,17.0,4.0,7.0,6.0,8.0,11.0,2.0,0.0,1.0,0.0,0.0
N1,05/11/2017,PSV Eindhoven,Twente,4.0,3.0,H,1.0,1.0,D,1.16,7.5,15.0,1.16,8.25,14.5,1.2,6.5,13.0,2017/18,€174.45m,€22.15m,1.18,8.0,13.0,18.0,10.0,8.0,4.0,6.0,16.0,8.0,6.0,1.0,2.0,0.0,0.0
N1,05/11/2017,Vitesse,Zwolle,0.0,0.0,D,0.0,0.0,D,1.85,3.79,3.79,1.9,3.6,4.1,1.87,3.6,3.6,2017/18,€39.78m,€26.33m,1.91,3.8,3.8,10.0,8.0,2.0,3.0,12.0,14.0,7.0,1.0,0.0,0.0,0.0,0.0
N1,18/11/2017,Feyenoord,VVV Venlo,1.0,1.0,D,0.0,0.0,D,1.25,6.0,10.0,1.26,6.0,11.5,1.25,5.5,11.0,2017/18,€104.20m,€13.58m,1.25,6.25,11.5,22.0,2.0,8.0,1.0,11.0,10.0,13.0,1.0,0.0,2.0,0.0,0.0
N1,18/11/2017,NAC Breda,Ajax,0.0,8.0,A,0.0,5.0,A,11.0,5.75,1.25,10.5,5.75,1.28,11.0,5.25,1.25,2017/18,€17.15m,€251.00m,11.0,6.25,1.25,13.0,30.0,6.0,14.0,6.0,7.0,3.0,9.0,1.0,0.0,0.0,0.0
N1,18/11/2017,Twente,Heerenveen,0.0,4.0,A,0.0,2.0,A,2.37,3.5,2.79,2.35,3.5,2.95,2.3,3.4,2.75,2017/18,€22.15m,€39.13m,2.4,3.6,2.8,10.0,11.0,1.0,7.0,14.0,12.0,5.0,6.0,2.0,1.0,0.0,0.0
N1,18/11/2017,Willem II,Sparta Rotterdam,2.0,2.0,D,0.0,2.0,A,2.04,3.39,3.6,2.05,3.4,3.75,2.05,3.3,3.4,2017/18,€18.65m,€15.45m,2.1,3.5,3.5,12.0,6.0,4.0,3.0,14.0,11.0,7.0,2.0,2.0,1.0,0.0,0.0
N1,19/11/2017,Den Haag,Heracles,4.0,1.0,H,1.0,1.0,D,2.14,3.39,3.25,2.3,3.5,3.0,2.2,3.4,2.9,2017/18,€23.63m,€22.25m,2.25,3.5,3.13,25.0,14.0,10.0,8.0,5.0,7.0,9.0,8.0,0.0,2.0,0.0,0.0
N1,19/11/2017,Groningen,Vitesse,4.0,2.0,H,0.0,1.0,A,2.89,3.6,2.25,3.3,3.5,2.15,3.0,3.4,2.15,2017/18,€30.30m,€39.78m,3.1,3.6,2.2,12.0,20.0,4.0,6.0,13.0,17.0,2.0,2.0,6.0,4.0,1.0,0.0
N1,19/11/2017,Roda,AZ Alkmaar,0.0,1.0,A,0.0,0.0,D,6.25,4.2,1.5,6.5,4.2,1.53,5.25,4.2,1.53,2017/18,€13.28m,€70.68m,5.5,4.5,1.55,10.0,15.0,3.0,4.0,14.0,16.0,1.0,7.0,0.0,2.0,0.0,0.0
N1,19/11/2017,Utrecht,Excelsior,3.0,1.0,H,1.0,0.0,H,1.44,4.2,7.5,1.5,4.33,6.5,1.5,4.2,6.0,2017/18,€46.63m,€14.80m,1.5,4.4,6.5,19.0,15.0,7.0,7.0,6.0,9.0,9.0,8.0,0.0,1.0,0.0,0.0
N1,19/11/2017,Zwolle,PSV Eindhoven,0.0,1.0,A,0.0,0.0,D,6.0,3.79,1.57,6.0,3.9,1.6,4.75,4.0,1.6,2017/18,€26.33m,€174.45m,5.0,4.3,1.62,19.0,11.0,7.0,5.0,14.0,17.0,6.0,5.0,1.0,3.0,0.0,0.0
N1,24/11/2017,AZ Alkmaar,Twente,2.0,0.0,H,0.0,0.0,D,1.44,4.5,6.5,1.44,4.75,7.0,1.44,4.5,6.5,2017/18,€70.68m,€22.15m,1.44,5.0,6.5,24.0,10.0,7.0,3.0,9.0,12.0,4.0,4.0,0.0,1.0,0.0,0.0
N1,25/11/2017,Groningen,Feyenoord,0.0,2.0,A,0.0,0.0,D,5.75,4.0,1.55,5.5,4.1,1.6,5.2,4.0,1.57,2017/18,€30.30m,€104.20m,5.75,4.3,1.55,9.0,15.0,1.0,8.0,7.0,6.0,4.0,7.0,0.0,0.0,0.0,0.0
N1,25/11/2017,Heerenveen,Zwolle,1.0,2.0,A,1.0,1.0,D,1.9,3.75,3.6,1.91,3.75,3.8,1.87,3.6,3.7,2017/18,€39.13m,€26.33m,1.87,3.8,4.0,11.0,9.0,6.0,4.0,16.0,10.0,6.0,2.0,3.0,3.0,0.0,0.0
N1,25/11/2017,Heracles,NAC Breda,2.0,1.0,H,2.0,1.0,H,1.83,3.75,4.0,1.85,3.8,4.0,1.85,3.6,3.7,2017/18,€22.25m,€17.15m,1.87,4.0,3.8,19.0,13.0,9.0,3.0,8.0,10.0,6.0,5.0,1.0,2.0,0.0,0.0
N1,25/11/2017,VVV Venlo,Willem II,3.0,3.0,D,1.0,0.0,H,2.04,3.29,3.6,2.15,3.3,3.5,2.1,3.25,3.3,2017/18,€13.58m,€18.65m,2.15,3.4,3.5,17.0,10.0,9.0,6.0,7.0,18.0,8.0,2.0,0.0,4.0,0.0,0.0
N1,26/11/2017,Ajax,Roda,5.0,1.0,H,1.0,1.0,D,1.06,11.0,29.0,1.06,13.0,29.0,1.06,13.0,46.0,2017/18,€251.00m,€13.28m,1.05,15.0,31.0,22.0,8.0,8.0,4.0,5.0,7.0,10.0,2.0,0.0,1.0,0.0,0.0
N1,26/11/2017,Excelsior,PSV Eindhoven,1.0,2.0,A,0.0,2.0,A,9.0,5.0,1.33,8.5,5.25,1.35,8.5,4.8,1.33,2017/18,€14.80m,€174.45m,8.5,5.4,1.33,11.0,22.0,4.0,8.0,16.0,12.0,6.0,5.0,2.0,1.0,0.0,0.0
N1,26/11/2017,Sparta Rotterdam,Utrecht,1.0,3.0,A,0.0,1.0,A,3.39,3.5,2.04,3.5,3.6,2.05,3.4,3.4,2.0,2017/18,€15.45m,€46.63m,3.5,3.6,2.05,11.0,12.0,3.0,6.0,11.0,18.0,8.0,7.0,1.0,2.0,0.0,0.0
N1,26/11/2017,Vitesse,Den Haag,2.0,0.0,H,0.0,0.0,D,1.6,4.09,5.0,1.67,3.8,5.25,1.61,3.8,4.75,2017/18,€39.78m,€23.63m,1.65,4.1,5.0,14.0,5.0,5.0,0.0,9.0,11.0,7.0,3.0,1.0,3.0,0.0,1.0
N1,01/12/2017,Zwolle,Utrecht,1.0,1.0,D,0.0,1.0,A,2.37,3.5,2.79,2.4,3.5,2.85,2.35,3.4,2.7,2017/18,€26.33m,€46.63m,2.4,3.6,2.8,14.0,13.0,4.0,7.0,9.0,18.0,6.0,2.0,1.0,2.0,0.0,0.0
N1,02/12/2017,Den Haag,Groningen,0.0,3.0,A,0.0,1.0,A,2.25,3.5,3.0,2.2,3.5,3.2,2.15,3.4,3.0,2017/18,€23.63m,€30.30m,2.2,3.7,3.1,14.0,11.0,5.0,5.0,7.0,14.0,6.0,3.0,0.0,3.0,0.0,0.0
N1,02/12/2017,Feyenoord,Vitesse,1.0,0.0,H,1.0,0.0,H,1.44,4.33,7.0,1.45,4.6,7.0,1.44,4.25,6.5,2017/18,€104.20m,€39.78m,1.44,4.6,6.0,18.0,13.0,8.0,2.0,12.0,13.0,5.0,8.0,1.0,1.0,0.0,0.0
N1,02/12/2017,Twente,Ajax,3.0,3.0,D,0.0,2.0,A,11.0,5.0,1.3,9.0,5.25,1.33,9.0,5.0,1.3,2017/18,€22.15m,€251.00m,10.0,5.5,1.3,19.0,24.0,10.0,12.0,18.0,17.0,4.0,10.0,4.0,3.0,0.0,0.0
N1,02/12/2017,Willem II,Heracles,3.0,1.0,H,3.0,0.0,H,2.2,3.5,3.1,2.15,3.5,3.3,2.15,3.4,3.0,2017/18,€18.65m,€22.25m,2.2,3.7,3.1,27.0,11.0,5.0,3.0,8.0,16.0,8.0,3.0,0.0,0.0,0.0,0.0
N1,03/12/2017,NAC Breda,Excelsior,3.0,1.0,H,1.0,0.0,H,2.37,3.29,2.89,2.45,3.3,2.95,2.35,3.25,2.87,2017/18,€17.15m,€14.80m,2.38,3.5,2.9,22.0,12.0,8.0,4.0,10.0,13.0,4.0,2.0,3.0,1.0,0.0,0.0
N1,03/12/2017,PSV Eindhoven,Sparta Rotterdam,1.0,0.0,H,0.0,0.0,D,1.12,8.0,19.0,1.15,8.25,17.0,1.14,7.5,19.0,2017/18,€174.45m,€15.45m,1.13,9.0,18.0,22.0,6.0,6.0,4.0,13.0,16.0,9.0,5.0,1.0,1.0,0.0,0.0
N1,03/12/2017,Roda,Heerenveen,2.0,1.0,H,0.0,0.0,D,3.79,3.79,1.85,4.0,3.7,1.9,3.8,3.6,1.83,2017/18,€13.28m,€39.13m,4.1,3.8,1.85,6.0,18.0,3.0,6.0,10.0,9.0,1.0,4.0,2.0,0.0,0.0,0.0
N1,03/12/2017,VVV Venlo,AZ Alkmaar,0.0,2.0,A,0.0,0.0,D,4.0,4.2,1.72,4.2,4.0,1.78,4.2,3.7,1.75,2017/18,€13.58m,€70.68m,4.4,4.0,1.75,14.0,18.0,5.0,3.0,8.0,11.0,3.0,4.0,0.0,1.0,0.0,0.0
N1,08/12/2017,Willem II,NAC Breda,1.0,1.0,D,1.0,0.0,H,1.75,3.7,4.5,1.83,3.75,4.25,1.8,3.6,4.0,2017/18,€18.65m,€17.15m,1.8,3.75,4.33,15.0,10.0,3.0,1.0,9.0,7.0,7.0,4.0,0.0,2.0,0.0,0.0
N1,09/12/2017,AZ Alkmaar,Heracles,5.0,0.0,H,0.0,0.0,D,1.36,5.0,7.5,1.42,5.0,6.75,1.4,4.8,6.5,2017/18,€70.68m,€22.25m,1.4,5.2,7.0,25.0,4.0,13.0,1.0,8.0,9.0,10.0,0.0,0.0,0.0,0.0,0.0
N1,09/12/2017,Excelsior,Zwolle,1.0,2.0,A,0.0,0.0,D,3.2,3.39,2.2,3.2,3.4,2.25,3.1,3.3,2.15,2017/18,€14.80m,€26.33m,3.25,3.5,2.2,11.0,15.0,4.0,8.0,13.0,11.0,3.0,4.0,6.0,0.0,1.0,0.0
N1,09/12/2017,Heerenveen,VVV Venlo,2.0,2.0,D,1.0,1.0,D,1.64,3.79,5.0,1.67,4.0,5.0,1.66,3.7,4.75,2017/18,€39.13m,€13.58m,1.67,4.0,5.0,18.0,11.0,8.0,5.0,11.0,12.0,6.0,4.0,1.0,1.0,0.0,0.0
N1,09/12/2017,Twente,Den Haag,2.0,3.0,A,2.0,2.0,D,1.9,3.5,4.0,1.9,3.5,4.2,1.9,3.4,3.7,2017/18,€22.15m,€23.63m,1.91,3.7,3.9,14.0,11.0,5.0,7.0,15.0,21.0,9.0,5.0,2.0,3.0,0.0,0.0
N1,10/12/2017,Ajax,PSV Eindhoven,3.0,0.0,H,0.0,0.0,D,1.8,3.6,4.33,1.83,3.8,4.2,1.83,3.6,3.8,2017/18,€251.00m,€174.45m,1.83,3.9,4.0,11.0,7.0,3.0,3.0,13.0,16.0,8.0,4.0,3.0,4.0,0.0,0.0
N1,10/12/2017,Roda,Groningen,2.0,2.0,D,2.0,1.0,H,2.89,3.5,2.29,3.1,3.5,2.25,2.8,3.4,2.25,2017/18,€13.28m,€30.30m,2.88,3.6,2.38,11.0,9.0,5.0,2.0,10.0,12.0,3.0,3.0,1.0,0.0,1.0,0.0
N1,12/12/2017,NAC Breda,Twente,1.0,2.0,A,0.0,0.0,D,2.45,3.5,2.7,2.5,3.5,2.75,2.45,3.4,2.6,2017/18,€17.15m,€22.15m,2.5,3.6,2.7,19.0,20.0,2.0,4.0,15.0,18.0,4.0,7.0,2.0,4.0,1.0,0.0
N1,12/12/2017,Zwolle,AZ Alkmaar,1.0,1.0,D,1.0,1.0,D,3.2,3.39,2.2,3.25,3.6,2.15,3.0,3.5,2.1,2017/18,€26.33m,€70.68m,3.1,3.8,2.15,14.0,10.0,5.0,3.0,12.0,16.0,4.0,4.0,2.0,5.0,0.0,0.0
N1,13/12/2017,Den Haag,Roda,3.0,2.0,H,1.0,2.0,A,1.72,3.75,4.5,1.67,4.0,5.0,1.7,3.6,4.6,2017/18,€23.63m,€13.28m,1.7,3.9,4.8,17.0,6.0,7.0,2.0,18.0,17.0,5.0,3.0,1.0,3.0,0.0,1.0
N1,13/12/2017,Feyenoord,Heerenveen,1.0,1.0,D,1.0,1.0,D,1.36,4.75,8.5,1.4,4.75,7.75,1.36,4.6,7.5,2017/18,€104.20m,€39.13m,1.36,4.8,8.5,19.0,11.0,9.0,3.0,8.0,9.0,8.0,6.0,0.0,2.0,0.0,0.0
N1,13/12/2017,Vitesse,Willem II,2.0,2.0,D,1.0,1.0,D,1.57,3.79,6.0,1.65,3.8,5.5,1.6,3.75,5.2,2017/18,€39.78m,€18.65m,1.6,4.0,5.75,27.0,4.0,8.0,2.0,7.0,14.0,13.0,1.0,1.0,1.0,0.0,0.0
N1,13/12/2017,VVV Venlo,Utrecht,0.0,1.0,A,0.0,1.0,A,3.2,3.6,2.1,3.4,3.6,2.1,3.4,3.4,2.0,2017/18,€13.58m,€46.63m,3.5,3.6,2.05,14.0,17.0,2.0,4.0,5.0,11.0,8.0,5.0,1.0,3.0,0.0,0.0
N1,14/12/2017,Ajax,Excelsior,3.0,1.0,H,1.0,1.0,D,1.1,10.0,19.0,1.09,10.0,31.0,1.07,11.0,34.0,2017/18,€251.00m,€14.80m,1.06,11.0,41.0,22.0,11.0,7.0,3.0,11.0,13.0,7.0,1.0,1.0,5.0,0.0,0.0
N1,14/12/2017,Heracles,Sparta Rotterdam,3.0,2.0,H,1.0,0.0,H,2.14,3.6,3.1,2.1,3.6,3.4,2.15,3.4,3.0,2017/18,€22.25m,€15.45m,2.2,3.6,3.1,15.0,20.0,5.0,11.0,14.0,11.0,12.0,8.0,0.0,1.0,0.0,0.0
N1,16/12/2017,Heerenveen,NAC Breda,1.0,0.0,H,0.0,0.0,D,1.55,3.89,6.0,1.53,4.0,6.75,1.53,3.9,5.5,2017/18,€39.13m,€17.15m,1.57,4.2,5.75,17.0,9.0,5.0,2.0,23.0,14.0,10.0,2.0,1.0,0.0,0.0,0.0
N1,16/12/2017,PSV Eindhoven,Den Haag,3.0,0.0,H,3.0,0.0,H,1.16,7.0,15.0,1.16,9.0,13.5,1.18,6.5,15.0,2017/18,€174.45m,€23.63m,1.17,8.0,15.0,18.0,9.0,8.0,6.0,8.0,7.0,4.0,5.0,1.0,5.0,0.0,1.0
N1,16/12/2017,Roda,VVV Venlo,0.0,1.0,A,0.0,0.0,D,2.6,3.39,2.6,2.65,3.4,2.65,2.55,3.3,2.55,2017/18,€13.28m,€13.58m,2.7,3.5,2.55,8.0,16.0,0.0,7.0,15.0,9.0,7.0,6.0,0.0,1.0,1.0,0.0
N1,16/12/2017,Twente,Vitesse,1.0,1.0,D,1.0,1.0,D,3.0,3.5,2.25,2.95,3.5,2.35,2.8,3.3,2.3,2017/18,€22.15m,€39.78m,2.9,3.5,2.38,6.0,11.0,3.0,5.0,11.0,14.0,4.0,13.0,0.0,3.0,0.0,0.0
N1,16/12/2017,Willem II,Zwolle,2.0,3.0,A,2.0,1.0,H,3.0,3.39,2.29,2.85,3.4,2.45,2.8,3.3,2.35,2017/18,€18.65m,€26.33m,2.9,3.5,2.38,12.0,15.0,5.0,8.0,13.0,10.0,6.0,4.0,3.0,2.0,0.0,0.0
N1,17/12/2017,AZ Alkmaar,Ajax,1.0,2.0,A,1.0,1.0,D,3.39,3.75,2.0,3.5,3.75,2.0,3.4,3.5,1.95,2017/18,€70.68m,€251.00m,3.5,3.75,2.0,11.0,20.0,4.0,9.0,18.0,15.0,7.0,4.0,3.0,2.0,1.0,0.0
N1,17/12/2017,Excelsior,Groningen,2.0,0.0,H,1.0,0.0,H,2.39,3.39,2.79,2.4,3.5,2.9,2.3,3.4,2.8,2017/18,€14.80m,€30.30m,2.38,3.5,2.9,16.0,9.0,5.0,2.0,5.0,14.0,9.0,8.0,0.0,1.0,0.0,0.0
N1,17/12/2017,Sparta Rotterdam,Feyenoord,0.0,7.0,A,0.0,4.0,A,7.0,4.75,1.39,7.25,5.0,1.4,7.0,4.25,1.44,2017/18,€15.45m,€104.20m,7.5,4.75,1.4,5.0,21.0,3.0,12.0,14.0,9.0,3.0,9.0,3.0,1.0,0.0,0.0
N1,17/12/2017,Utrecht,Heracles,1.0,1.0,D,1.0,0.0,H,1.44,4.75,6.0,1.42,4.75,7.25,1.44,4.33,6.0,2017/18,€46.63m,€22.25m,1.45,4.75,6.5,16.0,8.0,4.0,3.0,18.0,16.0,2.0,2.0,1.0,1.0,0.0,0.0
N1,22/12/2017,Den Haag,Zwolle,4.0,0.0,H,2.0,0.0,H,2.89,3.39,2.35,2.9,3.4,2.45,2.75,3.3,2.35,2017/18,€23.63m,€26.33m,2.8,3.5,2.45,14.0,9.0,10.0,4.0,7.0,10.0,5.0,1.0,0.0,3.0,0.0,0.0
N1,23/12/2017,AZ Alkmaar,Heerenveen,3.0,1.0,H,0.0,0.0,D,1.7,4.0,4.5,1.67,4.1,4.75,1.67,3.9,4.4,2017/18,€70.68m,€39.13m,1.67,4.2,4.6,12.0,14.0,6.0,4.0,7.0,16.0,4.0,5.0,1.0,2.0,0.0,1.0
N1,23/12/2017,Excelsior,Twente,0.0,0.0,D,0.0,0.0,D,2.54,3.5,2.6,2.5,3.5,2.75,2.5,3.3,2.6,2017/18,€14.80m,€22.15m,2.55,3.5,2.7,8.0,9.0,1.0,2.0,10.0,15.0,4.0,5.0,1.0,2.0,0.0,0.0
N1,23/12/2017,NAC Breda,Utrecht,3.0,1.0,H,1.0,0.0,H,4.0,3.79,1.8,4.0,3.9,1.83,3.9,3.7,1.8,2017/18,€17.15m,€46.63m,4.1,3.8,1.83,13.0,16.0,6.0,6.0,2.0,16.0,4.0,4.0,2.0,3.0,0.0,1.0
N1,23/12/2017,PSV Eindhoven,Vitesse,2.0,1.0,H,1.0,1.0,D,1.36,5.0,7.5,1.36,5.0,8.5,1.36,4.6,7.5,2017/18,€174.45m,€39.78m,1.36,5.2,7.5,23.0,11.0,7.0,6.0,4.0,14.0,6.0,3.0,0.0,4.0,0.0,0.0
N1,24/12/2017,Ajax,Willem II,3.0,1.0,H,0.0,0.0,D,1.12,8.0,19.0,1.14,9.25,16.0,1.11,8.5,23.0,2017/18,€251.00m,€18.65m,1.11,9.5,23.0,28.0,10.0,11.0,3.0,8.0,10.0,12.0,4.0,1.0,2.0,0.0,0.0
N1,24/12/2017,Feyenoord,Roda,5.0,1.0,H,2.0,0.0,H,1.12,8.0,19.0,1.13,8.75,21.0,1.1,9.0,29.0,2017/18,€104.20m,€13.28m,1.13,9.0,21.0,18.0,9.0,9.0,4.0,9.0,9.0,6.0,5.0,0.0,1.0,0.0,0.0
N1,24/12/2017,Groningen,Sparta Rotterdam,4.0,0.0,H,0.0,0.0,D,1.95,3.6,3.6,2.0,3.7,3.6,1.91,3.5,3.5,2017/18,€30.30m,€15.45m,1.95,3.75,3.7,23.0,14.0,12.0,5.0,10.0,9.0,3.0,9.0,0.0,1.0,0.0,0.0
N1,24/12/2017,VVV Venlo,Heracles,3.0,1.0,H,1.0,1.0,D,1.95,3.5,3.75,2.05,3.6,3.5,2.0,3.4,3.4,2017/18,€13.58m,€22.25m,2.0,3.6,3.7,9.0,16.0,3.0,5.0,7.0,18.0,3.0,10.0,2.0,4.0,0.0,0.0
N1,16/01/2018,Sparta Rotterdam,Vitesse,0.0,1.0,A,0.0,0.0,D,3.7,3.39,2.0,3.7,3.4,2.05,3.4,3.3,2.05,2017/18,€15.45m,€39.78m,3.6,3.6,2.05,17.0,10.0,5.0,5.0,11.0,10.0,5.0,6.0,1.0,0.0,0.0,0.0
N1,19/01/2018,Utrecht,AZ Alkmaar,1.0,1.0,D,0.0,0.0,D,2.75,3.39,2.5,2.65,3.7,2.5,2.65,3.4,2.37,2017/18,€46.63m,€70.68m,2.7,3.75,2.4,10.0,11.0,3.0,6.0,18.0,15.0,5.0,4.0,2.0,3.0,0.0,0.0
N1,20/01/2018,Den Haag,VVV Venlo,1.0,1.0,D,1.0,0.0,H,2.14,3.39,3.29,2.05,3.5,3.6,2.05,3.3,3.3,2017/18,€23.63m,€13.58m,2.1,3.5,3.5,7.0,15.0,2.0,5.0,13.0,17.0,4.0,6.0,0.0,3.0,0.0,0.0
N1,20/01/2018,Roda,Twente,1.0,1.0,D,0.0,0.0,D,3.6,3.5,2.0,3.7,3.6,2.0,3.4,3.3,2.05,2017/18,€13.28m,€22.15m,3.5,3.6,2.05,21.0,11.0,8.0,3.0,7.0,16.0,9.0,2.0,1.0,4.0,0.0,0.0
N1,20/01/2018,Vitesse,Heerenveen,1.0,1.0,D,1.0,1.0,D,2.0,3.5,3.6,2.0,3.6,3.7,1.95,3.4,3.5,2017/18,€39.78m,€39.13m,2.0,3.6,3.6,16.0,6.0,4.0,3.0,11.0,20.0,4.0,5.0,1.0,0.0,0.0,0.0
N1,20/01/2018,Zwolle,NAC Breda,1.0,0.0,H,1.0,0.0,H,1.57,4.0,5.5,1.57,4.25,5.75,1.6,3.9,5.0,2017/18,€26.33m,€17.15m,1.62,4.2,5.2,17.0,8.0,3.0,4.0,15.0,9.0,8.0,4.0,1.0,1.0,0.0,0.0
N1,21/01/2018,Ajax,Feyenoord,2.0,0.0,H,0.0,0.0,D,1.6,4.0,5.25,1.62,4.1,5.25,1.61,3.8,4.6,2017/18,€251.00m,€104.20m,1.65,4.2,4.8,19.0,3.0,6.0,2.0,14.0,16.0,5.0,0.0,1.0,4.0,0.0,1.0
N1,21/01/2018,Heracles,PSV Eindhoven,1.0,2.0,A,0.0,1.0,A,7.5,5.0,1.36,8.25,5.25,1.35,7.5,4.8,1.33,2017/18,€22.25m,€174.45m,7.5,5.4,1.36,14.0,32.0,5.0,14.0,9.0,11.0,3.0,10.0,0.0,2.0,0.0,0.0
N1,21/01/2018,Sparta Rotterdam,Excelsior,2.0,3.0,A,2.0,2.0,D,2.1,3.5,3.29,2.15,3.5,3.3,2.05,3.3,3.3,2017/18,€15.45m,€14.80m,2.15,3.5,3.4,16.0,7.0,6.0,4.0,14.0,18.0,10.0,4.0,4.0,3.0,0.0,0.0
N1,21/01/2018,Willem II,Groningen,1.0,1.0,D,0.0,1.0,A,2.37,3.39,2.89,2.35,3.6,2.9,2.3,3.4,2.8,2017/18,€18.65m,€30.30m,2.3,3.7,2.88,15.0,13.0,8.0,6.0,14.0,11.0,5.0,7.0,2.0,0.0,0.0,0.0
N1,24/01/2018,Utrecht,Feyenoord,1.0,1.0,D,1.0,1.0,D,3.0,3.6,2.2,3.3,3.5,2.15,3.1,3.4,2.1,2017/18,€46.63m,€104.20m,3.4,3.6,2.1,12.0,11.0,5.0,2.0,12.0,12.0,7.0,9.0,0.0,2.0,0.0,0.0
N1,26/01/2018,Heerenveen,Sparta Rotterdam,2.0,1.0,H,1.0,1.0,D,1.5,4.33,6.0,1.53,4.33,6.0,1.5,4.0,5.75,2017/18,€39.13m,€15.45m,1.53,4.4,6.0,13.0,15.0,7.0,4.0,15.0,16.0,4.0,6.0,2.0,2.0,0.0,0.0
N1,27/01/2018,Groningen,Heracles,3.0,3.0,D,3.0,1.0,H,1.75,3.79,4.33,1.75,4.0,4.4,1.75,3.75,3.9,2017/18,€30.30m,€22.25m,1.8,4.0,4.1,13.0,16.0,7.0,7.0,11.0,11.0,2.0,5.0,2.0,3.0,0.0,0.0
N1,27/01/2018,NAC Breda,VVV Venlo,0.0,1.0,A,0.0,0.0,D,2.45,3.39,2.75,2.45,3.25,3.0,2.4,3.2,2.8,2017/18,€17.15m,€13.58m,2.45,3.4,2.88,15.0,9.0,3.0,4.0,11.0,13.0,7.0,5.0,2.0,3.0,0.0,0.0
N1,27/01/2018,Twente,PSV Eindhoven,0.0,2.0,A,0.0,1.0,A,6.0,4.33,1.5,5.75,4.5,1.53,5.5,4.2,1.53,2017/18,€22.15m,€174.45m,5.75,4.4,1.53,19.0,14.0,6.0,7.0,9.0,4.0,9.0,4.0,1.0,0.0,0.0,0.0
N1,27/01/2018,Zwolle,Vitesse,1.0,2.0,A,0.0,1.0,A,2.45,3.29,2.79,2.55,3.3,2.8,2.4,3.25,2.75,2017/18,€26.33m,€39.78m,2.5,3.4,2.8,12.0,12.0,5.0,4.0,10.0,13.0,9.0,6.0,1.0,0.0,0.0,0.0
N1,28/01/2018,Feyenoord,Den Haag,3.0,1.0,H,0.0,0.0,D,1.19,6.5,13.0,1.2,7.0,13.0,1.2,6.0,13.0,2017/18,€104.20m,€23.63m,1.2,7.0,13.0,16.0,10.0,6.0,2.0,6.0,9.0,2.0,9.0,0.0,1.0,0.0,0.0
N1,28/01/2018,Roda,Excelsior,2.0,1.0,H,1.0,1.0,D,2.45,3.39,2.75,2.55,3.3,2.85,2.45,3.2,2.7,2017/18,€13.28m,€14.80m,2.5,3.4,2.8,15.0,9.0,2.0,2.0,7.0,18.0,8.0,5.0,1.0,4.0,0.0,1.0
N1,28/01/2018,Utrecht,Ajax,0.0,0.0,D,0.0,0.0,D,5.5,4.2,1.55,5.0,4.25,1.62,5.0,4.0,1.57,2017/18,€46.63m,€251.00m,5.4,4.2,1.6,7.0,23.0,3.0,8.0,17.0,16.0,2.0,7.0,4.0,1.0,1.0,0.0
N1,28/01/2018,Willem II,AZ Alkmaar,0.0,2.0,A,0.0,2.0,A,4.2,3.6,1.83,4.0,3.8,1.87,3.9,3.6,1.8,2017/18,€18.65m,€70.68m,4.1,3.8,1.83,7.0,19.0,3.0,9.0,12.0,14.0,2.0,12.0,2.0,1.0,0.0,0.0
N1,02/02/2018,Vitesse,Groningen,2.0,0.0,H,2.0,0.0,H,1.61,3.79,5.5,1.62,4.0,5.5,1.61,3.9,4.75,2017/18,€39.78m,€30.30m,1.65,4.0,5.2,12.0,10.0,7.0,1.0,8.0,13.0,5.0,0.0,1.0,2.0,0.0,0.0
N1,03/02/2018,Heerenveen,Twente,1.0,0.0,H,0.0,0.0,D,1.75,3.75,4.33,1.78,3.9,4.33,1.83,3.6,3.9,2017/18,€39.13m,€22.15m,1.75,3.9,4.5,14.0,10.0,6.0,2.0,11.0,11.0,6.0,4.0,0.0,3.0,0.0,0.0
N1,03/02/2018,Heracles,Den Haag,1.0,1.0,D,0.0,1.0,A,2.1,3.5,3.25,2.2,3.6,3.1,2.15,3.4,3.0,2017/18,€22.25m,€23.63m,2.2,3.6,3.2,13.0,14.0,3.0,4.0,9.0,16.0,7.0,4.0,1.0,2.0,0.0,0.0
N1,03/02/2018,PSV Eindhoven,Zwolle,4.0,0.0,H,1.0,0.0,H,1.19,6.5,13.0,1.22,7.0,11.0,1.2,6.0,12.0,2017/18,€174.45m,€26.33m,1.22,7.0,12.0,25.0,3.0,12.0,1.0,7.0,7.0,7.0,1.0,1.0,1.0,0.0,1.0
N1,04/02/2018,Ajax,NAC Breda,3.0,1.0,H,2.0,1.0,H,1.06,12.0,23.0,1.08,11.5,26.0,1.08,10.0,29.0,2017/18,€251.00m,€17.15m,1.07,13.0,26.0,32.0,8.0,8.0,3.0,11.0,8.0,14.0,0.0,1.0,4.0,0.0,1.0
N1,04/02/2018,AZ Alkmaar,Roda,2.0,2.0,D,2.0,1.0,H,1.19,6.5,13.0,1.22,7.0,12.0,1.2,6.0,13.0,2017/18,€70.68m,€13.28m,1.2,7.0,13.0,16.0,15.0,5.0,4.0,9.0,4.0,2.0,6.0,0.0,1.0,0.0,0.0
N1,04/02/2018,Excelsior,Utrecht,2.0,2.0,D,1.0,1.0,D,4.33,3.6,1.8,3.9,3.6,1.95,3.7,3.4,1.91,2017/18,€14.80m,€46.63m,4.1,3.6,1.9,13.0,13.0,6.0,4.0,13.0,12.0,3.0,10.0,1.0,1.0,0.0,0.0
N1,04/02/2018,Sparta Rotterdam,Willem II,1.0,0.0,H,1.0,0.0,H,2.25,3.29,3.2,2.2,3.4,3.3,2.15,3.3,3.1,2017/18,€15.45m,€18.65m,2.25,3.5,3.13,17.0,8.0,6.0,3.0,15.0,18.0,3.0,5.0,1.0,3.0,0.0,0.0
N1,04/02/2018,VVV Venlo,Feyenoord,1.0,0.0,H,0.0,0.0,D,6.0,4.0,1.53,6.0,4.25,1.55,5.8,4.0,1.53,2017/18,€13.58m,€104.20m,6.25,4.2,1.53,13.0,15.0,6.0,5.0,14.0,9.0,4.0,5.0,1.0,4.0,0.0,0.0
N1,06/02/2018,Zwolle,Heerenveen,3.0,2.0,H,2.0,0.0,H,2.7,3.39,2.5,2.6,3.4,2.55,2.6,3.3,2.5,2017/18,€26.33m,€39.13m,2.7,3.4,2.6,16.0,10.0,8.0,5.0,7.0,13.0,2.0,2.0,1.0,2.0,0.0,0.0
N1,07/02/2018,NAC Breda,Heracles,6.0,1.0,H,2.0,1.0,H,2.1,3.6,3.25,2.15,3.5,3.1,2.05,3.5,3.1,2017/18,€17.15m,€22.25m,2.15,3.6,3.25,25.0,11.0,10.0,5.0,8.0,9.0,6.0,6.0,2.0,3.0,0.0,1.0
N1,07/02/2018,Roda,Ajax,2.0,4.0,A,1.0,2.0,A,15.0,7.0,1.16,11.5,7.5,1.18,17.0,7.0,1.17,2017/18,€13.28m,€251.00m,19.0,7.0,1.17,11.0,18.0,4.0,5.0,9.0,9.0,1.0,5.0,1.0,2.0,0.0,0.0
N1,07/02/2018,Twente,AZ Alkmaar,0.0,4.0,A,0.0,1.0,A,3.79,3.6,1.9,3.7,3.7,1.9,3.7,3.7,1.83,2017/18,€22.15m,€70.68m,4.0,3.8,1.87,17.0,18.0,6.0,8.0,11.0,13.0,3.0,4.0,4.0,2.0,1.0,0.0
N1,07/02/2018,Utrecht,Sparta Rotterdam,1.0,0.0,H,0.0,0.0,D,1.5,4.33,6.0,1.5,4.2,6.0,1.5,4.2,5.75,2017/18,€46.63m,€15.45m,1.5,4.5,6.25,16.0,10.0,3.0,3.0,19.0,15.0,10.0,2.0,1.0,1.0,0.0,0.0
N1,07/02/2018,Willem II,VVV Venlo,3.0,0.0,H,1.0,0.0,H,2.5,3.29,2.75,2.5,3.3,2.7,2.45,3.2,2.7,2017/18,€18.65m,€13.58m,2.5,3.4,2.8,13.0,7.0,6.0,4.0,0.0,0.0,7.0,2.0,1.0,2.0,0.0,0.0
N1,08/02/2018,Den Haag,Vitesse,1.0,0.0,H,0.0,0.0,D,3.75,3.39,2.0,3.6,3.3,2.05,3.5,3.3,2.0,2017/18,€23.63m,€39.78m,3.7,3.5,2.0,8.0,16.0,3.0,1.0,15.0,7.0,1.0,10.0,2.0,1.0,0.0,0.0
N1,08/02/2018,Feyenoord,Groningen,3.0,0.0,H,0.0,0.0,D,1.25,5.5,12.0,1.22,6.0,11.5,1.25,5.5,11.0,2017/18,€104.20m,€30.30m,1.25,6.25,11.0,24.0,6.0,9.0,1.0,8.0,13.0,10.0,2.0,0.0,0.0,0.0,0.0
N1,10/02/2018,AZ Alkmaar,VVV Venlo,0.0,0.0,D,0.0,0.0,D,1.33,5.25,8.0,1.3,5.5,8.5,1.33,4.75,8.5,2017/18,€70.68m,€13.58m,1.33,5.25,9.0,20.0,4.0,5.0,1.0,10.0,11.0,10.0,2.0,1.0,2.0,0.0,0.0
N1,10/02/2018,Heerenveen,Roda,1.0,1.0,D,0.0,1.0,A,1.36,5.25,7.0,1.42,4.75,6.5,1.36,4.6,7.5,2017/18,€39.13m,€13.28m,1.36,5.2,8.0,20.0,6.0,4.0,2.0,13.0,12.0,10.0,2.0,1.0,1.0,0.0,0.0
N1,10/02/2018,Heracles,Willem II,1.0,0.0,H,1.0,0.0,H,2.25,3.6,2.89,2.2,3.5,3.0,2.25,3.4,2.87,2017/18,€22.25m,€18.65m,2.38,3.6,2.9,11.0,19.0,2.0,2.0,16.0,15.0,7.0,2.0,1.0,2.0,0.0,0.0
N1,10/02/2018,Sparta Rotterdam,PSV Eindhoven,1.0,2.0,A,1.0,1.0,D,7.0,5.25,1.36,8.25,5.0,1.33,8.0,4.75,1.36,2017/18,€15.45m,€174.45m,8.5,5.25,1.33,10.0,17.0,4.0,5.0,4.0,8.0,10.0,5.0,0.0,0.0,0.0,0.0
N1,10/02/2018,Utrecht,Zwolle,2.0,1.0,H,2.0,0.0,H,1.8,3.75,4.2,1.8,3.6,4.2,1.8,3.6,4.0,2017/18,€46.63m,€26.33m,1.8,3.75,4.3,14.0,15.0,7.0,3.0,11.0,6.0,4.0,4.0,2.0,2.0,0.0,0.0
N1,11/02/2018,Ajax,Twente,2.0,1.0,H,1.0,0.0,H,1.14,8.0,15.0,1.16,7.25,13.5,1.14,7.5,19.0,2017/18,€251.00m,€22.15m,1.14,8.0,20.0,19.0,15.0,9.0,6.0,11.0,14.0,2.0,1.0,2.0,2.0,0.0,0.0
N1,11/02/2018,Excelsior,NAC Breda,0.0,0.0,D,0.0,0.0,D,2.2,3.39,3.2,2.05,3.5,3.4,2.2,3.3,3.0,2017/18,€14.80m,€17.15m,2.3,3.4,3.13,13.0,9.0,4.0,1.0,15.0,9.0,6.0,11.0,0.0,2.0,0.0,0.0
N1,11/02/2018,Groningen,Den Haag,0.0,0.0,D,0.0,0.0,D,1.8,3.75,4.2,1.85,3.6,4.0,1.83,3.6,3.8,2017/18,€30.30m,€23.63m,1.87,3.75,4.0,10.0,18.0,4.0,6.0,11.0,8.0,6.0,9.0,2.0,2.0,0.0,0.0
N1,11/02/2018,Vitesse,Feyenoord,3.0,1.0,H,1.0,1.0,D,3.39,3.5,2.04,3.5,3.5,2.0,3.3,3.25,2.05,2017/18,€39.78m,€104.20m,3.5,3.5,2.1,20.0,5.0,7.0,3.0,8.0,11.0,8.0,1.0,2.0,0.0,0.0,2.0
N1,16/02/2018,VVV Venlo,Groningen,1.0,1.0,D,1.0,1.0,D,2.0,3.5,3.6,2.05,3.6,3.5,2.05,3.25,3.4,2017/18,€13.58m,€30.30m,2.1,3.5,3.5,13.0,10.0,4.0,4.0,11.0,10.0,4.0,4.0,1.0,3.0,0.0,0.0
N1,17/02/2018,Den Haag,Willem II,2.0,1.0,H,0.0,1.0,A,1.9,3.39,4.0,2.1,3.4,3.6,2.05,3.3,3.4,2017/18,€23.63m,€18.65m,2.05,3.5,3.6,27.0,4.0,9.0,1.0,8.0,13.0,7.0,4.0,0.0,3.0,0.0,0.0
N1,17/02/2018,NAC Breda,AZ Alkmaar,1.0,3.0,A,0.0,1.0,A,5.5,3.79,1.6,5.5,4.0,1.62,4.8,3.9,1.6,2017/18,€17.15m,€70.68m,5.2,4.0,1.65,14.0,18.0,4.0,11.0,9.0,11.0,2.0,4.0,2.0,0.0,0.0,0.0
N1,17/02/2018,PSV Eindhoven,Heerenveen,2.0,2.0,D,2.0,0.0,H,1.3,5.5,9.0,1.3,5.75,9.25,1.3,5.0,8.5,2017/18,€174.45m,€39.13m,1.33,5.5,9.0,11.0,16.0,6.0,6.0,7.0,15.0,6.0,8.0,1.0,2.0,1.0,0.0
N1,17/02/2018,Vitesse,Excelsior,1.0,2.0,A,1.0,1.0,D,1.39,4.5,8.0,1.36,5.0,8.75,1.36,4.5,8.5,2017/18,€39.78m,€14.80m,1.36,4.8,9.0,11.0,10.0,5.0,4.0,18.0,11.0,5.0,1.0,3.0,1.0,0.0,0.0
N1,18/02/2018,Feyenoord,Heracles,1.0,0.0,H,0.0,0.0,D,1.14,7.5,17.0,1.16,7.75,17.5,1.13,7.5,21.0,2017/18,€104.20m,€22.25m,1.13,8.5,20.0,15.0,16.0,7.0,6.0,13.0,12.0,2.0,6.0,2.0,1.0,0.0,0.0
N1,18/02/2018,Roda,Utrecht,1.0,4.0,A,0.0,1.0,A,5.25,3.6,1.66,5.25,3.7,1.7,4.4,3.7,1.7,2017/18,€13.28m,€46.63m,4.8,3.75,1.73,13.0,17.0,2.0,11.0,7.0,10.0,3.0,10.0,1.0,0.0,0.0,0.0
N1,18/02/2018,Twente,Sparta Rotterdam,1.0,1.0,D,0.0,0.0,D,2.14,3.39,3.25,2.2,3.5,3.25,2.15,3.4,3.1,2017/18,€22.15m,€15.45m,2.2,3.6,3.2,25.0,2.0,8.0,1.0,9.0,14.0,11.0,1.0,0.0,2.0,0.0,0.0
N1,18/02/2018,Zwolle,Ajax,0.0,1.0,A,0.0,0.0,D,7.0,5.25,1.36,7.5,5.5,1.36,8.0,4.75,1.36,2017/18,€26.33m,€251.00m,8.0,5.25,1.36,5.0,25.0,2.0,7.0,9.0,15.0,3.0,4.0,1.0,1.0,0.0,0.0
N1,23/02/2018,Groningen,NAC Breda,1.0,1.0,D,0.0,0.0,D,1.9,3.6,3.79,1.91,3.7,3.9,1.87,3.5,3.6,2017/18,€30.30m,€17.15m,1.91,3.8,3.8,16.0,15.0,5.0,7.0,17.0,4.0,6.0,7.0,0.0,1.0,0.0,0.0
N1,24/02/2018,AZ Alkmaar,Sparta Rotterdam,2.0,1.0,H,1.0,1.0,D,1.3,5.25,10.0,1.3,6.0,8.5,1.3,5.2,9.0,2017/18,€70.68m,€15.45m,1.3,6.0,9.0,33.0,4.0,16.0,2.0,6.0,10.0,14.0,2.0,0.0,0.0,0.0,0.0
N1,24/02/2018,Heerenveen,Excelsior,0.0,1.0,A,0.0,1.0,A,1.5,4.0,7.5,1.5,4.4,6.25,1.5,4.0,6.0,2017/18,€39.13m,€14.80m,1.5,4.33,6.5,26.0,11.0,8.0,3.0,12.0,11.0,11.0,5.0,0.0,1.0,0.0,0.0
N1,24/02/2018,Heracles,Zwolle,2.0,1.0,H,1.0,0.0,H,2.79,3.39,2.39,2.65,3.7,2.5,2.65,3.4,2.37,2017/18,€22.25m,€26.33m,2.75,3.7,2.4,19.0,20.0,6.0,9.0,6.0,4.0,8.0,13.0,0.0,0.0,0.0,0.0
N1,24/02/2018,VVV Venlo,Vitesse,2.0,2.0,D,2.0,1.0,H,3.29,3.5,2.1,3.2,3.5,2.2,3.2,3.1,2.2,2017/18,€13.58m,€39.78m,3.3,3.4,2.2,15.0,17.0,3.0,6.0,10.0,11.0,2.0,10.0,2.0,0.0,0.0,0.0
N1,25/02/2018,Ajax,Den Haag,0.0,0.0,D,0.0,0.0,D,1.12,9.0,15.0,1.13,8.75,20.0,1.15,7.5,17.0,2017/18,€251.00m,€23.63m,1.14,8.5,17.0,28.0,4.0,9.0,1.0,11.0,9.0,5.0,1.0,3.0,3.0,0.0,0.0
N1,25/02/2018,Feyenoord,PSV Eindhoven,1.0,3.0,A,0.0,2.0,A,2.14,3.39,3.29,2.25,3.5,3.1,2.2,3.3,3.0,2017/18,€104.20m,€174.45m,2.2,3.5,3.2,11.0,17.0,4.0,7.0,16.0,15.0,2.0,6.0,4.0,0.0,0.0,0.0
N1,25/02/2018,Utrecht,Twente,3.0,1.0,H,1.0,1.0,D,1.61,4.0,5.25,1.62,4.25,5.0,1.61,3.8,4.8,2017/18,€46.63m,€22.15m,1.62,4.1,5.2,13.0,14.0,5.0,6.0,7.0,12.0,5.0,2.0,2.0,2.0,0.0,0.0
N1,25/02/2018,Willem II,Roda,1.0,0.0,H,1.0,0.0,H,1.85,3.79,3.79,1.87,3.7,4.1,1.83,3.5,3.9,2017/18,€18.65m,€13.28m,1.83,3.8,4.1,19.0,11.0,7.0,3.0,8.0,15.0,3.0,2.0,1.0,1.0,0.0,0.0
N1,02/03/2018,Roda,Heracles,0.0,3.0,A,0.0,2.0,A,2.7,3.0,2.79,2.55,3.6,2.65,2.5,3.4,2.55,2017/18,€13.28m,€22.25m,2.6,3.4,2.7,17.0,16.0,5.0,9.0,11.0,11.0,4.0,7.0,1.0,1.0,0.0,0.0
N1,03/03/2018,Excelsior,AZ Alkmaar,1.0,2.0,A,0.0,2.0,A,6.0,4.0,1.53,6.0,4.33,1.53,5.5,4.0,1.53,2017/18,€14.80m,€70.68m,5.75,4.4,1.53,16.0,16.0,8.0,6.0,5.0,11.0,5.0,6.0,2.0,1.0,0.0,0.0
N1,03/03/2018,Heerenveen,Willem II,2.0,0.0,H,1.0,0.0,H,1.55,4.0,6.0,1.55,4.2,6.0,1.57,3.9,5.25,2017/18,€39.13m,€18.65m,1.57,4.2,5.75,17.0,4.0,5.0,0.0,13.0,16.0,2.0,2.0,1.0,2.0,0.0,0.0
N1,03/03/2018,NAC Breda,Feyenoord,2.0,1.0,H,1.0,1.0,D,6.0,4.75,1.44,6.5,4.6,1.48,5.8,4.0,1.5,2017/18,€17.15m,€104.20m,6.0,4.33,1.53,8.0,24.0,3.0,6.0,12.0,13.0,1.0,11.0,3.0,2.0,0.0,0.0
N1,03/03/2018,PSV Eindhoven,Utrecht,3.0,0.0,H,2.0,0.0,H,1.36,4.75,8.0,1.36,5.25,8.0,1.36,4.6,7.5,2017/18,€174.45m,€46.63m,1.36,5.2,8.0,7.0,11.0,3.0,3.0,9.0,14.0,4.0,3.0,2.0,1.0,0.0,0.0
N1,04/03/2018,Sparta Rotterdam,Den Haag,2.0,1.0,H,0.0,1.0,A,2.29,3.29,3.1,2.25,3.4,3.25,2.25,3.3,2.9,2017/18,€15.45m,€23.63m,2.3,3.5,3.0,15.0,11.0,7.0,5.0,10.0,12.0,5.0,7.0,0.0,0.0,0.0,0.0
N1,04/03/2018,Twente,Groningen,1.0,1.0,D,0.0,0.0,D,2.0,3.5,3.6,2.0,3.6,3.7,2.05,3.4,3.25,2017/18,€22.15m,€30.30m,2.05,3.6,3.5,26.0,13.0,6.0,4.0,20.0,15.0,10.0,4.0,4.0,3.0,0.0,0.0
N1,04/03/2018,Vitesse,Ajax,3.0,2.0,H,1.0,0.0,H,6.0,3.79,1.57,5.75,4.25,1.55,5.5,3.9,1.57,2017/18,€39.78m,€251.00m,5.5,4.1,1.6,10.0,20.0,6.0,6.0,12.0,13.0,7.0,5.0,3.0,2.0,0.0,0.0
N1,04/03/2018,Zwolle,VVV Venlo,1.0,1.0,D,0.0,0.0,D,2.04,3.5,3.39,2.05,3.5,3.6,2.05,3.25,3.4,2017/18,€26.33m,€13.58m,2.1,3.5,3.5,18.0,9.0,3.0,6.0,12.0,14.0,5.0,2.0,3.0,4.0,0.0,0.0
N1,09/03/2018,Heracles,Twente,2.0,1.0,H,0.0,0.0,D,2.37,3.39,2.89,2.4,3.5,2.9,2.3,3.4,2.8,2017/18,€22.25m,€22.15m,2.38,3.6,2.9,13.0,11.0,6.0,5.0,14.0,14.0,7.0,3.0,3.0,3.0,0.0,0.0
N1,10/03/2018,Den Haag,NAC Breda,0.0,2.0,A,0.0,2.0,A,2.2,3.39,3.2,2.15,3.2,3.7,2.1,3.25,3.25,2017/18,€23.63m,€17.15m,2.15,3.4,3.4,20.0,14.0,4.0,7.0,16.0,9.0,11.0,5.0,4.0,1.0,1.0,0.0
N1,10/03/2018,Roda,Sparta Rotterdam,0.0,2.0,A,0.0,1.0,A,3.1,3.29,2.29,2.95,3.4,2.4,2.8,3.3,2.3,2017/18,€13.28m,€15.45m,2.9,3.4,2.45,14.0,14.0,1.0,3.0,6.0,8.0,6.0,3.0,1.0,1.0,0.0,0.0
N1,10/03/2018,VVV Venlo,Excelsior,2.0,3.0,A,1.0,1.0,D,1.95,3.39,3.89,2.0,3.4,3.9,2.0,3.25,3.5,2017/18,€13.58m,€14.80m,2.0,3.5,3.8,13.0,8.0,4.0,3.0,10.0,10.0,7.0,4.0,0.0,3.0,0.0,0.0
N1,10/03/2018,Willem II,PSV Eindhoven,5.0,0.0,H,1.0,0.0,H,9.0,5.0,1.33,8.75,5.25,1.34,8.0,4.75,1.33,2017/18,€18.65m,€174.45m,9.0,5.25,1.33,11.0,15.0,6.0,3.0,8.0,9.0,3.0,10.0,1.0,3.0,0.0,1.0
N1,11/03/2018,Ajax,Heerenveen,4.0,1.0,H,1.0,1.0,D,1.28,5.5,9.5,1.28,6.0,10.0,1.28,5.2,9.5,2017/18,€251.00m,€39.13m,1.29,5.75,10.0,31.0,8.0,10.0,3.0,14.0,21.0,10.0,3.0,1.0,1.0,0.0,0.0
N1,11/03/2018,Feyenoord,AZ Alkmaar,2.0,1.0,H,1.0,0.0,H,2.2,3.39,3.25,2.15,3.6,3.25,2.05,3.4,3.25,2017/18,€104.20m,€70.68m,2.25,3.5,3.13,14.0,15.0,4.0,5.0,16.0,17.0,2.0,8.0,2.0,2.0,0.0,0.0
N1,11/03/2018,Groningen,Zwolle,2.0,0.0,H,1.0,0.0,H,2.25,3.39,3.1,2.3,3.3,3.2,2.2,3.4,3.0,2017/18,€30.30m,€26.33m,2.2,3.6,3.1,13.0,14.0,4.0,4.0,8.0,13.0,1.0,4.0,1.0,3.0,0.0,0.0
N1,11/03/2018,Utrecht,Vitesse,5.0,1.0,H,2.0,0.0,H,2.2,3.39,3.2,2.3,3.25,3.25,2.2,3.25,3.0,2017/18,€46.63m,€39.78m,2.25,3.4,3.2,12.0,16.0,7.0,3.0,12.0,9.0,5.0,12.0,2.0,1.0,0.0,0.0
N1,16/03/2018,Excelsior,Den Haag,1.0,2.0,A,1.0,0.0,H,2.37,3.5,2.89,2.35,3.3,3.1,2.35,3.2,2.87,2017/18,€14.80m,€23.63m,2.38,3.4,3.0,14.0,12.0,5.0,4.0,10.0,9.0,5.0,5.0,2.0,1.0,0.0,0.0
N1,17/03/2018,Heerenveen,Utrecht,2.0,2.0,D,1.0,1.0,D,2.39,3.39,2.79,2.35,3.4,3.0,2.25,3.4,2.87,2017/18,€39.13m,€46.63m,2.3,3.5,3.0,12.0,13.0,5.0,4.0,11.0,13.0,5.0,6.0,0.0,1.0,0.0,0.0
N1,17/03/2018,PSV Eindhoven,VVV Venlo,3.0,0.0,H,0.0,0.0,D,1.19,6.5,13.0,1.22,6.5,13.5,1.2,6.0,13.0,2017/18,€174.45m,€13.58m,1.2,7.0,13.0,30.0,3.0,19.0,1.0,9.0,12.0,7.0,4.0,0.0,2.0,0.0,1.0
N1,17/03/2018,Twente,Willem II,2.0,2.0,D,1.0,1.0,D,1.85,3.6,4.0,1.87,3.7,4.1,1.83,3.5,3.9,2017/18,€22.15m,€18.65m,1.85,3.7,4.2,17.0,14.0,3.0,7.0,14.0,12.0,2.0,3.0,2.0,1.0,0.0,0.0
N1,17/03/2018,Vitesse,Heracles,0.0,0.0,D,0.0,0.0,D,1.44,4.33,7.0,1.48,4.6,6.25,1.5,4.2,5.8,2017/18,€39.78m,€22.25m,1.5,4.4,6.5,24.0,6.0,9.0,2.0,8.0,11.0,11.0,1.0,0.0,0.0,0.0,0.0
N1,18/03/2018,AZ Alkmaar,Groningen,3.0,2.0,H,0.0,0.0,D,1.25,5.75,11.0,1.25,6.5,10.5,1.25,5.5,10.0,2017/18,€70.68m,€30.30m,1.25,6.0,11.0,23.0,11.0,10.0,4.0,12.0,8.0,12.0,7.0,0.0,3.0,0.0,0.0
N1,18/03/2018,NAC Breda,Roda,0.0,1.0,A,0.0,1.0,A,1.7,3.79,4.75,1.75,3.9,4.6,1.73,3.6,4.33,2017/18,€17.15m,€13.28m,1.75,3.8,4.6,21.0,14.0,8.0,5.0,12.0,14.0,6.0,4.0,2.0,3.0,0.0,0.0
N1,18/03/2018,Sparta Rotterdam,Ajax,2.0,5.0,A,1.0,1.0,D,9.0,5.75,1.28,9.25,5.75,1.3,9.5,5.2,1.28,2017/18,€15.45m,€251.00m,10.0,5.75,1.29,11.0,14.0,4.0,8.0,13.0,12.0,4.0,4.0,2.0,3.0,0.0,0.0
N1,18/03/2018,Zwolle,Feyenoord,3.0,4.0,A,0.0,2.0,A,5.5,4.0,1.6,5.0,4.0,1.67,4.75,3.8,1.61,2017/18,€26.33m,€104.20m,5.2,4.0,1.65,19.0,10.0,7.0,8.0,9.0,14.0,6.0,5.0,0.0,1.0,0.0,0.0
N1,31/03/2018,Den Haag,AZ Alkmaar,0.0,3.0,A,0.0,3.0,A,5.5,4.2,1.55,5.5,3.75,1.6,4.8,4.0,1.57,2017/18,€23.63m,€70.68m,5.2,4.33,1.6,11.0,12.0,5.0,5.0,3.0,10.0,7.0,7.0,1.0,2.0,0.0,0.0
N1,31/03/2018,PSV Eindhoven,NAC Breda,5.0,1.0,H,1.0,0.0,H,1.16,7.0,15.0,1.16,7.5,13.5,1.17,7.0,17.0,2017/18,€174.45m,€17.15m,1.15,8.0,17.0,36.0,6.0,14.0,3.0,16.0,13.0,9.0,0.0,2.0,4.0,0.0,0.0
N1,31/03/2018,Vitesse,Roda,0.0,3.0,A,0.0,1.0,A,1.25,5.5,12.0,1.26,5.5,10.5,1.28,5.2,10.0,2017/18,€39.78m,€13.28m,1.25,5.75,11.5,13.0,18.0,3.0,9.0,13.0,14.0,6.0,5.0,0.0,0.0,0.0,0.0
N1,31/03/2018,Willem II,Utrecht,3.0,2.0,H,2.0,2.0,D,3.6,3.5,2.0,3.25,3.5,2.1,3.3,3.4,2.0,2017/18,€18.65m,€46.63m,3.5,3.6,2.05,8.0,19.0,5.0,4.0,11.0,10.0,2.0,4.0,0.0,3.0,1.0,0.0
N1,31/03/2018,Zwolle,Sparta Rotterdam,2.0,0.0,H,1.0,0.0,H,1.95,3.6,3.6,1.83,3.5,4.2,1.87,3.5,3.7,2017/18,€26.33m,€15.45m,1.93,3.7,3.8,22.0,9.0,9.0,4.0,9.0,15.0,7.0,6.0,0.0,3.0,0.0,0.0
N1,01/04/2018,Feyenoord,Excelsior,5.0,0.0,H,3.0,0.0,H,1.16,7.0,15.0,1.17,7.25,12.5,1.2,6.0,15.0,2017/18,€104.20m,€14.80m,1.18,7.0,15.0,14.0,2.0,6.0,0.0,13.0,9.0,8.0,2.0,0.0,2.0,0.0,0.0
N1,01/04/2018,Groningen,Ajax,1.0,2.0,A,1.0,0.0,H,10.0,6.0,1.25,9.25,6.0,1.26,10.0,5.75,1.25,2017/18,€30.30m,€251.00m,11.0,6.25,1.25,13.0,11.0,5.0,4.0,9.0,7.0,5.0,1.0,1.0,4.0,0.0,1.0
N1,01/04/2018,Heracles,Heerenveen,1.0,2.0,A,0.0,2.0,A,3.0,3.5,2.25,3.0,3.4,2.25,2.9,3.5,2.2,2017/18,€22.25m,€39.13m,3.1,3.6,2.2,13.0,11.0,4.0,6.0,16.0,16.0,5.0,4.0,1.0,3.0,0.0,0.0
N1,01/04/2018,VVV Venlo,Twente,0.0,0.0,D,0.0,0.0,D,2.29,3.29,3.1,2.35,3.25,3.0,2.35,3.2,2.87,2017/18,€13.58m,€22.15m,2.38,3.4,3.0,10.0,17.0,2.0,4.0,12.0,17.0,7.0,6.0,4.0,2.0,0.0,0.0
N1,06/04/2018,Excelsior,Willem II,2.0,1.0,H,2.0,1.0,H,2.2,3.39,3.2,2.2,3.4,3.3,2.2,3.25,3.1,2017/18,€14.80m,€18.65m,2.3,3.4,3.13,19.0,13.0,9.0,4.0,9.0,7.0,10.0,6.0,0.0,1.0,0.0,1.0
N1,07/04/2018,AZ Alkmaar,PSV Eindhoven,2.0,3.0,A,0.0,0.0,D,2.39,3.39,2.79,2.55,3.8,2.55,2.45,3.5,2.5,2017/18,€70.68m,€174.45m,2.5,3.75,2.6,10.0,18.0,3.0,6.0,18.0,15.0,6.0,8.0,3.0,1.0,1.0,0.0
N1,07/04/2018,NAC Breda,Vitesse,1.0,0.0,H,1.0,0.0,H,3.39,3.39,2.1,3.4,3.6,2.1,3.1,3.4,2.15,2017/18,€17.15m,€39.78m,3.25,3.5,2.2,13.0,13.0,2.0,2.0,5.0,21.0,4.0,5.0,0.0,3.0,0.0,0.0
N1,07/04/2018,Roda,Zwolle,3.0,2.0,H,2.0,1.0,H,2.87,3.39,2.37,2.9,3.6,2.35,2.75,3.4,2.35,2017/18,€13.28m,€26.33m,2.88,3.5,2.4,7.0,19.0,4.0,8.0,18.0,16.0,1.0,7.0,3.0,2.0,0.0,0.0
N1,07/04/2018,Sparta Rotterdam,VVV Venlo,3.0,2.0,H,1.0,1.0,D,2.14,3.25,3.39,2.2,3.5,3.25,2.2,3.25,3.1,2017/18,€15.45m,€13.58m,2.25,3.4,3.2,23.0,19.0,7.0,6.0,26.0,13.0,6.0,4.0,2.0,2.0,0.0,0.0
N1,08/04/2018,Ajax,Heracles,1.0,0.0,H,0.0,0.0,D,1.08,10.0,23.0,1.1,10.5,23.0,1.09,10.0,29.0,2017/18,€251.00m,€22.25m,1.08,11.5,26.0,34.0,4.0,8.0,0.0,6.0,7.0,10.0,1.0,1.0,0.0,0.0,0.0
N1,08/04/2018,Heerenveen,Groningen,1.0,1.0,D,1.0,0.0,H,1.61,4.33,4.75,1.67,4.0,5.0,1.67,3.8,4.5,2017/18,€39.13m,€30.30m,1.67,4.2,4.75,15.0,8.0,6.0,5.0,17.0,15.0,7.0,2.0,3.0,2.0,0.0,0.0
N1,08/04/2018,Twente,Feyenoord,1.0,3.0,A,1.0,1.0,D,5.0,3.75,1.66,4.75,4.0,1.7,4.5,3.8,1.67,2017/18,€22.15m,€104.20m,4.8,4.0,1.7,12.0,13.0,4.0,8.0,14.0,7.0,6.0,4.0,1.0,2.0,0.0,0.0
N1,08/04/2018,Utrecht,Den Haag,3.0,3.0,D,1.0,0.0,H,1.53,4.0,6.0,1.55,4.2,6.0,1.53,4.0,5.5,2017/18,€46.63m,€23.63m,1.55,4.33,5.75,21.0,14.0,9.0,4.0,11.0,7.0,13.0,5.0,1.0,1.0,0.0,0.0
N1,13/04/2018,Heracles,AZ Alkmaar,0.0,3.0,A,0.0,2.0,A,6.0,4.75,1.44,5.75,4.75,1.5,5.75,4.5,1.44,2017/18,€22.25m,€70.68m,6.0,5.0,1.45,7.0,23.0,1.0,8.0,17.0,9.0,4.0,7.0,2.0,1.0,0.0,0.0
N1,14/04/2018,Den Haag,Twente,2.0,1.0,H,1.0,1.0,D,2.14,3.6,3.1,2.1,3.6,3.4,2.15,3.4,3.0,2017/18,€23.63m,€22.15m,2.2,3.6,3.1,13.0,7.0,6.0,1.0,13.0,13.0,6.0,4.0,1.0,1.0,0.0,0.0
N1,14/04/2018,Vitesse,Sparta Rotterdam,7.0,0.0,H,3.0,0.0,H,1.53,4.2,5.75,1.55,4.33,5.75,1.53,4.0,5.25,2017/18,€39.78m,€15.45m,1.55,4.3,5.75,19.0,3.0,8.0,1.0,6.0,5.0,3.0,0.0,1.0,1.0,0.0,1.0
N1,14/04/2018,VVV Venlo,Heerenveen,0.0,2.0,A,0.0,0.0,D,2.87,3.39,2.37,2.85,3.3,2.5,2.8,3.3,2.35,2017/18,€13.58m,€39.13m,2.88,3.5,2.4,11.0,20.0,3.0,6.0,14.0,15.0,4.0,9.0,2.0,1.0,0.0,0.0
N1,14/04/2018,Zwolle,Excelsior,1.0,1.0,D,1.0,0.0,H,1.8,3.75,4.2,1.75,3.7,4.75,1.75,3.7,4.0,2017/18,€26.33m,€14.80m,1.83,3.8,4.2,26.0,9.0,9.0,3.0,15.0,15.0,11.0,2.0,2.0,3.0,0.0,0.0
N1,15/04/2018,Feyenoord,Utrecht,3.0,1.0,H,2.0,1.0,H,1.57,4.33,5.0,1.57,4.4,5.25,1.57,4.0,5.0,2017/18,€104.20m,€46.63m,1.6,4.33,5.2,10.0,14.0,4.0,3.0,3.0,9.0,7.0,3.0,0.0,1.0,0.0,0.0
N1,15/04/2018,Groningen,Roda,2.0,1.0,H,1.0,0.0,H,1.7,4.2,4.2,1.7,4.1,4.6,1.7,3.75,4.33,2017/18,€30.30m,€13.28m,1.73,4.1,4.4,19.0,15.0,4.0,4.0,12.0,12.0,4.0,3.0,2.0,5.0,0.0,0.0
N1,15/04/2018,NAC Breda,Willem II,1.0,2.0,A,1.0,2.0,A,2.0,3.6,3.5,2.05,3.5,3.6,2.0,3.4,3.4,2017/18,€17.15m,€18.65m,2.0,3.6,3.7,16.0,11.0,5.0,5.0,13.0,20.0,3.0,9.0,2.0,2.0,0.0,0.0
N1,15/04/2018,PSV Eindhoven,Ajax,3.0,0.0,H,2.0,0.0,H,2.5,3.6,2.6,2.6,3.6,2.55,2.5,3.4,2.55,2017/18,€174.45m,€251.00m,2.55,3.7,2.6,17.0,11.0,11.0,3.0,13.0,17.0,9.0,3.0,1.0,4.0,0.0,2.0
N1,17/04/2018,Heerenveen,Den Haag,2.0,0.0,H,0.0,0.0,D,1.72,4.0,4.5,1.75,4.0,4.4,1.72,3.7,4.25,2017/18,€39.13m,€23.63m,1.73,4.0,4.4,11.0,8.0,4.0,1.0,9.0,7.0,5.0,4.0,0.0,0.0,0.0,0.0
N1,17/04/2018,Twente,Zwolle,2.0,0.0,H,2.0,0.0,H,2.1,3.39,3.39,2.15,3.6,3.25,2.1,3.5,3.1,2017/18,€22.15m,€26.33m,2.15,3.7,3.25,11.0,7.0,4.0,2.0,18.0,17.0,8.0,4.0,1.0,4.0,0.0,0.0
N1,18/04/2018,AZ Alkmaar,Vitesse,4.0,3.0,H,3.0,2.0,H,1.57,4.0,5.5,1.62,4.1,5.25,1.6,4.0,4.75,2017/18,€70.68m,€39.78m,1.62,4.33,5.0,16.0,20.0,11.0,9.0,8.0,9.0,5.0,3.0,0.0,0.0,0.0,0.0
N1,18/04/2018,Excelsior,Heracles,2.0,2.0,D,1.0,0.0,H,2.14,3.6,3.1,2.05,3.5,3.6,2.0,3.5,3.25,2017/18,€14.80m,€22.25m,2.0,3.6,3.6,20.0,16.0,8.0,4.0,12.0,6.0,6.0,11.0,2.0,1.0,0.0,1.0
N1,18/04/2018,Roda,PSV Eindhoven,2.0,2.0,D,1.0,1.0,D,6.5,5.25,1.39,6.25,5.25,1.42,6.5,4.6,1.4,2017/18,€13.28m,€174.45m,7.0,5.2,1.4,10.0,17.0,3.0,5.0,15.0,6.0,2.0,9.0,0.0,0.0,0.0,0.0
N1,18/04/2018,Sparta Rotterdam,NAC Breda,2.0,1.0,H,0.0,0.0,D,2.1,3.39,3.39,2.1,3.5,3.5,2.1,3.4,3.1,2017/18,€15.45m,€17.15m,2.15,3.6,3.25,17.0,14.0,6.0,6.0,20.0,11.0,6.0,3.0,2.0,2.0,0.0,0.0
N1,18/04/2018,Willem II,Feyenoord,1.0,5.0,A,0.0,1.0,A,5.25,4.0,1.6,5.25,4.1,1.62,5.0,3.9,1.6,2017/18,€18.65m,€104.20m,5.25,4.0,1.65,11.0,16.0,4.0,9.0,9.0,10.0,4.0,5.0,3.0,1.0,0.0,0.0
N1,19/04/2018,Ajax,VVV Venlo,4.0,1.0,H,2.0,1.0,H,1.1,9.0,23.0,1.11,9.5,23.0,1.11,8.5,26.0,2017/18,€251.00m,€13.58m,1.1,10.0,22.0,30.0,9.0,13.0,3.0,4.0,8.0,11.0,0.0,0.0,0.0,0.0,0.0
N1,19/04/2018,Utrecht,Groningen,1.0,1.0,D,1.0,0.0,H,1.57,4.0,5.75,1.62,4.1,5.25,1.57,4.0,5.0,2017/18,€46.63m,€30.30m,1.6,4.2,5.4,12.0,13.0,3.0,7.0,13.0,14.0,2.0,5.0,4.0,1.0,0.0,0.0
N1,29/04/2018,Ajax,AZ Alkmaar,3.0,0.0,H,1.0,0.0,H,1.53,4.33,5.5,1.6,4.5,5.0,1.53,4.33,5.0,2017/18,€251.00m,€70.68m,1.55,4.6,5.4,17.0,13.0,6.0,4.0,12.0,13.0,8.0,3.0,0.0,2.0,0.0,0.0
N1,29/04/2018,Den Haag,PSV Eindhoven,3.0,3.0,D,2.0,1.0,H,4.5,4.5,1.6,4.75,4.6,1.62,4.6,4.0,1.61,2017/18,€23.63m,€174.45m,4.6,4.4,1.65,11.0,20.0,7.0,6.0,10.0,12.0,6.0,8.0,1.0,1.0,0.0,0.0
N1,29/04/2018,Feyenoord,Sparta Rotterdam,3.0,1.0,H,1.0,1.0,D,1.22,6.5,11.0,1.3,6.0,8.5,1.25,5.75,9.5,2017/18,€104.20m,€15.45m,1.25,6.5,9.5,11.0,12.0,5.0,7.0,8.0,10.0,5.0,6.0,0.0,0.0,0.0,0.0
N1,29/04/2018,Groningen,Excelsior,4.0,0.0,H,2.0,0.0,H,1.85,3.79,3.75,1.95,3.9,3.6,1.9,3.6,3.5,2017/18,€30.30m,€14.80m,1.9,4.0,3.7,23.0,6.0,8.0,3.0,12.0,11.0,2.0,3.0,0.0,2.0,0.0,0.0
N1,29/04/2018,Heracles,Utrecht,2.0,2.0,D,2.0,0.0,H,3.6,3.75,1.9,3.7,3.9,1.91,3.6,3.75,1.85,2017/18,€22.25m,€46.63m,3.75,3.9,1.9,10.0,25.0,4.0,8.0,6.0,9.0,3.0,13.0,0.0,0.0,0.0,0.0
N1,29/04/2018,NAC Breda,Heerenveen,3.0,0.0,H,2.0,0.0,H,2.62,3.39,2.54,2.7,3.5,2.55,2.55,3.4,2.5,2017/18,€17.15m,€39.13m,2.63,3.5,2.6,14.0,11.0,5.0,3.0,8.0,13.0,5.0,4.0,1.0,2.0,0.0,0.0
N1,29/04/2018,Vitesse,Twente,5.0,0.0,H,1.0,0.0,H,1.72,4.0,4.5,1.75,4.0,4.33,1.72,3.75,4.2,2017/18,€39.78m,€22.15m,1.75,4.0,4.4,16.0,6.0,9.0,3.0,8.0,16.0,4.0,0.0,2.0,0.0,0.0,0.0
N1,29/04/2018,VVV Venlo,Roda,1.0,4.0,A,1.0,1.0,D,2.5,3.39,2.7,2.55,3.5,2.7,2.45,3.3,2.6,2017/18,€13.58m,€13.28m,2.5,3.6,2.7,10.0,18.0,4.0,6.0,8.0,12.0,3.0,5.0,1.0,1.0,0.0,0.0
N1,29/04/2018,Zwolle,Willem II,0.0,1.0,A,0.0,0.0,D,1.61,4.33,4.75,1.67,4.2,4.75,1.61,3.9,4.8,2017/18,€26.33m,€18.65m,1.65,4.1,5.0,22.0,6.0,8.0,1.0,10.0,14.0,9.0,3.0,1.0,0.0,0.0,0.0
N1,06/05/2018,AZ Alkmaar,Zwolle,6.0,0.0,H,1.0,0.0,H,1.44,4.5,6.5,1.45,4.75,6.75,1.5,4.5,5.5,2017/18,€70.68m,€26.33m,1.5,4.8,5.75,19.0,6.0,13.0,3.0,11.0,7.0,9.0,2.0,1.0,1.0,0.0,0.0
N1,06/05/2018,Excelsior,Ajax,1.0,2.0,A,1.0,0.0,H,10.0,5.25,1.28,8.75,5.5,1.33,9.5,5.5,1.28,2017/18,€14.80m,€251.00m,9.0,5.75,1.3,16.0,23.0,5.0,13.0,6.0,6.0,8.0,11.0,0.0,0.0,0.0,0.0
N1,06/05/2018,Heerenveen,Feyenoord,2.0,3.0,A,0.0,2.0,A,2.89,3.75,2.2,3.0,3.8,2.2,3.0,3.5,2.1,2017/18,€39.13m,€104.20m,3.1,3.8,2.15,13.0,16.0,3.0,7.0,15.0,12.0,2.0,4.0,2.0,2.0,0.0,0.0
N1,06/05/2018,PSV Eindhoven,Groningen,0.0,0.0,D,0.0,0.0,D,1.18,7.5,12.0,1.18,7.5,15.0,1.2,6.0,12.0,2017/18,€174.45m,€30.30m,1.2,7.5,12.0,14.0,9.0,5.0,4.0,8.0,13.0,11.0,2.0,1.0,2.0,0.0,0.0
N1,06/05/2018,Roda,Den Haag,2.0,3.0,A,0.0,3.0,A,2.89,3.6,2.25,2.95,3.6,2.3,2.8,3.5,2.2,2017/18,€13.28m,€23.63m,2.9,3.75,2.3,23.0,14.0,7.0,6.0,8.0,7.0,8.0,2.0,0.0,1.0,0.0,0.0
N1,06/05/2018,Sparta Rotterdam,Heracles,2.0,5.0,A,1.0,1.0,D,2.14,3.79,3.0,2.1,3.7,3.3,2.1,3.7,2.9,2017/18,€15.45m,€22.25m,2.1,3.9,3.1,10.0,15.0,6.0,11.0,17.0,11.0,3.0,5.0,3.0,0.0,0.0,0.0
N1,06/05/2018,Twente,NAC Breda,1.0,1.0,D,1.0,1.0,D,2.14,3.75,3.1,2.15,3.6,3.25,2.15,3.5,2.9,2017/18,€22.15m,€17.15m,2.2,3.8,3.0,20.0,11.0,8.0,5.0,11.0,7.0,7.0,4.0,0.0,0.0,0.0,0.0
N1,06/05/2018,Utrecht,VVV Venlo,1.0,0.0,H,0.0,0.0,D,1.44,4.5,6.5,1.48,4.5,6.75,1.44,4.5,6.5,2017/18,€46.63m,€13.58m,1.44,4.75,7.0,25.0,12.0,8.0,4.0,14.0,5.0,9.0,4.0,2.0,1.0,0.0,0.0
N1,06/05/2018,Willem II,Vitesse,2.0,2.0,D,1.0,0.0,H,2.89,3.79,2.2,3.1,3.7,2.2,3.0,3.6,2.1,2017/18,€18.65m,€39.78m,3.1,3.8,2.15,19.0,15.0,8.0,4.0,5.0,8.0,2.0,4.0,0.0,0.0,0.0,0.0
