Club,2023/24,2022/23,2021/22,2020/21
Southampton FC,€332.48m,N/A,N/A,N/A
Leeds United,€244.50m,N/A,N/A,N/A
Leicester City,€242.85m,N/A,N/A,N/A
Hull City,€126.83m,€65.95m,€40.35m,N/A
Middlesbrough FC,€107.58m,€94.48m,€74.15m,€59.05m
Sunderland AFC,€96.45m,€84.45m,N/A,N/A
Norwich City,€94.13m,€126.55m,N/A,€182.40m
Blackburn Rovers,€91.70m,€83.95m,€63.10m,€79.75m
Coventry City,€87.33m,€66.65m,€30.78m,€21.85m
Swansea City,€78.83m,€65.43m,€63.75m,€94.95m
Stoke City,€74.10m,€77.35m,€75.40m,€75.70m
Watford FC,€72.60m,€155.40m,N/A,€113.30m
Ipswich Town,€69.88m,N/A,N/A,N/A
West Bromwich Albion,€64.85m,€69.35m,€87.40m,N/A
Cardiff City,€58.75m,€50.20m,€45.80m,€74.25m
Plymouth Argyle,€53.15m,N/A,N/A,N/A
Birmingham City,€50.05m,€59.15m,€47.13m,€46.30m
Bristol City,€46.90m,€65.58m,€36.20m,€57.55m
Preston North End,€42.13m,€56.90m,€47.10m,€47.90m
Millwall FC,€41.35m,€43.30m,€42.75m,€39.18m
Queens Park Rangers,€34.95m,€57.43m,€42.25m,€36.95m
Huddersfield Town,€34.58m,€38.08m,€41.78m,€46.60m
Sheffield Wednesday,€26.43m,N/A,N/A,€31.10m
Rotherham United,€20.83m,€32.40m,N/A,€16.05m
Burnley FC,N/A,€193.35m,N/A,N/A
Sheffield United,N/A,€118.55m,€136.40m,N/A
Luton Town,N/A,€46.83m,€30.25m,€24.95m
Blackpool FC,N/A,€43.33m,€17.78m,N/A
Reading FC,N/A,€39.45m,€45.70m,€68.90m
Wigan Athletic,N/A,€20.58m,N/A,N/A
Fulham FC,N/A,N/A,€188.90m,N/A
AFC Bournemouth,N/A,N/A,€180.40m,€139.55m
Nottingham Forest,N/A,N/A,€82.95m,€55.45m
Derby County,N/A,N/A,€40.55m,€59.95m
Barnsley FC,N/A,N/A,€29.98m,€48.18m
Peterborough United,N/A,N/A,€16.85m,N/A
Brentford FC,N/A,N/A,N/A,€168.90m
Wycombe Wanderers,N/A,N/A,N/A,€9.45m
RCD Espanyol Barcelona,€57.43m,N/A,N/A,€80.00m
Real Valladolid CF,€50.90m,N/A,€66.65m,N/A
Elche CF,€48.70m,N/A,N/A,N/A
Real Oviedo,€36.25m,€31.60m,€22.60m,€13.55m
Villarreal CF B,€35.90m,€25.50m,N/A,N/A
Real Zaragoza,€35.50m,€31.28m,€27.70m,€23.15m
Levante UD,€32.15m,€44.78m,N/A,N/A
SD Eibar,€31.68m,€26.40m,€29.25m,N/A
Sporting Gijón,€31.50m,€30.05m,€30.25m,€23.90m
CD Leganés,€28.90m,€32.00m,€42.55m,€34.48m
Racing Santander,€26.55m,€15.55m,N/A,N/A
CD Mirandés,€20.75m,€24.80m,€22.05m,€16.60m
Albacete Balompié,€20.65m,€18.03m,N/A,€10.15m
Burgos CF,€20.53m,€17.10m,€9.25m,N/A
FC Andorra,€20.45m,€19.00m,N/A,N/A
SD Huesca,€19.95m,€22.98m,€29.90m,N/A
CD Tenerife,€19.18m,€18.15m,€20.90m,€13.70m
Racing Ferrol,€18.60m,N/A,N/A,N/A
FC Cartagena,€15.50m,€19.25m,€14.10m,€13.10m
CD Eldense,€13.10m,N/A,N/A,N/A
SD Amorebieta,€12.75m,N/A,€10.00m,N/A
AD Alcorcón,€11.33m,N/A,€9.38m,€8.40m
Granada CF,N/A,€55.40m,N/A,N/A
Deportivo Alavés,N/A,€36.08m,N/A,N/A
UD Las Palmas,N/A,€30.23m,€25.55m,€20.35m
Málaga CF,N/A,€19.25m,€24.50m,€20.28m
UD Ibiza,N/A,€16.48m,€12.30m,N/A
SD Ponferradina,N/A,€15.25m,€15.55m,€11.50m
CD Lugo,N/A,€11.65m,€8.98m,€8.83m
UD Almería,N/A,N/A,€63.75m,€70.60m
Girona FC,N/A,N/A,€38.05m,€36.33m
Real Sociedad B,N/A,N/A,€32.55m,N/A
CF Fuenlabrada,N/A,N/A,€14.98m,€14.80m
RCD Mallorca,N/A,N/A,N/A,€50.95m
Rayo Vallecano,N/A,N/A,N/A,€29.85m
CD Castellón,N/A,N/A,N/A,€10.00m
UD Logroñés,N/A,N/A,N/A,€9.50m
CE Sabadell FC,N/A,N/A,N/A,€7.15m
Hertha BSC,€62.18m,N/A,N/A,N/A
Fortuna Düsseldorf,€44.90m,€29.30m,€27.28m,€35.93m
Hamburger SV,€42.15m,€38.78m,€43.73m,€35.60m
FC St. Pauli,€42.08m,€25.05m,€25.68m,€23.23m
1.FC Nuremberg,€40.30m,€28.53m,€28.83m,€27.38m
Holstein Kiel,€38.48m,€17.88m,€16.85m,€21.35m
FC Schalke 04,€37.70m,N/A,€43.83m,N/A
Hannover 96,€35.33m,€21.78m,€28.60m,€24.05m
SpVgg Greuther Fürth,€32.63m,€23.60m,N/A,€30.53m
SC Paderborn 07,€25.50m,€25.88m,€19.90m,€22.68m
SV 07 Elversberg,€25.28m,N/A,N/A,N/A
1.FC Kaiserslautern,€24.43m,€14.58m,N/A,N/A
Karlsruher SC,€23.08m,€22.08m,€17.60m,€15.40m
1.FC Magdeburg,€18.05m,€17.50m,N/A,N/A
Eintracht Braunschweig,€17.63m,€19.23m,N/A,€10.18m
SV Wehen Wiesbaden,€16.78m,N/A,N/A,N/A
FC Hansa Rostock,€14.65m,€14.30m,€13.50m,N/A
VfL Osnabrück,€14.10m,N/A,N/A,€13.15m
SV Darmstadt 98,N/A,€27.88m,€20.33m,€17.03m
1.FC Heidenheim 1846,N/A,€25.20m,€18.35m,€20.50m
Arminia Bielefeld,N/A,€25.00m,N/A,N/A
SV Sandhausen,N/A,€15.43m,€16.98m,€14.53m
SSV Jahn Regensburg,N/A,€14.28m,€16.78m,€12.98m
SV Werder Bremen,N/A,N/A,€62.10m,N/A
SG Dynamo Dresden,N/A,N/A,€14.20m,N/A
FC Ingolstadt 04,N/A,N/A,€13.83m,N/A
FC Erzgebirge Aue,N/A,N/A,€11.00m,€13.83m
VfL Bochum,N/A,N/A,N/A,€33.90m
Würzburger Kickers,N/A,N/A,N/A,€11.03m
Parma Calcio 1913,€79.15m,€52.50m,€64.10m,N/A
UC Sampdoria,€54.48m,N/A,N/A,N/A
Como 1907,€54.08m,€31.13m,€18.53m,N/A
Spezia Calcio,€52.68m,N/A,N/A,N/A
Venezia FC,€44.93m,€48.71m,N/A,€29.39m
US Cremonese,€43.55m,N/A,€43.60m,€18.14m
Palermo FC,€42.70m,€31.70m,N/A,N/A
Pisa Sporting Club,€31.15m,€32.70m,€34.33m,N/A
Ternana Calcio,€25.88m,€19.35m,€17.25m,N/A
SSC Bari,€25.00m,€36.93m,N/A,N/A
US Catanzaro,€23.63m,N/A,N/A,N/A
AC Reggiana 1919,€22.75m,N/A,N/A,€8.85m
Brescia Calcio,€21.15m,€21.10m,€36.15m,€44.35m
Cosenza Calcio,€20.85m,€17.90m,€18.03m,€12.64m
Modena FC,€20.20m,€20.98m,N/A,N/A
Ascoli Calcio,€19.31m,€23.48m,€20.95m,€20.48m
AS Cittadella,€14.68m,€17.68m,€17.08m,€13.55m
FC Südtirol,€14.60m,€22.58m,N/A,N/A
Feralpisalò,€12.10m,N/A,N/A,N/A
Calcio Lecco 1912,€11.20m,N/A,N/A,N/A
Genoa CFC,N/A,€67.98m,N/A,N/A
Cagliari Calcio,N/A,€41.83m,N/A,N/A
Frosinone Calcio,N/A,€40.13m,€30.73m,€18.78m
Reggina 1914,N/A,€24.23m,€17.35m,€17.74m
Benevento Calcio,N/A,€22.02m,€27.15m,N/A
SPAL,N/A,€19.98m,€31.13m,€47.70m
AC Perugia Calcio,N/A,€14.50m,€18.85m,N/A
AC Monza,N/A,N/A,€47.74m,€54.29m
US Lecce,N/A,N/A,€42.30m,€34.23m
FC Crotone,N/A,N/A,€27.18m,N/A
LR Vicenza,N/A,N/A,€19.60m,€11.10m
Pordenone Calcio,N/A,N/A,€17.33m,€18.90m
US Alessandria Calcio 1912,N/A,N/A,€14.13m,N/A
Empoli FC,N/A,N/A,N/A,€50.28m
US Salernitana 1919,N/A,N/A,N/A,€27.00m
Chievo Verona,N/A,N/A,N/A,€19.95m
AC Pisa 1909,N/A,N/A,N/A,€18.08m
Delfino Pescara 1936,N/A,N/A,N/A,€17.45m
Virtus Entella,N/A,N/A,N/A,€12.18m
AS Saint-Étienne,€47.20m,€66.50m,N/A,N/A
Angers SCO,€42.05m,N/A,N/A,N/A
AJ Auxerre,€31.70m,N/A,€24.55m,€17.30m
Amiens SC,€29.30m,€28.85m,€28.55m,€52.05m
FC Girondins Bordeaux,€28.85m,€51.55m,N/A,N/A
ESTAC Troyes,€27.65m,N/A,N/A,€28.85m
SM Caen,€27.40m,€24.15m,€28.30m,€22.65m
Paris FC,€22.25m,€25.25m,€26.15m,€18.35m
Valenciennes FC,€19.70m,€22.85m,€22.75m,€24.55m
SC Bastia,€17.90m,€15.80m,€13.40m,N/A
EA Guingamp,€16.55m,€23.00m,€22.80m,€23.45m
Rodez AF,€16.15m,€15.65m,€14.15m,€14.40m
USL Dunkerque,€16.15m,N/A,€13.90m,€11.75m
Pau FC,€15.88m,€13.95m,€16.95m,€13.30m
AC Ajaccio,€15.25m,N/A,€24.40m,€17.90m
FC Annecy,€13.75m,€14.30m,N/A,N/A
Grenoble Foot 38,€13.35m,€15.60m,€17.20m,€15.15m
Quevilly - Rouen Métropole,€13.20m,N/A,N/A,N/A
Stade Lavallois,€12.30m,€11.45m,N/A,N/A
US Concarneau,€9.00m,N/A,N/A,N/A
FC Metz,N/A,€55.30m,N/A,N/A
Le Havre AC,N/A,€50.10m,€31.30m,€18.28m
FC Sochaux-Montbéliard,N/A,€30.75m,€22.95m,€19.75m
Nîmes Olympique,N/A,€23.30m,€30.13m,N/A
Dijon FCO,N/A,€18.70m,€27.65m,N/A
Quevilly Rouen Métropole,N/A,€13.75m,€15.40m,N/A
Chamois Niortais FC,N/A,€12.65m,€21.00m,€18.20m
FC Toulouse,N/A,N/A,€55.05m,€58.83m
AS Nancy-Lorraine,N/A,N/A,€16.55m,€17.65m
Clermont Foot 63,N/A,N/A,N/A,€24.05m
LB Châteauroux,N/A,N/A,N/A,€15.55m
FC Chambly Oise,N/A,N/A,N/A,€12.75m
Lechia Gdansk,€10.55m,N/A,N/A,N/A
Wisla Kraków,€8.33m,€7.43m,N/A,N/A
Wisla Plock,€7.28m,N/A,N/A,N/A
Arka Gdynia,€6.38m,€4.95m,€5.73m,€6.35m
Motor Lublin,€6.15m,N/A,N/A,N/A
GKS Katowice,€5.90m,€4.93m,€3.48m,N/A
Miedz Legnica,€5.68m,N/A,€6.58m,€4.75m
Stal Rzeszow,€5.40m,€4.78m,N/A,N/A
GKS Tychy,€5.28m,€4.20m,€3.93m,€4.93m
Gornik Leczna,€5.18m,€5.05m,N/A,€4.05m
Bruk-Bet Termalica Nieciecza,€5.18m,€6.13m,N/A,€5.55m
Odra Opole,€4.40m,€3.30m,€4.05m,€3.40m
Polonia Warsaw,€4.38m,N/A,N/A,N/A
Chrobry Glogow,€4.30m,€4.85m,€4.03m,€2.95m
Podbeskidzie Bielsko-Biala,€3.78m,€5.40m,€4.10m,N/A
Zaglebie Sosnowiec,€3.50m,€4.58m,€3.65m,€3.30m
Znicz Pruszkow,€3.40m,N/A,N/A,N/A
Resovia Rzeszow,€2.70m,€3.98m,€3.33m,€3.05m
LKS Lodz,N/A,€6.80m,€4.35m,€5.68m
Puszcza Niepolomice,N/A,€6.45m,€3.03m,€3.65m
Ruch Chorzow,N/A,€5.80m,N/A,N/A
Sandecja Nowy Sacz,N/A,€1.35m,€3.68m,€3.05m
Skra Czestochowa,N/A,€1.35m,€3.43m,N/A
Chojniczanka Chojnice,N/A,€1.28m,N/A,N/A
Korona Kielce,N/A,N/A,€6.95m,€4.75m
Widzew Lodz,N/A,N/A,€6.65m,€4.40m
Stomil Olsztyn,N/A,N/A,€3.05m,€3.45m
GKS Jastrzebie,N/A,N/A,€2.55m,€2.88m
Gornik Polkowice,N/A,N/A,€2.20m,N/A
Radomiak Radom,N/A,N/A,N/A,€6.25m
GKS Belchatow,N/A,N/A,N/A,€3.15m
