Div,Date,HomeTeam,AwayTeam,FTHG,FTAG,FTR,HTHG,HTAG,HTR,B365H,B365D,B365A,BWH,BWD,BWA,GBH,GBD,GBA,LBH,LBD,LBA,Season,HomeValue,AwayValue,HS,AS,HST,AST,HY,AY,HR,AR,VCH,VCD,VCA,HC,AC,HF,AF,PSCH,PSCD,PSCA
F1,10/08/2012,Montpellier,Toulouse,1.0,1.0,D,1.0,0.0,H,1.83,3.4,4.5,1.78,3.4,4.6,1.78,3.4,4.6,1.73,3.2,4.5,2012/13,€78.70m,€82.00m,9.0,12.0,2.0,3.0,1.0,1.0,1.0,2.0,1.87,3.4,5.0,2.0,5.0,18.0,25.0,2.15,3.17,4.16
F1,11/08/2012,Evian Thonon Gaillard,Bordeaux,2.0,3.0,A,1.0,2.0,A,2.75,3.2,2.6,2.8,3.1,2.55,2.8,3.1,2.55,2.5,3.2,2.5,2012/13,€34.55m,€80.95m,9.0,12.0,3.0,9.0,3.0,3.0,0.0,0.0,2.9,3.25,2.62,5.0,6.0,11.0,11.0,3.29,3.13,2.52
F1,11/08/2012,Nancy,Brest,1.0,0.0,H,0.0,0.0,D,2.1,3.2,3.6,2.15,3.0,3.7,2.15,3.0,3.7,2.1,3.0,3.4,2012/13,€36.85m,€36.10m,11.0,2.0,5.0,1.0,1.0,2.0,0.0,0.0,2.15,3.2,4.0,11.0,3.0,23.0,22.0,1.89,3.34,5.19
F1,11/08/2012,Nice,Ajaccio,0.0,1.0,A,0.0,1.0,A,1.91,3.25,4.33,1.9,3.25,4.25,1.9,3.25,4.25,1.83,3.2,3.75,2012/13,€59.15m,€34.10m,8.0,3.0,2.0,2.0,2.0,4.0,0.0,1.0,1.98,3.3,4.6,7.0,2.0,15.0,18.0,2.19,3.18,4.01
F1,11/08/2012,Paris SG,Lorient,2.0,2.0,D,0.0,2.0,A,1.33,4.75,10.0,1.3,4.75,10.5,1.3,4.75,10.5,1.33,4.0,8.0,2012/13,€313.60m,€63.75m,20.0,12.0,9.0,6.0,1.0,1.0,0.0,1.0,1.33,4.5,11.5,9.0,2.0,11.0,12.0,1.37,5.18,10.5
F1,11/08/2012,Stade Rennais FC,Lyon,0.0,1.0,A,0.0,1.0,A,2.5,3.0,3.0,2.55,3.1,2.8,2.55,3.1,2.8,2.5,3.0,2.62,2012/13,€97.80m,€155.65m,6.0,9.0,1.0,2.0,0.0,5.0,1.0,0.0,2.55,3.25,3.0,4.0,2.0,9.0,16.0,2.06,3.31,4.23
F1,11/08/2012,Sochaux,Bastia,2.0,3.0,A,1.0,0.0,H,2.2,3.2,3.4,2.25,3.1,3.3,2.25,3.1,3.3,2.0,3.0,3.4,2012/13,€46.85m,€36.05m,10.0,10.0,5.0,7.0,1.0,2.0,0.0,0.0,2.38,3.2,3.4,4.0,5.0,13.0,24.0,3.05,3.04,2.76
F1,11/08/2012,St Etienne,Lille,1.0,2.0,A,0.0,0.0,D,3.0,3.0,2.5,3.1,3.1,2.35,3.1,3.1,2.35,3.1,3.0,2.2,2012/13,€97.60m,€114.60m,9.0,10.0,4.0,4.0,2.0,2.0,0.0,0.0,3.12,3.1,2.55,3.0,1.0,23.0,12.0,2.99,3.3,2.61
F1,11/08/2012,Troyes,Valenciennes,0.0,1.0,A,0.0,1.0,A,2.4,3.1,3.1,2.45,3.0,3.0,2.45,3.0,3.0,2.38,3.0,2.88,2012/13,€21.80m,€49.75m,12.0,5.0,3.0,1.0,2.0,0.0,0.0,0.0,2.6,3.1,3.12,5.0,2.0,9.0,8.0,2.5,3.16,3.29
F1,12/08/2012,Reims,Marseille,0.0,1.0,A,0.0,0.0,D,3.5,3.1,2.2,3.6,3.2,2.1,3.6,3.2,2.1,3.5,3.0,2.0,2012/13,€29.50m,€150.65m,14.0,17.0,4.0,8.0,2.0,1.0,0.0,0.0,3.6,3.25,2.25,10.0,7.0,13.0,8.0,3.6,3.35,2.25
F1,17/08/2012,Lille,Nancy,1.0,1.0,D,1.0,1.0,D,1.44,4.0,8.0,1.44,4.2,7.25,1.44,4.2,7.25,1.4,4.33,8.5,2012/13,€114.60m,€36.85m,12.0,5.0,4.0,1.0,2.0,2.0,0.0,1.0,1.45,4.4,9.0,0.0,2.0,18.0,18.0,1.51,4.21,8.42
F1,18/08/2012,Bastia,Reims,2.0,1.0,H,0.0,1.0,A,1.7,3.5,5.25,1.7,3.4,5.25,1.7,3.4,5.25,1.67,3.1,5.0,2012/13,€36.05m,€29.50m,9.0,3.0,3.0,2.0,2.0,2.0,0.0,0.0,1.73,3.6,5.75,7.0,2.0,13.0,14.0,1.7,3.65,6.35
F1,18/08/2012,Brest,Evian Thonon Gaillard,1.0,0.0,H,0.0,0.0,D,2.38,3.0,3.2,2.35,3.0,3.2,2.35,3.0,3.2,2.25,2.8,3.1,2012/13,€36.10m,€34.55m,15.0,8.0,4.0,3.0,2.0,3.0,0.0,0.0,2.5,3.12,3.25,10.0,8.0,12.0,15.0,2.54,3.08,3.29
F1,18/08/2012,Lorient,Montpellier,2.0,1.0,H,0.0,1.0,A,2.7,3.0,2.75,2.8,3.2,2.65,2.8,3.2,2.65,2.6,3.0,2.5,2012/13,€63.75m,€78.70m,12.0,6.0,3.0,4.0,1.0,3.0,0.0,0.0,2.75,3.1,2.9,4.0,4.0,8.0,17.0,3.02,3.21,2.65
F1,18/08/2012,Lyon,Troyes,4.0,1.0,H,0.0,0.0,D,1.44,4.2,7.5,1.44,4.1,7.5,1.44,4.1,7.5,1.4,3.8,7.0,2012/13,€155.65m,€21.80m,24.0,6.0,10.0,2.0,2.0,0.0,0.0,1.0,1.44,4.6,9.0,10.0,3.0,16.0,12.0,1.45,4.51,9.05
F1,18/08/2012,Toulouse,St Etienne,2.0,1.0,H,1.0,0.0,H,2.15,3.0,3.75,2.15,3.1,3.5,2.15,3.1,3.5,2.1,2.8,3.4,2012/13,€82.00m,€97.60m,9.0,11.0,7.0,5.0,3.0,2.0,0.0,0.0,2.2,3.1,4.0,4.0,4.0,14.0,12.0,2.35,3.22,3.48
F1,18/08/2012,Valenciennes,Nice,0.0,0.0,D,0.0,0.0,D,1.91,3.25,4.33,1.9,3.2,4.33,1.9,3.2,4.33,1.91,3.0,3.8,2012/13,€49.75m,€59.15m,8.0,11.0,6.0,4.0,1.0,3.0,0.0,0.0,1.98,3.3,4.6,8.0,6.0,10.0,16.0,1.79,3.42,5.86
F1,19/08/2012,Ajaccio,Paris SG,0.0,0.0,D,0.0,0.0,D,6.0,3.6,1.62,6.25,3.9,1.53,6.25,3.9,1.53,5.0,3.25,1.62,2012/13,€34.10m,€313.60m,10.0,7.0,2.0,3.0,3.0,2.0,0.0,1.0,6.5,3.8,1.62,7.0,4.0,7.0,9.0,5.94,3.84,1.69
F1,19/08/2012,Bordeaux,Stade Rennais FC,1.0,0.0,H,0.0,0.0,D,2.1,3.1,3.75,2.1,3.1,4.0,2.1,3.1,4.0,2.0,3.0,3.5,2012/13,€80.95m,€97.80m,10.0,11.0,4.0,3.0,1.0,1.0,0.0,0.0,2.1,3.25,4.1,8.0,5.0,11.0,13.0,2.29,3.32,3.52
F1,19/08/2012,Marseille,Sochaux,2.0,0.0,H,0.0,0.0,D,1.44,4.0,8.0,1.48,3.9,7.25,1.48,3.9,7.25,1.5,3.5,6.0,2012/13,€150.65m,€46.85m,23.0,5.0,6.0,2.0,0.0,0.0,0.0,0.0,1.45,4.4,8.5,9.0,1.0,16.0,15.0,1.43,4.59,9.94
F1,24/08/2012,Evian Thonon Gaillard,Lyon,1.0,1.0,D,0.0,0.0,D,3.6,3.2,2.1,3.6,3.25,2.05,3.6,3.25,2.05,3.5,3.3,2.05,2012/13,€34.55m,€155.65m,18.0,10.0,3.0,2.0,2.0,2.0,0.0,0.0,3.75,3.3,2.2,6.0,5.0,14.0,16.0,3.92,3.47,2.09
F1,25/08/2012,Nancy,Toulouse,0.0,1.0,A,0.0,1.0,A,2.38,3.1,3.1,2.35,3.0,3.2,2.35,3.0,3.2,2.3,3.1,3.25,2012/13,€36.85m,€82.00m,9.0,10.0,3.0,5.0,1.0,3.0,1.0,0.0,2.4,3.1,3.4,4.0,7.0,18.0,19.0,2.27,3.09,3.81
F1,25/08/2012,Nice,Lille,2.0,2.0,D,1.0,1.0,D,4.0,3.2,2.0,3.9,3.3,2.05,3.9,3.3,2.05,3.5,3.1,2.2,2012/13,€59.15m,€114.60m,11.0,10.0,7.0,5.0,1.0,0.0,0.0,0.0,3.9,3.12,2.2,4.0,7.0,19.0,15.0,3.51,3.24,2.31
F1,25/08/2012,Reims,Sochaux,1.0,0.0,H,0.0,0.0,D,2.15,3.2,3.5,2.15,3.1,3.5,2.15,3.1,3.5,2.25,3.2,3.25,2012/13,€29.50m,€46.85m,9.0,9.0,2.0,1.0,0.0,2.0,0.0,1.0,2.15,3.2,3.9,0.0,2.0,20.0,15.0,2.11,3.4,3.89
F1,25/08/2012,Stade Rennais FC,Bastia,3.0,2.0,H,2.0,1.0,H,1.83,3.4,4.5,1.78,3.4,5.0,1.78,3.4,5.0,1.8,3.25,5.0,2012/13,€97.80m,€36.05m,13.0,9.0,7.0,6.0,1.0,4.0,0.0,1.0,1.9,3.4,4.75,5.0,2.0,17.0,19.0,1.81,3.5,5.4
F1,25/08/2012,Troyes,Lorient,2.0,2.0,D,1.0,1.0,D,2.6,3.0,2.9,2.7,3.0,2.75,2.7,3.0,2.75,2.75,3.1,2.62,2012/13,€21.80m,€63.75m,5.0,14.0,2.0,4.0,2.0,1.0,0.0,0.0,2.75,3.1,2.9,3.0,7.0,13.0,8.0,2.59,3.14,3.11
F1,25/08/2012,Valenciennes,Ajaccio,3.0,0.0,H,1.0,0.0,H,1.83,3.25,4.75,1.85,3.25,4.5,1.85,3.25,4.5,1.83,3.25,4.5,2012/13,€49.75m,€34.10m,12.0,9.0,3.0,2.0,1.0,4.0,0.0,1.0,1.87,3.4,5.0,1.0,7.0,22.0,16.0,1.85,3.47,5.12
F1,26/08/2012,Montpellier,Marseille,0.0,1.0,A,0.0,0.0,D,2.3,3.1,3.2,2.35,3.1,3.3,2.35,3.1,3.3,2.4,3.1,2.9,2012/13,€78.70m,€150.65m,8.0,13.0,1.0,5.0,2.0,3.0,0.0,0.0,2.38,3.2,3.4,4.0,4.0,17.0,15.0,2.54,3.09,3.24
F1,26/08/2012,Paris SG,Bordeaux,0.0,0.0,D,0.0,0.0,D,1.57,3.6,6.5,1.6,3.6,6.0,1.6,3.6,6.0,1.57,3.5,6.0,2012/13,€313.60m,€80.95m,13.0,10.0,4.0,2.0,1.0,1.0,0.0,0.0,1.6,3.9,7.0,7.0,2.0,11.0,8.0,1.6,3.87,7.32
F1,26/08/2012,St Etienne,Brest,4.0,0.0,H,2.0,0.0,H,1.7,3.5,5.25,1.65,3.4,6.0,1.65,3.4,6.0,1.73,3.25,5.0,2012/13,€97.60m,€36.10m,9.0,4.0,6.0,0.0,0.0,1.0,0.0,0.0,1.67,3.6,6.5,6.0,4.0,13.0,15.0,1.59,3.77,7.6
F1,01/09/2012,Ajaccio,Evian Thonon Gaillard,2.0,0.0,H,2.0,0.0,H,2.4,3.2,3.0,2.25,3.1,3.3,2.25,3.1,3.3,2.4,2.9,2.75,2012/13,€34.10m,€34.55m,16.0,14.0,6.0,3.0,2.0,2.0,0.0,0.0,2.45,3.12,3.3,7.0,7.0,20.0,15.0,2.41,3.18,3.38
F1,01/09/2012,Bastia,St Etienne,0.0,3.0,A,0.0,2.0,A,2.4,3.1,3.1,2.4,3.2,3.1,2.4,3.2,3.1,2.2,3.0,3.0,2012/13,€36.05m,€97.60m,20.0,13.0,3.0,6.0,4.0,2.0,0.0,0.0,2.45,3.2,3.2,10.0,4.0,13.0,15.0,2.52,3.27,3.1
F1,01/09/2012,Brest,Troyes,2.0,1.0,H,1.0,0.0,H,2.15,3.0,3.75,2.1,3.0,3.8,2.1,3.0,3.8,1.95,2.9,3.75,2012/13,€36.10m,€21.80m,13.0,8.0,3.0,6.0,0.0,4.0,0.0,0.0,2.2,3.12,3.9,7.0,5.0,10.0,15.0,2.43,3.03,3.53
F1,01/09/2012,Lorient,Nancy,3.0,0.0,H,2.0,0.0,H,2.0,3.2,4.0,2.05,3.1,3.8,2.05,3.1,3.8,2.0,3.0,3.5,2012/13,€63.75m,€36.85m,13.0,10.0,5.0,4.0,0.0,1.0,0.0,0.0,2.05,3.2,4.3,7.0,8.0,10.0,16.0,1.99,3.33,4.49
F1,01/09/2012,Lyon,Valenciennes,3.0,2.0,H,2.0,1.0,H,1.62,3.75,5.5,1.6,3.75,5.5,1.6,3.75,5.5,1.57,3.5,5.0,2012/13,€155.65m,€49.75m,12.0,10.0,6.0,3.0,1.0,1.0,0.0,0.0,1.65,3.9,6.0,4.0,8.0,16.0,17.0,1.75,3.65,5.56
F1,01/09/2012,Sochaux,Montpellier,1.0,3.0,A,0.0,1.0,A,3.6,3.1,2.15,3.5,3.25,2.2,3.5,3.25,2.2,3.0,3.0,2.2,2012/13,€46.85m,€78.70m,11.0,9.0,2.0,3.0,2.0,3.0,0.0,0.0,3.8,3.2,2.2,4.0,5.0,18.0,15.0,4.76,3.33,1.94
F1,01/09/2012,Toulouse,Reims,1.0,1.0,D,0.0,0.0,D,1.67,3.5,5.5,1.67,3.4,5.75,1.67,3.4,5.75,1.67,3.1,5.0,2012/13,€82.00m,€29.50m,19.0,10.0,7.0,4.0,1.0,2.0,0.0,0.0,1.7,3.6,6.25,7.0,4.0,10.0,16.0,1.6,3.77,7.45
F1,02/09/2012,Bordeaux,Nice,1.0,1.0,D,0.0,0.0,D,1.62,3.6,6.0,1.62,3.5,6.0,1.62,3.5,6.0,1.62,3.1,5.5,2012/13,€80.95m,€59.15m,17.0,9.0,5.0,5.0,0.0,3.0,1.0,0.0,1.65,3.6,6.5,4.0,6.0,20.0,21.0,1.59,3.84,7.42
F1,02/09/2012,Lille,Paris SG,1.0,2.0,A,1.0,2.0,A,2.7,3.25,2.6,2.7,3.4,2.6,2.7,3.4,2.6,2.3,3.1,2.75,2012/13,€114.60m,€313.60m,9.0,7.0,4.0,3.0,1.0,2.0,0.0,0.0,2.88,3.4,2.6,3.0,3.0,17.0,21.0,2.91,3.31,2.63
F1,02/09/2012,Marseille,Stade Rennais FC,3.0,1.0,H,1.0,0.0,H,1.91,3.25,4.2,1.9,3.25,4.2,1.9,3.25,4.2,1.91,3.0,3.75,2012/13,€150.65m,€97.80m,19.0,6.0,7.0,1.0,2.0,1.0,0.0,0.0,2.0,3.3,4.5,7.0,2.0,14.0,15.0,2.02,3.38,4.28
F1,14/09/2012,Paris SG,Toulouse,2.0,0.0,H,1.0,0.0,H,1.4,4.2,9.0,1.42,4.2,7.75,1.42,4.2,7.75,1.44,4.33,7.0,2012/13,€313.60m,€82.00m,11.0,11.0,6.0,2.0,3.0,1.0,0.0,0.0,1.45,4.4,8.5,4.0,8.0,13.0,11.0,1.5,4.25,8.61
F1,14/09/2012,Reims,Montpellier,3.0,1.0,H,1.0,0.0,H,3.4,3.0,2.3,3.3,3.1,2.35,3.3,3.1,2.35,3.2,3.1,2.25,2012/13,€29.50m,€78.70m,11.0,19.0,5.0,9.0,1.0,1.0,0.0,0.0,3.6,3.1,2.38,3.0,6.0,16.0,11.0,4.03,3.2,2.17
F1,15/09/2012,Evian Thonon Gaillard,Bastia,3.0,0.0,H,1.0,0.0,H,2.3,3.2,3.2,2.2,3.25,3.25,2.2,3.25,3.25,2.25,3.1,2.88,2012/13,€34.55m,€36.05m,13.0,12.0,3.0,2.0,3.0,3.0,0.0,0.0,2.45,3.3,3.2,3.0,5.0,12.0,13.0,2.54,3.42,2.99
F1,15/09/2012,Nice,Brest,4.0,2.0,H,0.0,0.0,D,2.0,3.2,4.0,2.0,3.1,4.0,2.0,3.1,4.0,2.0,2.88,3.75,2012/13,€59.15m,€36.10m,13.0,12.0,6.0,4.0,1.0,2.0,0.0,0.0,2.05,3.2,4.3,8.0,2.0,13.0,20.0,1.96,3.25,4.91
F1,15/09/2012,St Etienne,Sochaux,0.0,1.0,A,0.0,0.0,D,1.5,3.8,7.5,1.53,3.75,6.75,1.53,3.75,6.75,1.5,3.75,5.5,2012/13,€97.60m,€46.85m,13.0,8.0,8.0,1.0,2.0,3.0,1.0,0.0,1.53,4.0,8.0,6.0,6.0,8.0,10.0,1.48,4.51,8.22
F1,15/09/2012,Troyes,Lille,1.0,1.0,D,0.0,1.0,A,4.0,3.2,2.0,4.1,3.3,1.91,4.1,3.3,1.91,3.6,3.4,2.05,2012/13,€21.80m,€114.60m,11.0,15.0,2.0,5.0,1.0,1.0,0.0,0.0,4.1,3.3,2.05,2.0,7.0,12.0,16.0,5.04,3.62,1.83
F1,15/09/2012,Valenciennes,Bordeaux,0.0,0.0,D,0.0,0.0,D,2.63,3.0,2.88,2.65,3.1,2.9,2.65,3.1,2.9,2.62,3.0,2.75,2012/13,€49.75m,€80.95m,12.0,12.0,3.0,2.0,0.0,2.0,0.0,0.0,2.7,3.1,3.0,8.0,4.0,15.0,15.0,2.91,3.19,2.76
F1,16/09/2012,Lyon,Ajaccio,2.0,0.0,H,1.0,0.0,H,1.44,4.2,7.5,1.4,4.25,8.25,1.4,4.25,8.25,1.33,4.5,7.5,2012/13,€155.65m,€34.10m,15.0,7.0,9.0,1.0,1.0,2.0,0.0,0.0,1.45,4.5,9.0,4.0,6.0,7.0,11.0,1.48,4.55,8.05
F1,16/09/2012,Nancy,Marseille,0.0,1.0,A,0.0,0.0,D,3.4,3.1,2.25,3.3,3.1,2.25,3.3,3.1,2.25,3.5,3.1,2.2,2012/13,€36.85m,€150.65m,12.0,15.0,1.0,6.0,2.0,0.0,0.0,0.0,3.6,3.12,2.3,3.0,6.0,11.0,12.0,3.85,3.38,2.15
F1,16/09/2012,Stade Rennais FC,Lorient,1.0,2.0,A,0.0,2.0,A,1.83,3.25,4.75,1.83,3.5,4.6,1.83,3.5,4.6,1.83,3.4,4.5,2012/13,€97.80m,€63.75m,16.0,10.0,5.0,6.0,1.0,1.0,1.0,2.0,1.91,3.3,5.0,7.0,5.0,13.0,16.0,1.93,3.44,4.75
F1,21/09/2012,Montpellier,St Etienne,1.0,1.0,D,0.0,1.0,A,2.0,3.2,4.0,2.2,3.3,3.5,2.2,3.3,3.5,2.2,3.2,3.4,2012/13,€78.70m,€97.60m,13.0,14.0,3.0,3.0,0.0,2.0,0.0,0.0,2.2,3.12,3.9,5.0,11.0,15.0,14.0,1.99,3.52,4.28
F1,22/09/2012,Bastia,Paris SG,0.0,4.0,A,0.0,2.0,A,5.25,3.6,1.67,4.75,3.8,1.67,4.75,3.8,1.67,5.0,3.6,1.7,2012/13,€36.05m,€313.60m,10.0,9.0,4.0,4.0,3.0,4.0,0.0,0.0,5.4,4.0,1.67,8.0,1.0,17.0,17.0,5.25,3.69,1.79
F1,22/09/2012,Brest,Valenciennes,2.0,1.0,H,0.0,1.0,A,2.7,3.0,2.75,2.75,3.1,2.85,2.75,3.1,2.85,2.62,3.0,2.75,2012/13,€36.10m,€49.75m,15.0,17.0,6.0,3.0,2.0,2.0,0.0,1.0,2.8,3.1,2.88,3.0,3.0,15.0,17.0,3.0,3.11,2.75
F1,22/09/2012,Lorient,Nice,1.0,1.0,D,0.0,1.0,A,1.91,3.3,4.2,1.87,3.3,4.33,1.87,3.3,4.33,1.83,3.4,4.5,2012/13,€63.75m,€59.15m,15.0,7.0,4.0,4.0,3.0,2.0,1.0,0.0,1.91,3.4,4.8,12.0,2.0,12.0,14.0,1.75,3.73,5.59
F1,22/09/2012,Reims,Nancy,2.0,0.0,H,1.0,0.0,H,2.3,3.0,3.4,2.4,3.0,3.1,2.4,3.0,3.1,2.25,3.0,3.4,2012/13,€29.50m,€36.85m,6.0,19.0,3.0,8.0,2.0,1.0,0.0,0.0,2.45,3.1,3.4,7.0,8.0,17.0,13.0,2.34,3.27,3.47
F1,22/09/2012,Sochaux,Troyes,3.0,1.0,H,1.0,1.0,D,2.2,3.2,3.4,2.2,3.1,3.4,2.2,3.1,3.4,2.2,3.2,3.4,2012/13,€46.85m,€21.80m,17.0,7.0,9.0,5.0,1.0,1.0,0.0,1.0,2.38,3.25,3.4,2.0,3.0,7.0,17.0,2.36,3.31,3.39
F1,22/09/2012,Toulouse,Stade Rennais FC,2.0,2.0,D,1.0,1.0,D,2.1,3.25,3.6,2.1,3.1,3.7,2.1,3.1,3.7,2.1,3.2,3.6,2012/13,€82.00m,€97.80m,9.0,9.0,2.0,6.0,1.0,1.0,0.0,0.0,2.25,3.2,3.7,10.0,6.0,11.0,17.0,2.1,3.33,4.09
F1,23/09/2012,Bordeaux,Ajaccio,2.0,2.0,D,0.0,0.0,D,1.57,3.4,7.5,1.57,3.7,6.25,1.57,3.7,6.25,1.53,3.75,7.0,2012/13,€80.95m,€34.10m,13.0,10.0,7.0,3.0,3.0,1.0,0.0,0.0,1.55,4.0,7.5,2.0,7.0,10.0,11.0,1.53,3.98,8.65
F1,23/09/2012,Lille,Lyon,1.0,1.0,D,1.0,0.0,H,2.1,3.3,3.5,2.2,3.3,3.5,2.2,3.3,3.5,2.25,3.3,3.1,2012/13,€114.60m,€155.65m,9.0,7.0,3.0,3.0,2.0,0.0,0.0,0.0,2.25,3.4,3.5,7.0,3.0,18.0,15.0,2.12,3.44,3.86
F1,23/09/2012,Marseille,Evian Thonon Gaillard,1.0,0.0,H,1.0,0.0,H,1.4,4.5,8.0,1.4,4.2,8.5,1.4,4.2,8.5,1.4,4.33,9.0,2012/13,€150.65m,€34.55m,8.0,7.0,3.0,2.0,1.0,1.0,0.0,0.0,1.4,4.6,9.5,5.0,6.0,9.0,22.0,1.43,4.55,9.66
F1,28/09/2012,Stade Rennais FC,Lille,2.0,0.0,H,0.0,0.0,D,2.5,3.1,2.9,2.6,3.1,2.75,2.6,3.1,2.75,2.8,3.1,2.6,2012/13,€97.80m,€114.60m,9.0,9.0,4.0,2.0,1.0,2.0,0.0,0.0,2.6,3.12,3.1,3.0,5.0,17.0,14.0,2.68,3.18,3.0
F1,29/09/2012,Ajaccio,Brest,1.0,0.0,H,0.0,0.0,D,1.91,3.2,4.33,1.9,3.1,4.5,1.9,3.1,4.5,1.91,3.25,4.33,2012/13,€34.10m,€36.10m,12.0,11.0,5.0,1.0,1.0,2.0,0.0,0.0,1.92,3.25,4.8,7.0,2.0,14.0,16.0,1.79,3.42,5.95
F1,29/09/2012,Evian Thonon Gaillard,Lorient,1.0,1.0,D,1.0,0.0,H,2.5,3.1,2.9,2.5,3.1,2.85,2.5,3.1,2.85,2.5,3.0,3.0,2012/13,€34.55m,€63.75m,13.0,11.0,7.0,3.0,5.0,1.0,0.0,0.0,2.62,3.12,3.0,5.0,9.0,22.0,10.0,2.48,3.29,3.2
F1,29/09/2012,Nancy,Montpellier,0.0,2.0,A,0.0,0.0,D,3.2,3.0,2.4,3.1,3.1,2.55,3.1,3.1,2.55,3.2,3.1,2.3,2012/13,€36.85m,€78.70m,10.0,12.0,3.0,4.0,1.0,2.0,0.0,0.0,3.25,3.0,2.5,6.0,3.0,15.0,12.0,3.19,3.13,2.58
F1,29/09/2012,Nice,Bastia,2.0,2.0,D,1.0,1.0,D,2.2,3.0,3.6,2.15,3.2,3.4,2.15,3.2,3.4,2.2,3.2,3.4,2012/13,€59.15m,€36.05m,12.0,8.0,2.0,2.0,5.0,3.0,0.0,0.0,2.2,3.3,3.7,2.0,4.0,19.0,14.0,2.4,3.23,3.41
F1,29/09/2012,Paris SG,Sochaux,2.0,0.0,H,2.0,0.0,H,1.2,6.0,15.0,1.2,5.75,15.5,1.2,5.75,15.5,1.2,6.0,15.0,2012/13,€313.60m,€46.85m,9.0,11.0,4.0,3.0,1.0,2.0,0.0,0.0,1.22,6.5,17.0,0.0,6.0,7.0,9.0,1.18,7.6,23.7
F1,29/09/2012,Troyes,Toulouse,0.0,2.0,A,0.0,0.0,D,3.0,3.0,2.5,3.2,3.1,2.3,3.2,3.1,2.3,3.2,3.0,2.38,2012/13,€21.80m,€82.00m,8.0,16.0,1.0,7.0,1.0,0.0,0.0,0.0,3.2,3.1,2.55,7.0,6.0,17.0,12.0,3.37,3.12,2.48
F1,30/09/2012,Lyon,Bordeaux,0.0,2.0,A,0.0,0.0,D,2.0,3.2,4.0,2.05,3.3,4.0,2.05,3.3,4.0,1.95,3.25,4.0,2012/13,€155.65m,€80.95m,23.0,5.0,6.0,4.0,1.0,2.0,0.0,0.0,2.1,3.25,4.1,11.0,2.0,15.0,16.0,2.06,3.54,3.96
F1,30/09/2012,St Etienne,Reims,0.0,0.0,D,0.0,0.0,D,1.62,3.6,6.0,1.65,3.6,5.25,1.65,3.6,5.25,1.67,3.6,5.0,2012/13,€97.60m,€29.50m,19.0,3.0,5.0,1.0,0.0,3.0,0.0,0.0,1.65,3.75,6.5,8.0,2.0,13.0,15.0,1.57,4.12,7.02
F1,30/09/2012,Valenciennes,Marseille,4.0,1.0,H,3.0,0.0,H,3.3,3.1,2.3,3.5,3.2,2.25,3.5,3.2,2.25,3.5,3.1,2.2,2012/13,€49.75m,€150.65m,15.0,11.0,6.0,3.0,1.0,3.0,0.0,0.0,3.4,3.12,2.38,3.0,6.0,12.0,13.0,3.35,3.23,2.44
F1,05/10/2012,St Etienne,Nancy,4.0,0.0,H,4.0,0.0,H,1.62,3.5,6.5,1.7,3.6,5.75,1.7,3.6,5.75,1.62,3.5,6.0,2012/13,€97.60m,€36.85m,23.0,11.0,10.0,4.0,1.0,0.0,0.0,1.0,1.65,3.7,6.5,7.0,7.0,12.0,12.0,1.57,4.01,7.53
F1,06/10/2012,Bastia,Troyes,3.0,2.0,H,2.0,1.0,H,1.75,3.4,5.0,1.72,3.6,4.75,1.72,3.6,4.75,1.75,3.4,5.0,2012/13,€36.05m,€21.80m,23.0,11.0,6.0,4.0,2.0,0.0,0.0,2.0,1.75,3.6,5.4,6.0,2.0,12.0,15.0,1.61,3.98,6.82
F1,06/10/2012,Lille,Ajaccio,2.0,0.0,H,1.0,0.0,H,1.4,4.33,8.5,1.44,4.4,8.5,1.44,4.4,8.5,1.44,4.0,8.0,2012/13,€114.60m,€34.10m,15.0,10.0,4.0,2.0,2.0,1.0,0.0,0.0,1.45,4.5,8.5,3.0,2.0,18.0,14.0,1.48,4.4,8.65
F1,06/10/2012,Montpellier,Evian Thonon Gaillard,2.0,3.0,A,2.0,1.0,H,1.67,3.5,5.5,1.7,3.4,5.25,1.7,3.4,5.25,1.62,3.5,6.0,2012/13,€78.70m,€34.55m,13.0,4.0,8.0,3.0,4.0,2.0,0.0,0.0,1.7,3.6,6.25,6.0,0.0,16.0,23.0,1.73,3.7,5.73
F1,06/10/2012,Reims,Nice,3.0,1.0,H,1.0,0.0,H,2.2,3.1,3.5,2.15,3.1,3.5,2.15,3.1,3.5,2.05,3.2,3.75,2012/13,€29.50m,€59.15m,5.0,12.0,4.0,3.0,1.0,3.0,0.0,0.0,2.3,3.1,3.6,2.0,5.0,12.0,12.0,2.61,3.21,3.05
F1,06/10/2012,Sochaux,Stade Rennais FC,0.0,1.0,A,0.0,1.0,A,3.1,3.1,2.38,2.95,3.1,2.45,2.95,3.1,2.45,2.88,3.1,2.5,2012/13,€46.85m,€97.80m,11.0,9.0,3.0,2.0,2.0,3.0,0.0,0.0,3.2,3.12,2.5,8.0,4.0,16.0,14.0,3.35,3.16,2.47
F1,06/10/2012,Toulouse,Valenciennes,2.0,2.0,D,0.0,2.0,A,1.83,3.25,4.75,1.91,3.2,4.25,1.91,3.2,4.25,2.0,3.0,4.33,2012/13,€82.00m,€49.75m,19.0,8.0,7.0,3.0,2.0,3.0,0.0,0.0,1.9,3.25,5.2,16.0,1.0,18.0,14.0,1.92,3.5,4.65
F1,07/10/2012,Brest,Bordeaux,1.0,1.0,D,1.0,0.0,H,3.75,3.0,2.15,3.6,2.95,2.2,3.6,2.95,2.2,3.4,3.1,2.25,2012/13,€36.10m,€80.95m,12.0,17.0,2.0,6.0,2.0,3.0,0.0,0.0,3.9,3.12,2.15,1.0,3.0,15.0,12.0,3.76,3.39,2.18
F1,07/10/2012,Lorient,Lyon,1.0,1.0,D,0.0,1.0,A,2.8,3.1,2.6,2.8,3.1,2.55,2.8,3.1,2.55,3.0,3.2,2.4,2012/13,€63.75m,€155.65m,14.0,12.0,6.0,3.0,1.0,1.0,0.0,0.0,2.88,3.12,2.75,8.0,11.0,15.0,17.0,2.41,3.45,3.16
F1,07/10/2012,Marseille,Paris SG,2.0,2.0,D,2.0,2.0,D,3.0,3.2,2.4,3.2,3.3,2.35,3.2,3.3,2.35,3.0,3.2,2.38,2012/13,€150.65m,€313.60m,12.0,8.0,4.0,3.0,1.0,2.0,0.0,0.0,3.12,3.2,2.5,1.0,4.0,11.0,16.0,2.96,3.26,2.66
F1,19/10/2012,Bordeaux,Lille,1.0,1.0,D,1.0,0.0,H,2.25,3.0,3.5,2.15,3.0,3.7,2.15,3.0,3.7,2.1,3.1,3.75,2012/13,€80.95m,€114.60m,13.0,12.0,5.0,6.0,2.0,2.0,0.0,0.0,2.2,3.25,3.75,3.0,4.0,15.0,18.0,2.54,3.17,3.21
F1,20/10/2012,Evian Thonon Gaillard,Toulouse,0.0,4.0,A,0.0,2.0,A,2.63,3.1,2.8,2.65,3.0,2.75,2.65,3.0,2.75,2.62,3.1,2.8,2012/13,€34.55m,€82.00m,16.0,8.0,7.0,5.0,1.0,3.0,0.0,0.0,2.8,3.12,2.8,8.0,0.0,18.0,21.0,2.98,3.25,2.67
F1,20/10/2012,Nancy,Sochaux,1.0,1.0,D,1.0,0.0,H,1.91,3.2,4.33,2.0,2.95,4.33,2.0,2.95,4.33,2.0,3.2,4.0,2012/13,€36.85m,€46.85m,8.0,14.0,4.0,3.0,2.0,3.0,1.0,0.0,1.95,3.2,4.75,3.0,8.0,16.0,13.0,2.0,3.22,4.76
F1,20/10/2012,Nice,St Etienne,1.0,1.0,D,1.0,0.0,H,2.8,3.1,2.6,2.7,3.1,2.65,2.7,3.1,2.65,2.75,3.1,2.62,2012/13,€59.15m,€97.60m,10.0,16.0,3.0,8.0,0.0,0.0,0.0,0.0,3.0,3.2,2.6,4.0,8.0,14.0,10.0,2.89,3.35,2.66
F1,20/10/2012,Paris SG,Reims,1.0,0.0,H,0.0,0.0,D,1.2,6.5,13.0,1.2,6.0,14.5,1.2,6.0,14.5,1.22,6.0,13.0,2012/13,€313.60m,€29.50m,23.0,16.0,6.0,4.0,2.0,2.0,0.0,0.0,1.2,7.0,17.0,5.0,7.0,12.0,7.0,1.22,6.7,18.35
F1,20/10/2012,Stade Rennais FC,Montpellier,2.0,1.0,H,1.0,0.0,H,2.2,3.25,3.3,2.2,3.1,3.4,2.2,3.1,3.4,2.3,3.25,3.1,2012/13,€97.80m,€78.70m,9.0,12.0,4.0,5.0,0.0,3.0,0.0,0.0,2.3,3.25,3.5,6.0,5.0,16.0,15.0,2.16,3.38,3.82
F1,20/10/2012,Valenciennes,Lorient,6.0,1.0,H,2.0,1.0,H,2.1,3.2,3.6,2.1,3.1,3.7,2.1,3.1,3.7,2.15,3.2,3.5,2012/13,€49.75m,€63.75m,12.0,12.0,8.0,3.0,2.0,1.0,0.0,2.0,2.25,3.3,3.6,7.0,4.0,13.0,11.0,2.35,3.31,3.41
F1,21/10/2012,Ajaccio,Bastia,0.0,0.0,D,0.0,0.0,D,2.3,3.2,3.2,2.25,3.2,3.2,2.25,3.2,3.2,2.25,3.25,3.2,2012/13,€34.10m,€36.05m,12.0,9.0,5.0,0.0,2.0,2.0,1.0,1.0,2.45,3.25,3.2,4.0,3.0,17.0,22.0,2.5,3.2,3.24
F1,21/10/2012,Lyon,Brest,1.0,0.0,H,0.0,0.0,D,1.33,5.0,9.0,1.33,4.6,9.75,1.33,4.6,9.75,1.36,4.5,9.0,2012/13,€155.65m,€36.10m,8.0,3.0,5.0,1.0,0.0,1.0,0.0,0.0,1.36,5.0,11.5,5.0,1.0,6.0,14.0,1.32,5.4,12.6
F1,21/10/2012,Troyes,Marseille,1.0,0.0,H,0.0,0.0,D,5.0,3.5,1.73,5.25,3.4,1.7,5.25,3.4,1.7,5.0,3.5,1.73,2012/13,€21.80m,€150.65m,5.0,16.0,2.0,4.0,1.0,1.0,0.0,0.0,5.75,3.7,1.73,4.0,10.0,15.0,8.0,6.29,4.03,1.63
F1,26/10/2012,St Etienne,Stade Rennais FC,2.0,0.0,H,1.0,0.0,H,2.05,3.1,4.0,2.05,3.2,3.7,2.05,3.2,3.7,2.15,3.1,3.6,2012/13,€97.60m,€97.80m,10.0,15.0,6.0,7.0,1.0,2.0,0.0,1.0,2.05,3.3,4.1,6.0,3.0,17.0,14.0,1.88,3.5,4.94
F1,27/10/2012,Lille,Valenciennes,2.0,1.0,H,2.0,0.0,H,1.57,3.6,6.5,1.62,3.6,5.75,1.62,3.6,5.75,1.57,3.75,6.0,2012/13,€114.60m,€49.75m,19.0,9.0,5.0,4.0,2.0,1.0,0.0,1.0,1.65,3.8,6.5,6.0,3.0,21.0,15.0,1.75,3.66,5.66
F1,27/10/2012,Montpellier,Nice,3.0,1.0,H,0.0,0.0,D,1.7,3.5,5.25,1.65,3.5,5.5,1.65,3.5,5.5,1.67,3.5,5.5,2012/13,€78.70m,€59.15m,13.0,10.0,6.0,3.0,4.0,1.0,1.0,0.0,1.73,3.75,5.4,4.0,4.0,19.0,18.0,1.83,3.5,5.35
F1,27/10/2012,Nancy,Paris SG,0.0,1.0,A,0.0,0.0,D,7.5,3.75,1.5,7.5,3.5,1.53,7.5,3.5,1.53,7.0,3.75,1.53,2012/13,€36.85m,€313.60m,13.0,13.0,3.0,4.0,2.0,3.0,0.0,0.0,7.5,4.1,1.53,5.0,8.0,13.0,12.0,7.4,4.38,1.52
F1,27/10/2012,Reims,Troyes,1.0,1.0,D,1.0,0.0,H,1.75,3.4,5.0,1.8,3.4,4.5,1.8,3.4,4.5,1.8,3.4,4.75,2012/13,€29.50m,€21.80m,13.0,18.0,3.0,3.0,0.0,1.0,0.0,0.0,1.85,3.5,5.0,5.0,3.0,7.0,8.0,2.04,3.39,4.23
F1,27/10/2012,Toulouse,Brest,3.0,1.0,H,2.0,0.0,H,1.5,3.75,7.5,1.53,3.7,6.75,1.53,3.7,6.75,1.5,3.75,7.5,2012/13,€82.00m,€36.10m,11.0,15.0,6.0,4.0,1.0,2.0,0.0,0.0,1.5,3.9,9.5,10.0,4.0,12.0,13.0,1.47,4.34,9.3
F1,28/10/2012,Bastia,Bordeaux,3.0,1.0,H,2.0,1.0,H,2.8,3.1,2.6,2.75,3.2,2.55,2.75,3.2,2.55,2.8,3.2,2.5,2012/13,€36.05m,€80.95m,11.0,15.0,4.0,7.0,2.0,2.0,0.0,0.0,2.7,3.2,2.8,5.0,6.0,20.0,14.0,2.77,3.36,2.77
F1,28/10/2012,Lorient,Ajaccio,4.0,4.0,D,1.0,4.0,A,1.75,3.4,5.0,1.7,3.5,5.0,1.7,3.5,5.0,1.73,3.5,5.0,2012/13,€63.75m,€34.10m,27.0,10.0,10.0,6.0,2.0,3.0,0.0,0.0,1.75,3.7,5.2,8.0,2.0,11.0,20.0,1.79,3.8,5.01
F1,02/11/2012,Brest,Lorient,2.0,0.0,H,1.0,0.0,H,3.1,3.1,2.4,3.3,3.1,2.4,3.3,3.1,2.4,2.8,3.1,2.5,2012/13,€36.10m,€63.75m,7.0,15.0,4.0,4.0,2.0,1.0,0.0,0.0,3.12,3.12,2.55,2.0,4.0,17.0,14.0,3.28,3.24,2.46
F1,03/11/2012,Evian Thonon Gaillard,Lille,0.0,2.0,A,0.0,1.0,A,3.6,3.2,2.1,3.4,3.2,2.15,3.4,3.2,2.15,3.5,3.2,2.15,2012/13,€34.55m,€114.60m,15.0,12.0,3.0,6.0,2.0,1.0,0.0,0.0,3.6,3.25,2.25,7.0,6.0,13.0,15.0,3.88,3.29,2.18
F1,03/11/2012,Nice,Nancy,2.0,1.0,H,1.0,1.0,D,2.0,3.2,4.0,2.0,3.3,4.2,2.0,3.3,4.2,2.0,3.2,4.0,2012/13,€59.15m,€36.85m,13.0,10.0,5.0,4.0,2.0,1.0,0.0,0.0,2.05,3.3,4.2,13.0,4.0,14.0,13.0,1.94,3.58,4.41
F1,03/11/2012,Paris SG,St Etienne,1.0,2.0,A,0.0,0.0,D,1.44,4.2,7.5,1.42,4.2,7.75,1.42,4.2,7.75,1.4,4.33,8.5,2012/13,€313.60m,€97.60m,11.0,13.0,3.0,3.0,4.0,1.0,1.0,0.0,1.5,4.3,7.5,5.0,3.0,9.0,9.0,1.53,4.36,7.26
F1,03/11/2012,Stade Rennais FC,Reims,1.0,0.0,H,1.0,0.0,H,1.62,3.6,6.0,1.6,3.6,6.0,1.6,3.6,6.0,1.67,3.5,5.5,2012/13,€97.80m,€29.50m,22.0,5.0,6.0,2.0,1.0,1.0,0.0,1.0,1.62,3.8,7.0,3.0,4.0,15.0,9.0,1.62,3.86,6.94
F1,03/11/2012,Troyes,Montpellier,1.0,1.0,D,1.0,1.0,D,3.5,3.2,2.15,3.6,3.2,2.1,3.6,3.2,2.1,3.5,3.2,2.15,2012/13,€21.80m,€78.70m,7.0,17.0,5.0,5.0,1.0,2.0,0.0,0.0,3.5,3.25,2.25,4.0,7.0,16.0,19.0,3.55,3.44,2.22
F1,03/11/2012,Valenciennes,Sochaux,3.0,1.0,H,2.0,0.0,H,1.57,3.75,6.0,1.62,3.7,5.5,1.62,3.7,5.5,1.57,3.75,6.0,2012/13,€49.75m,€46.85m,22.0,8.0,12.0,2.0,0.0,2.0,0.0,0.0,1.65,3.9,6.0,8.0,4.0,11.0,14.0,1.66,4.16,5.64
F1,04/11/2012,Ajaccio,Marseille,0.0,2.0,A,0.0,0.0,D,3.6,3.2,2.1,3.5,3.25,2.1,3.5,3.25,2.1,3.75,3.1,2.1,2012/13,€34.10m,€150.65m,8.0,11.0,5.0,6.0,2.0,2.0,0.0,0.0,3.8,3.25,2.2,4.0,4.0,14.0,20.0,3.58,3.36,2.25
F1,04/11/2012,Bordeaux,Toulouse,1.0,0.0,H,0.0,0.0,D,2.1,3.2,3.6,2.05,3.3,4.0,2.05,3.3,4.0,2.0,3.2,4.0,2012/13,€80.95m,€82.00m,21.0,4.0,10.0,0.0,2.0,4.0,0.0,0.0,2.15,3.25,3.9,5.0,1.0,16.0,20.0,2.31,3.22,3.58
F1,04/11/2012,Lyon,Bastia,5.0,2.0,H,2.0,2.0,D,1.53,4.0,6.0,1.5,4.1,6.25,1.5,4.1,6.25,1.44,4.33,7.0,2012/13,€155.65m,€36.05m,18.0,13.0,9.0,5.0,1.0,3.0,1.0,1.0,1.57,4.2,6.5,9.0,4.0,16.0,16.0,1.58,4.45,6.15
F1,07/11/2012,Sochaux,Evian Thonon Gaillard,2.0,1.0,H,2.0,0.0,H,2.5,3.2,2.88,2.4,3.2,3.2,2.4,3.2,3.2,2.4,3.1,3.1,2012/13,€46.85m,€34.55m,4.0,11.0,2.0,3.0,1.0,3.0,0.0,0.0,2.5,3.12,3.12,4.0,5.0,17.0,24.0,2.31,3.16,3.63
F1,09/11/2012,Nancy,Stade Rennais FC,1.0,3.0,A,0.0,1.0,A,3.25,3.1,2.3,3.2,3.2,2.4,3.2,3.2,2.4,3.1,3.1,2.4,2012/13,€36.85m,€97.80m,14.0,10.0,6.0,3.0,1.0,1.0,0.0,0.0,3.25,3.2,2.4,8.0,4.0,17.0,6.0,3.12,3.28,2.54
F1,10/11/2012,Bastia,Valenciennes,2.0,3.0,A,1.0,1.0,D,2.3,3.4,3.0,2.3,3.5,3.1,2.3,3.5,3.1,2.3,3.4,3.0,2012/13,€36.05m,€49.75m,12.0,11.0,4.0,6.0,2.0,3.0,0.0,0.0,2.38,3.5,3.1,6.0,6.0,17.0,22.0,2.54,3.59,2.88
F1,10/11/2012,Lille,Brest,1.0,0.0,H,1.0,0.0,H,1.33,4.75,10.0,1.35,4.5,9.25,1.35,4.5,9.25,1.36,4.5,9.0,2012/13,€114.60m,€36.10m,16.0,7.0,4.0,3.0,2.0,3.0,0.0,0.0,1.36,4.8,12.0,8.0,6.0,9.0,20.0,1.35,5.11,11.87
F1,10/11/2012,Reims,Evian Thonon Gaillard,1.0,2.0,A,0.0,1.0,A,2.2,3.1,3.5,2.15,3.1,3.5,2.15,3.1,3.5,2.05,3.25,3.75,2012/13,€29.50m,€34.55m,12.0,16.0,3.0,6.0,1.0,2.0,0.0,0.0,2.2,3.2,3.6,4.0,4.0,11.0,13.0,2.21,3.41,3.64
F1,10/11/2012,St Etienne,Troyes,2.0,0.0,H,0.0,0.0,D,1.4,4.33,8.5,1.4,4.33,8.0,1.4,4.33,8.0,1.4,4.33,8.5,2012/13,€97.60m,€21.80m,16.0,12.0,5.0,2.0,1.0,2.0,0.0,0.0,1.4,4.8,10.0,7.0,4.0,13.0,8.0,1.37,5.25,9.88
F1,10/11/2012,Toulouse,Ajaccio,2.0,4.0,A,1.0,2.0,A,1.57,3.6,6.5,1.57,3.5,6.75,1.57,3.5,6.75,1.57,3.75,6.0,2012/13,€82.00m,€34.10m,21.0,14.0,7.0,8.0,3.0,2.0,0.0,0.0,1.6,3.8,7.5,10.0,1.0,14.0,12.0,1.62,3.95,6.64
F1,11/11/2012,Lorient,Bordeaux,0.0,4.0,A,0.0,2.0,A,2.4,3.1,3.1,2.45,3.1,2.95,2.45,3.1,2.95,2.5,3.1,2.9,2012/13,€63.75m,€80.95m,8.0,10.0,2.0,6.0,1.0,0.0,0.0,0.0,2.5,3.2,3.2,5.0,6.0,12.0,10.0,2.64,3.16,3.08
F1,11/11/2012,Marseille,Nice,2.0,2.0,D,1.0,0.0,H,1.4,4.33,8.5,1.44,4.0,8.0,1.44,4.0,8.0,1.36,4.5,9.0,2012/13,€150.65m,€59.15m,19.0,8.0,8.0,4.0,0.0,1.0,0.0,0.0,1.45,4.3,8.5,2.0,4.0,12.0,11.0,1.54,4.15,7.73
F1,11/11/2012,Montpellier,Paris SG,1.0,1.0,D,0.0,1.0,A,3.25,3.25,2.25,3.3,3.2,2.35,3.3,3.2,2.35,3.25,3.2,2.25,2012/13,€78.70m,€313.60m,20.0,7.0,3.0,4.0,2.0,3.0,1.0,1.0,3.25,3.25,2.4,4.0,5.0,24.0,12.0,3.23,3.48,2.35
F1,11/11/2012,Sochaux,Lyon,1.0,1.0,D,0.0,1.0,A,4.5,3.4,1.83,4.5,3.4,1.8,4.5,3.4,1.8,4.33,3.4,1.83,2012/13,€46.85m,€155.65m,12.0,9.0,5.0,5.0,0.0,2.0,0.0,0.0,4.6,3.5,1.9,3.0,3.0,13.0,15.0,4.16,3.51,2.02
F1,16/11/2012,Lorient,Lille,2.0,0.0,H,1.0,0.0,H,3.1,3.1,2.4,3.3,3.2,2.35,3.3,3.2,2.35,3.2,3.1,2.3,2012/13,€63.75m,€114.60m,14.0,14.0,5.0,5.0,2.0,3.0,0.0,0.0,3.2,3.3,2.4,4.0,10.0,14.0,8.0,3.2,3.54,2.35
F1,17/11/2012,Ajaccio,Sochaux,0.0,1.0,A,0.0,1.0,A,1.83,3.25,4.75,1.8,3.3,4.75,1.8,3.3,4.75,1.83,3.25,4.5,2012/13,€34.10m,€46.85m,18.0,8.0,4.0,5.0,2.0,0.0,0.0,0.0,1.87,3.4,4.75,3.0,3.0,9.0,15.0,1.91,3.38,4.98
F1,17/11/2012,Brest,Bastia,3.0,0.0,H,1.0,0.0,H,2.5,3.1,2.9,2.5,3.2,2.8,2.5,3.2,2.8,2.38,3.2,3.0,2012/13,€36.10m,€36.05m,15.0,5.0,7.0,1.0,3.0,2.0,0.0,1.0,2.5,3.2,3.2,8.0,2.0,16.0,8.0,2.43,3.36,3.21
F1,17/11/2012,Evian Thonon Gaillard,St Etienne,2.0,2.0,D,0.0,2.0,A,3.6,3.2,2.1,3.7,3.1,2.1,3.7,3.1,2.1,3.4,3.25,2.2,2012/13,€34.55m,€97.60m,13.0,7.0,5.0,4.0,1.0,1.0,0.0,0.0,3.7,3.25,2.2,2.0,5.0,15.0,10.0,3.72,3.46,2.16
F1,17/11/2012,Paris SG,Stade Rennais FC,1.0,2.0,A,1.0,2.0,A,1.55,3.8,6.5,1.55,3.9,6.0,1.55,3.9,6.0,1.53,4.0,6.0,2012/13,€313.60m,€97.80m,23.0,8.0,10.0,4.0,3.0,1.0,0.0,2.0,1.57,4.0,7.0,18.0,3.0,20.0,8.0,1.65,3.9,6.32
F1,17/11/2012,Troyes,Nancy,3.0,3.0,D,1.0,3.0,A,2.38,3.0,3.25,2.3,3.1,3.2,2.3,3.1,3.2,2.3,3.1,3.2,2012/13,€21.80m,€36.85m,18.0,19.0,10.0,9.0,2.0,1.0,0.0,0.0,2.45,3.2,3.25,7.0,6.0,13.0,18.0,2.38,3.3,3.37
F1,17/11/2012,Valenciennes,Montpellier,1.0,1.0,D,1.0,1.0,D,2.1,3.25,3.6,2.15,3.2,3.4,2.15,3.2,3.4,2.2,3.25,3.3,2012/13,€49.75m,€78.70m,17.0,13.0,5.0,5.0,2.0,3.0,0.0,1.0,2.15,3.3,3.7,12.0,5.0,16.0,14.0,2.2,3.55,3.51
F1,18/11/2012,Bordeaux,Marseille,1.0,0.0,H,0.0,0.0,D,2.3,3.1,3.25,2.3,3.2,3.4,2.3,3.2,3.4,2.25,3.1,3.4,2012/13,€80.95m,€150.65m,10.0,5.0,6.0,3.0,0.0,2.0,0.0,1.0,2.3,3.2,3.5,4.0,4.0,14.0,16.0,2.29,3.29,3.56
F1,18/11/2012,Lyon,Reims,3.0,0.0,H,1.0,0.0,H,1.4,4.33,8.5,1.4,4.33,8.0,1.4,4.33,8.0,1.4,4.33,8.0,2012/13,€155.65m,€29.50m,18.0,2.0,8.0,1.0,0.0,2.0,0.0,0.0,1.4,4.75,9.5,4.0,1.0,14.0,12.0,1.38,5.0,11.0
F1,18/11/2012,Nice,Toulouse,1.0,0.0,H,0.0,0.0,D,2.63,3.0,2.88,2.8,3.0,2.85,2.8,3.0,2.85,2.75,3.1,2.62,2012/13,€59.15m,€82.00m,11.0,10.0,4.0,2.0,4.0,1.0,0.0,0.0,2.7,3.12,2.88,7.0,2.0,22.0,18.0,2.57,3.2,3.14
F1,23/11/2012,St Etienne,Valenciennes,1.0,0.0,H,0.0,0.0,D,1.8,3.5,4.5,1.8,3.5,4.4,1.8,3.5,4.4,1.8,3.5,4.5,2012/13,€97.60m,€49.75m,20.0,12.0,4.0,1.0,2.0,1.0,0.0,0.0,1.83,3.6,4.8,6.0,3.0,19.0,9.0,1.72,3.92,5.4
F1,24/11/2012,Bastia,Lorient,2.0,1.0,H,2.0,1.0,H,2.4,3.3,2.9,2.4,3.2,2.95,2.4,3.2,2.95,2.4,3.3,2.9,2012/13,€36.05m,€63.75m,12.0,10.0,6.0,4.0,4.0,3.0,1.0,0.0,2.4,3.5,3.0,3.0,6.0,11.0,17.0,2.48,3.65,2.94
F1,24/11/2012,Nancy,Ajaccio,1.0,1.0,D,1.0,0.0,H,2.3,3.1,3.3,2.35,3.1,3.1,2.35,3.1,3.1,2.4,3.2,3.0,2012/13,€36.85m,€34.10m,11.0,18.0,4.0,5.0,4.0,1.0,0.0,0.0,2.38,3.2,3.4,3.0,4.0,15.0,12.0,2.25,3.29,3.65
F1,24/11/2012,Paris SG,Troyes,4.0,0.0,H,1.0,0.0,H,1.18,6.5,15.0,1.19,6.0,15.5,1.19,6.0,15.5,1.22,5.5,15.0,2012/13,€313.60m,€21.80m,8.0,17.0,6.0,4.0,2.0,0.0,0.0,0.0,1.2,7.0,19.0,5.0,5.0,10.0,11.0,1.19,7.68,19.63
F1,24/11/2012,Reims,Brest,0.0,0.0,D,0.0,0.0,D,2.1,3.1,3.75,2.05,3.1,3.9,2.05,3.1,3.9,2.0,3.2,4.0,2012/13,€29.50m,€36.10m,11.0,14.0,3.0,7.0,0.0,2.0,0.0,0.0,2.15,3.12,4.0,4.0,4.0,8.0,19.0,2.29,3.29,3.55
F1,24/11/2012,Stade Rennais FC,Evian Thonon Gaillard,0.0,1.0,A,0.0,0.0,D,1.67,3.6,5.5,1.67,3.4,5.75,1.67,3.4,5.75,1.62,3.75,5.5,2012/13,€97.80m,€34.55m,15.0,6.0,6.0,1.0,0.0,1.0,0.0,0.0,1.7,3.7,5.75,11.0,1.0,7.0,13.0,1.61,4.23,6.23
F1,24/11/2012,Sochaux,Nice,0.0,1.0,A,0.0,1.0,A,2.38,3.1,3.1,2.45,3.1,2.95,2.45,3.1,2.95,2.38,3.2,3.0,2012/13,€46.85m,€59.15m,6.0,17.0,1.0,4.0,1.0,2.0,0.0,0.0,2.6,3.12,3.1,4.0,4.0,16.0,17.0,2.63,3.28,2.98
F1,25/11/2012,Marseille,Lille,1.0,0.0,H,0.0,0.0,D,2.3,3.1,3.3,2.2,3.1,3.4,2.2,3.1,3.4,2.2,3.1,3.5,2012/13,€150.65m,€114.60m,12.0,9.0,6.0,3.0,4.0,3.0,0.0,1.0,2.3,3.2,3.4,1.0,4.0,11.0,13.0,2.21,3.23,3.9
F1,25/11/2012,Montpellier,Bordeaux,1.0,0.0,H,0.0,0.0,D,2.4,3.0,3.2,2.3,3.1,3.2,2.3,3.1,3.2,2.5,3.1,2.9,2012/13,€78.70m,€80.95m,12.0,8.0,3.0,2.0,1.0,3.0,0.0,0.0,2.5,3.2,3.2,6.0,3.0,16.0,18.0,2.23,3.34,3.67
F1,25/11/2012,Toulouse,Lyon,3.0,0.0,H,0.0,0.0,D,2.5,3.1,2.9,2.5,3.1,2.85,2.5,3.1,2.85,2.62,3.2,2.7,2012/13,€82.00m,€155.65m,17.0,8.0,6.0,2.0,1.0,3.0,0.0,0.0,2.62,3.12,3.0,8.0,0.0,20.0,21.0,2.35,3.31,3.41
F1,28/11/2012,Marseille,Lyon,1.0,4.0,A,0.0,2.0,A,2.2,3.2,3.4,2.2,3.1,3.4,2.2,3.1,3.4,2.38,3.2,3.0,2012/13,€150.65m,€155.65m,7.0,6.0,3.0,6.0,1.0,2.0,1.0,0.0,2.2,3.2,3.6,8.0,2.0,14.0,16.0,2.0,3.33,4.43
F1,30/11/2012,Ajaccio,St Etienne,0.0,0.0,D,0.0,0.0,D,3.1,3.1,2.4,3.0,3.1,2.4,3.0,3.1,2.4,3.0,3.2,2.38,2012/13,€34.10m,€97.60m,12.0,7.0,2.0,2.0,0.0,0.0,0.0,0.0,3.12,3.2,2.5,3.0,1.0,7.0,9.0,3.2,3.41,2.41
F1,01/12/2012,Bordeaux,Sochaux,2.0,2.0,D,1.0,1.0,D,1.44,4.2,7.5,1.5,3.75,7.25,1.5,3.75,7.25,1.44,4.0,8.0,2012/13,€80.95m,€46.85m,10.0,6.0,2.0,2.0,2.0,1.0,0.0,0.0,1.45,4.2,8.5,8.0,2.0,17.0,5.0,1.48,4.28,9.18
F1,01/12/2012,Evian Thonon Gaillard,Nancy,1.0,1.0,D,1.0,0.0,H,2.1,3.2,3.6,2.0,3.2,3.9,2.0,3.2,3.9,2.1,3.25,3.5,2012/13,€34.55m,€36.85m,10.0,16.0,4.0,5.0,2.0,3.0,0.0,0.0,2.05,3.4,3.9,5.0,5.0,11.0,17.0,2.1,3.54,3.82
F1,01/12/2012,Lille,Bastia,0.0,0.0,D,0.0,0.0,D,1.4,4.5,8.0,1.45,4.2,7.0,1.45,4.2,7.0,1.44,4.33,7.0,2012/13,€114.60m,€36.05m,15.0,1.0,1.0,0.0,2.0,3.0,0.0,0.0,1.44,4.75,8.5,6.0,2.0,16.0,13.0,1.37,5.05,10.0
F1,01/12/2012,Lyon,Montpellier,1.0,0.0,H,1.0,0.0,H,1.83,3.4,4.5,1.87,3.3,4.25,1.87,3.3,4.25,1.73,3.5,5.0,2012/13,€155.65m,€78.70m,9.0,8.0,4.0,2.0,1.0,3.0,0.0,0.0,1.87,3.5,4.8,6.0,0.0,23.0,27.0,1.86,3.62,4.83
F1,01/12/2012,Nice,Paris SG,2.0,1.0,H,0.0,0.0,D,4.75,3.4,1.8,4.5,3.4,1.8,4.5,3.4,1.8,4.5,3.5,1.8,2012/13,€59.15m,€313.60m,15.0,16.0,5.0,5.0,1.0,2.0,0.0,1.0,4.8,3.6,1.83,5.0,10.0,12.0,18.0,4.92,3.77,1.81
F1,01/12/2012,Valenciennes,Reims,1.0,0.0,H,1.0,0.0,H,1.62,3.75,5.5,1.6,3.7,5.75,1.6,3.7,5.75,1.67,3.5,5.5,2012/13,€49.75m,€29.50m,14.0,17.0,2.0,3.0,0.0,2.0,0.0,0.0,1.65,3.9,6.25,4.0,4.0,10.0,13.0,1.56,4.17,7.18
F1,02/12/2012,Brest,Marseille,1.0,2.0,A,1.0,1.0,D,3.25,3.2,2.25,3.5,3.1,2.15,3.5,3.1,2.15,3.5,3.2,2.15,2012/13,€36.10m,€150.65m,4.0,19.0,4.0,7.0,3.0,3.0,0.0,0.0,3.4,3.2,2.3,6.0,9.0,18.0,11.0,3.7,3.15,2.31
F1,02/12/2012,Lorient,Toulouse,1.0,0.0,H,1.0,0.0,H,2.4,3.2,3.0,2.4,3.0,3.1,2.4,3.0,3.1,2.4,3.2,3.0,2012/13,€63.75m,€82.00m,16.0,9.0,6.0,0.0,2.0,2.0,0.0,0.0,2.4,3.25,3.25,12.0,5.0,17.0,16.0,2.78,3.24,2.85
F1,02/12/2012,Troyes,Stade Rennais FC,2.0,3.0,A,2.0,0.0,H,3.6,3.2,2.1,3.5,3.1,2.15,3.5,3.1,2.15,3.2,3.2,2.25,2012/13,€21.80m,€97.80m,7.0,9.0,4.0,5.0,1.0,3.0,1.0,0.0,3.8,3.3,2.15,7.0,4.0,10.0,10.0,3.17,3.32,2.47
F1,07/12/2012,Toulouse,Bastia,0.0,0.0,D,0.0,0.0,D,1.65,3.6,5.5,1.65,3.7,5.25,1.65,3.7,5.25,1.73,3.5,5.0,2012/13,€82.00m,€36.05m,11.0,9.0,0.0,5.0,3.0,2.0,0.0,0.0,1.7,3.7,5.75,5.0,2.0,13.0,13.0,1.77,3.87,5.09
F1,08/12/2012,Montpellier,Ajaccio,3.0,0.0,H,2.0,0.0,H,1.62,3.6,6.0,1.65,3.4,6.0,1.65,3.4,6.0,1.7,3.6,5.0,2012/13,€78.70m,€34.10m,15.0,8.0,6.0,3.0,1.0,2.0,0.0,0.0,1.67,3.8,6.25,2.0,3.0,16.0,14.0,1.67,3.73,6.55
F1,08/12/2012,Nancy,Valenciennes,1.0,1.0,D,1.0,0.0,H,2.8,3.1,2.6,2.9,3.1,2.5,2.9,3.1,2.5,2.88,3.1,2.5,2012/13,€36.85m,€49.75m,17.0,8.0,2.0,1.0,1.0,4.0,0.0,0.0,2.9,3.12,2.7,6.0,6.0,11.0,12.0,2.58,3.23,3.1
F1,08/12/2012,Paris SG,Evian Thonon Gaillard,4.0,0.0,H,2.0,0.0,H,1.22,6.0,13.0,1.22,5.75,13.0,1.22,5.75,13.0,1.22,6.0,13.0,2012/13,€313.60m,€34.55m,15.0,8.0,7.0,2.0,1.0,3.0,0.0,0.0,1.25,6.25,15.0,3.0,7.0,12.0,11.0,1.23,6.75,16.25
F1,08/12/2012,Stade Rennais FC,Brest,2.0,2.0,D,0.0,0.0,D,1.62,3.5,6.5,1.62,3.4,6.25,1.62,3.4,6.25,1.62,3.75,5.5,2012/13,€97.80m,€36.10m,20.0,11.0,11.0,5.0,1.0,1.0,0.0,1.0,1.65,3.75,6.5,8.0,4.0,6.0,9.0,1.63,3.67,7.6
F1,08/12/2012,Sochaux,Lille,1.0,1.0,D,0.0,0.0,D,4.2,3.2,1.95,4.25,3.25,1.9,4.25,3.25,1.9,4.0,3.2,2.0,2012/13,€46.85m,€114.60m,6.0,22.0,2.0,5.0,1.0,3.0,1.0,0.0,4.33,3.4,2.0,3.0,5.0,10.0,12.0,4.2,3.6,1.98
F1,08/12/2012,Troyes,Nice,1.0,1.0,D,1.0,0.0,H,2.8,3.0,2.7,2.8,3.0,2.65,2.8,3.0,2.65,2.75,3.1,2.62,2012/13,€21.80m,€59.15m,5.0,9.0,2.0,3.0,1.0,1.0,0.0,0.0,2.88,3.2,2.75,3.0,5.0,13.0,11.0,2.85,3.24,2.75
F1,09/12/2012,Marseille,Lorient,0.0,3.0,A,0.0,1.0,A,1.62,3.6,6.0,1.65,3.4,6.0,1.65,3.4,6.0,1.67,3.5,5.5,2012/13,€150.65m,€63.75m,10.0,10.0,4.0,5.0,0.0,1.0,1.0,0.0,1.67,3.7,6.5,10.0,1.0,11.0,14.0,1.63,3.95,6.58
F1,09/12/2012,Reims,Bordeaux,0.0,0.0,D,0.0,0.0,D,3.4,3.1,2.25,3.4,3.1,2.2,3.4,3.1,2.2,3.4,3.1,2.25,2012/13,€29.50m,€80.95m,10.0,10.0,1.0,2.0,4.0,3.0,0.0,0.0,3.6,3.25,2.25,2.0,3.0,12.0,10.0,4.33,3.35,2.04
F1,09/12/2012,St Etienne,Lyon,0.0,1.0,A,0.0,0.0,D,2.05,3.2,3.75,2.15,3.2,3.4,2.15,3.2,3.4,2.25,3.2,3.2,2012/13,€97.60m,€155.65m,8.0,7.0,1.0,2.0,2.0,1.0,1.0,1.0,2.25,3.25,3.7,4.0,5.0,15.0,20.0,2.34,3.38,3.37
F1,11/12/2012,Lille,Toulouse,2.0,0.0,H,0.0,0.0,D,1.73,3.4,5.25,1.72,3.5,5.0,1.72,3.5,5.0,1.8,3.5,4.5,2012/13,€114.60m,€82.00m,9.0,7.0,6.0,2.0,2.0,2.0,0.0,0.0,1.75,3.5,5.2,4.0,2.0,15.0,20.0,1.7,3.59,6.55
F1,11/12/2012,Nice,Stade Rennais FC,1.0,0.0,H,0.0,0.0,D,2.3,3.1,3.25,2.35,3.1,3.1,2.35,3.1,3.1,2.3,3.2,3.1,2012/13,€59.15m,€97.80m,11.0,5.0,3.0,3.0,0.0,1.0,0.0,2.0,2.4,3.2,3.25,5.0,5.0,13.0,18.0,2.49,3.34,3.14
F1,11/12/2012,Valenciennes,Paris SG,0.0,4.0,A,0.0,1.0,A,4.33,3.5,1.83,4.2,3.4,1.85,4.2,3.4,1.85,4.33,3.5,1.83,2012/13,€49.75m,€313.60m,10.0,20.0,1.0,9.0,1.0,1.0,0.0,0.0,4.5,3.6,1.9,7.0,2.0,12.0,6.0,4.7,3.7,1.86
F1,12/12/2012,Ajaccio,Reims,2.0,0.0,H,1.0,0.0,H,1.8,3.3,4.75,1.8,3.3,4.75,1.8,3.3,4.75,1.91,3.1,4.5,2012/13,€34.10m,€29.50m,11.0,17.0,3.0,4.0,3.0,0.0,0.0,0.0,1.87,3.4,5.0,6.0,10.0,18.0,8.0,1.87,3.28,5.56
F1,12/12/2012,Bastia,Marseille,1.0,2.0,A,0.0,1.0,A,3.5,3.2,2.15,3.1,3.2,2.3,3.1,3.2,2.3,3.2,3.25,2.25,2012/13,€36.05m,€150.65m,11.0,16.0,3.0,6.0,3.0,2.0,0.0,0.0,3.5,3.2,2.3,0.0,9.0,13.0,25.0,3.99,3.39,2.1
F1,12/12/2012,Brest,Montpellier,1.0,2.0,A,1.0,1.0,D,3.0,3.0,2.5,2.9,3.1,2.5,2.9,3.1,2.5,2.75,3.1,2.62,2012/13,€36.10m,€78.70m,7.0,19.0,3.0,7.0,1.0,1.0,0.0,0.0,3.12,3.12,2.55,2.0,9.0,16.0,16.0,3.79,3.2,2.24
F1,12/12/2012,Evian Thonon Gaillard,Troyes,2.0,0.0,H,1.0,0.0,H,1.83,3.4,4.5,1.85,3.25,4.5,1.85,3.25,4.5,1.83,3.4,4.5,2012/13,€34.55m,€21.80m,22.0,5.0,8.0,1.0,0.0,1.0,0.0,0.0,1.85,3.5,4.75,7.0,5.0,10.0,15.0,1.77,3.74,5.31
F1,12/12/2012,Lorient,Sochaux,2.0,0.0,H,1.0,0.0,H,1.67,3.5,5.5,1.7,3.5,5.0,1.7,3.5,5.0,1.75,3.4,5.0,2012/13,€63.75m,€46.85m,17.0,12.0,9.0,3.0,1.0,0.0,0.0,0.0,1.73,3.6,5.5,6.0,8.0,12.0,11.0,1.61,4.01,6.75
F1,12/12/2012,Lyon,Nancy,1.0,1.0,D,0.0,0.0,D,1.4,4.5,8.0,1.34,4.6,9.25,1.34,4.6,9.25,1.33,4.8,9.0,2012/13,€155.65m,€36.85m,16.0,13.0,3.0,8.0,2.0,4.0,0.0,0.0,1.4,4.75,9.0,5.0,4.0,16.0,15.0,1.4,5.03,9.22
F1,13/12/2012,Bordeaux,St Etienne,0.0,0.0,D,0.0,0.0,D,2.0,3.2,4.0,1.95,3.2,4.1,1.95,3.2,4.1,2.15,3.2,3.5,2012/13,€80.95m,€97.60m,9.0,9.0,2.0,3.0,2.0,2.0,0.0,0.0,2.05,3.25,4.0,2.0,5.0,16.0,9.0,2.29,3.17,3.75
F1,14/12/2012,Stade Rennais FC,Valenciennes,2.0,0.0,H,1.0,0.0,H,2.0,3.3,3.8,1.9,3.4,4.0,1.9,3.4,4.0,2.0,3.2,4.0,2012/13,€97.80m,€49.75m,17.0,11.0,6.0,4.0,1.0,1.0,0.0,0.0,2.05,3.3,4.1,3.0,7.0,18.0,17.0,2.04,3.27,4.41
F1,15/12/2012,Montpellier,Bastia,4.0,0.0,H,1.0,0.0,H,1.62,3.75,5.5,1.65,3.5,5.5,1.65,3.5,5.5,1.67,3.5,5.5,2012/13,€78.70m,€36.05m,21.0,3.0,12.0,1.0,1.0,3.0,0.0,0.0,1.67,3.75,6.0,7.0,4.0,16.0,11.0,1.49,4.38,8.07
F1,15/12/2012,Nice,Evian Thonon Gaillard,3.0,2.0,H,1.0,2.0,A,1.91,3.3,4.2,1.85,3.3,4.4,1.85,3.3,4.4,1.8,3.4,4.5,2012/13,€59.15m,€34.55m,11.0,10.0,3.0,6.0,1.0,1.0,0.0,0.0,1.92,3.4,4.5,5.0,1.0,8.0,10.0,1.99,3.44,4.41
F1,15/12/2012,Reims,Lille,1.0,1.0,D,1.0,0.0,H,4.75,3.25,1.83,4.33,3.2,1.9,4.33,3.2,1.9,3.75,3.25,2.05,2012/13,€29.50m,€114.60m,8.0,16.0,2.0,4.0,2.0,1.0,0.0,0.0,4.6,3.25,1.95,2.0,5.0,13.0,8.0,4.94,3.5,1.87
F1,15/12/2012,Sochaux,Brest,1.0,2.0,A,0.0,0.0,D,2.2,3.1,3.5,2.25,3.1,3.3,2.25,3.1,3.3,2.1,3.2,3.6,2012/13,€46.85m,€36.10m,19.0,9.0,4.0,3.0,0.0,1.0,0.0,0.0,2.3,3.1,3.5,3.0,6.0,8.0,13.0,2.35,3.27,3.46
F1,15/12/2012,Toulouse,Marseille,0.0,1.0,A,0.0,0.0,D,2.63,3.1,2.75,2.4,3.1,3.0,2.4,3.1,3.0,2.5,3.1,2.9,2012/13,€82.00m,€150.65m,8.0,13.0,2.0,8.0,1.0,2.0,2.0,0.0,2.7,3.1,2.9,3.0,4.0,15.0,16.0,2.62,3.26,3.01
F1,15/12/2012,Troyes,Ajaccio,3.0,2.0,H,3.0,0.0,H,2.4,3.1,3.1,2.35,3.1,3.1,2.35,3.1,3.1,2.38,3.1,3.1,2012/13,€21.80m,€34.10m,20.0,10.0,7.0,6.0,1.0,2.0,0.0,0.0,2.45,3.12,3.3,4.0,9.0,18.0,19.0,2.41,3.21,3.37
F1,16/12/2012,Nancy,Bordeaux,1.0,1.0,D,1.0,0.0,H,3.3,3.2,2.25,3.5,3.0,2.2,3.5,3.0,2.2,3.6,3.2,2.1,2012/13,€36.85m,€80.95m,12.0,10.0,3.0,4.0,2.0,1.0,0.0,1.0,3.5,3.2,2.3,8.0,6.0,12.0,13.0,2.94,3.26,2.69
F1,16/12/2012,Paris SG,Lyon,1.0,0.0,H,1.0,0.0,H,1.62,3.75,5.5,1.72,3.5,5.0,1.72,3.5,5.0,1.73,3.5,5.0,2012/13,€313.60m,€155.65m,10.0,12.0,6.0,2.0,3.0,2.0,0.0,0.0,1.7,3.75,5.5,4.0,4.0,11.0,15.0,1.57,4.21,6.8
F1,16/12/2012,St Etienne,Lorient,0.0,2.0,A,0.0,2.0,A,1.73,3.3,5.5,1.72,3.5,5.0,1.72,3.5,5.0,1.75,3.4,5.0,2012/13,€97.60m,€63.75m,9.0,14.0,5.0,6.0,2.0,0.0,0.0,0.0,1.8,3.5,5.25,9.0,5.0,16.0,10.0,1.7,3.91,5.59
F1,21/12/2012,Brest,Paris SG,0.0,3.0,A,0.0,0.0,D,7.5,4.1,1.44,7.5,4.25,1.44,7.5,4.25,1.44,6.5,3.8,1.5,2012/13,€36.10m,€313.60m,11.0,30.0,3.0,13.0,1.0,2.0,1.0,0.0,7.5,4.2,1.53,2.0,11.0,7.0,6.0,9.0,4.26,1.48
F1,22/12/2012,Ajaccio,Stade Rennais FC,2.0,4.0,A,2.0,2.0,D,2.88,3.0,2.63,2.6,3.1,2.8,2.6,3.1,2.8,2.7,3.0,2.8,2012/13,€34.10m,€97.80m,12.0,13.0,5.0,7.0,2.0,1.0,0.0,0.0,2.88,3.1,2.8,6.0,3.0,13.0,11.0,2.74,3.28,2.86
F1,22/12/2012,Bastia,Nancy,4.0,2.0,H,3.0,0.0,H,2.5,3.1,2.9,2.4,3.25,2.95,2.4,3.25,2.95,2.4,3.0,3.0,2012/13,€36.05m,€36.85m,15.0,11.0,7.0,3.0,1.0,3.0,0.0,0.0,2.55,3.2,3.1,5.0,5.0,3.0,17.0,2.57,3.34,3.02
F1,22/12/2012,Bordeaux,Troyes,0.0,0.0,D,0.0,0.0,D,1.4,4.33,8.5,1.44,4.0,8.25,1.44,4.0,8.25,1.44,4.0,8.0,2012/13,€80.95m,€21.80m,20.0,8.0,9.0,5.0,1.0,3.0,0.0,0.0,1.45,4.33,9.0,11.0,2.0,18.0,18.0,1.58,4.13,6.75
F1,22/12/2012,Lille,Montpellier,4.0,1.0,H,2.0,0.0,H,2.0,3.2,4.0,2.05,3.25,3.7,2.05,3.25,3.7,2.0,3.2,3.8,2012/13,€114.60m,€78.70m,18.0,8.0,6.0,3.0,1.0,2.0,0.0,1.0,2.1,3.25,4.0,3.0,1.0,16.0,15.0,1.99,3.35,4.55
F1,22/12/2012,Lorient,Reims,2.0,2.0,D,0.0,1.0,A,1.5,3.75,7.5,1.55,3.75,6.5,1.55,3.75,6.5,1.53,3.75,7.0,2012/13,€63.75m,€29.50m,11.0,9.0,5.0,3.0,0.0,2.0,0.0,0.0,1.53,3.9,7.5,9.0,4.0,11.0,18.0,1.62,3.8,7.18
F1,22/12/2012,Lyon,Nice,3.0,0.0,H,1.0,0.0,H,1.62,3.6,6.0,1.62,3.75,5.5,1.62,3.75,5.5,1.57,3.75,6.0,2012/13,€155.65m,€59.15m,14.0,18.0,4.0,4.0,1.0,1.0,1.0,1.0,1.67,3.75,6.0,5.0,6.0,12.0,15.0,1.71,3.78,5.85
F1,23/12/2012,Marseille,St Etienne,1.0,0.0,H,1.0,0.0,H,1.83,3.4,4.5,1.78,3.5,4.6,1.78,3.5,4.6,1.83,3.5,4.2,2012/13,€150.65m,€97.60m,6.0,6.0,3.0,1.0,1.0,1.0,0.0,0.0,1.91,3.5,4.5,2.0,8.0,15.0,13.0,1.89,3.35,5.15
F1,23/12/2012,Toulouse,Sochaux,2.0,0.0,H,1.0,0.0,H,1.62,3.5,6.5,1.55,3.75,6.5,1.55,3.75,6.5,1.53,3.8,6.5,2012/13,€82.00m,€46.85m,10.0,5.0,4.0,1.0,1.0,3.0,0.0,0.0,1.65,3.7,6.5,6.0,2.0,27.0,19.0,1.6,3.81,7.62
F1,23/12/2012,Valenciennes,Evian Thonon Gaillard,2.0,1.0,H,1.0,1.0,D,1.8,3.5,4.5,1.75,3.5,4.75,1.75,3.5,4.75,1.75,3.6,4.5,2012/13,€49.75m,€34.55m,19.0,16.0,8.0,6.0,3.0,3.0,0.0,1.0,1.85,3.5,4.5,4.0,4.0,17.0,21.0,1.97,3.61,4.25
F1,11/01/2013,Paris SG,Ajaccio,0.0,0.0,D,0.0,0.0,D,1.14,7.5,17.0,1.14,7.25,20.0,1.14,7.25,20.0,1.15,7.0,17.0,2012/13,€313.60m,€34.10m,26.0,3.0,3.0,1.0,1.0,2.0,1.0,0.0,1.15,8.5,22.0,11.0,1.0,11.0,10.0,1.12,9.8,27.8
F1,11/01/2013,St Etienne,Toulouse,2.0,2.0,D,1.0,2.0,A,2.0,3.2,4.0,2.0,3.0,4.33,2.0,3.0,4.33,2.0,3.2,4.0,2012/13,€97.60m,€82.00m,12.0,8.0,4.0,4.0,1.0,1.0,0.0,0.0,2.05,3.3,4.2,11.0,4.0,16.0,13.0,1.98,3.32,4.66
F1,12/01/2013,Evian Thonon Gaillard,Brest,0.0,2.0,A,0.0,1.0,A,1.83,3.4,4.5,1.78,3.5,4.6,1.78,3.5,4.6,1.85,3.4,4.33,2012/13,€34.55m,€36.10m,16.0,9.0,5.0,4.0,1.0,3.0,1.0,0.0,1.83,3.4,5.0,7.0,4.0,11.0,14.0,1.79,3.56,5.5
F1,12/01/2013,Montpellier,Lorient,2.0,0.0,H,0.0,0.0,D,1.85,3.4,4.33,1.8,3.4,4.6,1.8,3.4,4.6,1.91,3.2,4.33,2012/13,€78.70m,€63.75m,13.0,5.0,5.0,3.0,0.0,0.0,0.0,0.0,1.87,3.5,4.75,4.0,5.0,14.0,14.0,1.75,3.69,5.62
F1,12/01/2013,Nancy,Lille,2.0,2.0,D,1.0,2.0,A,4.0,3.2,2.0,4.2,3.3,1.91,4.2,3.3,1.91,4.33,3.25,1.91,2012/13,€36.85m,€114.60m,15.0,13.0,7.0,6.0,2.0,2.0,0.0,0.0,4.4,3.3,2.0,8.0,7.0,11.0,9.0,4.17,3.6,1.99
F1,12/01/2013,Stade Rennais FC,Bordeaux,0.0,2.0,A,0.0,0.0,D,2.3,3.1,3.3,2.25,3.2,3.25,2.25,3.2,3.25,2.3,3.1,3.2,2012/13,€97.80m,€80.95m,10.0,8.0,3.0,7.0,0.0,2.0,0.0,0.0,2.38,3.2,3.4,10.0,4.0,12.0,9.0,2.52,3.16,3.24
F1,12/01/2013,Troyes,Lyon,1.0,2.0,A,1.0,1.0,D,4.33,3.25,1.91,4.25,3.4,1.87,4.25,3.4,1.87,4.33,3.4,1.83,2012/13,€21.80m,€155.65m,13.0,14.0,6.0,4.0,1.0,1.0,0.0,0.0,4.3,3.5,1.95,5.0,8.0,9.0,18.0,4.01,3.72,1.99
F1,13/01/2013,Nice,Valenciennes,5.0,0.0,H,1.0,0.0,H,2.0,3.3,3.75,2.0,3.2,4.0,2.0,3.2,4.0,2.1,3.2,3.6,2012/13,€59.15m,€49.75m,14.0,6.0,6.0,3.0,1.0,4.0,0.0,0.0,2.05,3.3,4.1,3.0,2.0,18.0,14.0,2.06,3.33,4.22
F1,13/01/2013,Reims,Bastia,1.0,2.0,A,0.0,1.0,A,2.25,3.1,3.4,2.15,3.2,3.5,2.15,3.2,3.5,2.25,3.1,3.4,2012/13,€29.50m,€36.05m,13.0,9.0,1.0,4.0,2.0,4.0,0.0,0.0,2.25,3.25,3.6,6.0,4.0,20.0,9.0,2.31,3.38,3.41
F1,13/01/2013,Sochaux,Marseille,3.0,1.0,H,2.0,0.0,H,4.75,3.25,1.83,4.5,3.5,1.8,4.5,3.5,1.8,4.5,3.3,1.83,2012/13,€46.85m,€150.65m,8.0,22.0,4.0,6.0,1.0,1.0,1.0,0.0,4.75,3.4,1.9,3.0,8.0,15.0,16.0,5.37,3.35,1.86
F1,18/01/2013,Lyon,Evian Thonon Gaillard,0.0,0.0,D,0.0,0.0,D,1.36,4.75,8.5,1.36,4.6,9.0,1.36,4.6,9.0,1.36,4.5,9.0,2012/13,€155.65m,€34.55m,13.0,9.0,5.0,1.0,1.0,2.0,0.0,0.0,1.36,5.2,9.5,9.0,3.0,11.0,11.0,1.44,4.97,7.94
F1,19/01/2013,Ajaccio,Valenciennes,1.0,1.0,D,1.0,0.0,H,2.6,3.1,2.8,2.55,3.1,2.85,2.55,3.1,2.85,2.5,3.1,2.9,2012/13,€34.10m,€49.75m,12.0,7.0,6.0,5.0,2.0,3.0,0.0,1.0,2.62,3.2,2.9,5.0,5.0,21.0,19.0,2.48,3.25,3.22
F1,19/01/2013,Brest,St Etienne,0.0,1.0,A,0.0,0.0,D,3.4,3.2,2.2,3.5,3.2,2.15,3.5,3.2,2.15,3.0,3.2,2.37,2012/13,€36.10m,€97.60m,9.0,13.0,3.0,5.0,3.0,3.0,0.0,0.0,3.5,3.2,2.3,1.0,10.0,9.0,15.0,4.37,3.43,2.0
F1,19/01/2013,Lorient,Troyes,3.0,2.0,H,2.0,0.0,H,1.57,3.75,6.0,1.57,3.75,6.25,1.57,3.75,6.25,1.53,3.75,7.0,2012/13,€63.75m,€21.80m,13.0,14.0,6.0,5.0,1.0,0.0,0.0,0.0,1.62,3.8,6.5,4.0,8.0,14.0,12.0,1.78,3.7,5.34
F1,19/01/2013,Marseille,Montpellier,3.0,2.0,H,1.0,1.0,D,1.85,3.4,4.33,1.85,3.25,4.6,1.85,3.25,4.6,1.8,3.5,4.5,2012/13,€150.65m,€78.70m,10.0,8.0,4.0,3.0,1.0,1.0,0.0,0.0,1.92,3.4,4.6,8.0,3.0,10.0,10.0,1.96,3.35,4.71
F1,19/01/2013,Sochaux,Reims,1.0,0.0,H,1.0,0.0,H,2.1,3.25,3.5,2.0,3.2,4.0,2.0,3.2,4.0,2.1,3.2,3.6,2012/13,€46.85m,€29.50m,9.0,11.0,4.0,2.0,1.0,3.0,0.0,0.0,2.2,3.25,3.8,5.0,6.0,10.0,10.0,2.13,3.38,3.92
F1,19/01/2013,Toulouse,Nancy,2.0,1.0,H,0.0,0.0,D,1.57,3.8,6.0,1.62,3.6,6.0,1.62,3.6,6.0,1.61,3.75,5.5,2012/13,€82.00m,€36.85m,17.0,5.0,8.0,2.0,0.0,2.0,0.0,0.0,1.67,3.75,6.0,10.0,1.0,18.0,19.0,1.68,3.94,5.79
F1,20/01/2013,Bastia,Stade Rennais FC,0.0,2.0,A,0.0,1.0,A,3.0,3.2,2.4,3.0,3.2,2.4,3.0,3.2,2.4,3.2,3.1,2.3,2012/13,€36.05m,€97.80m,3.0,15.0,1.0,8.0,2.0,2.0,0.0,0.0,3.1,3.3,2.5,4.0,8.0,8.0,16.0,3.61,3.39,2.23
F1,20/01/2013,Bordeaux,Paris SG,0.0,1.0,A,0.0,1.0,A,4.0,3.2,2.0,4.2,3.2,1.95,4.2,3.2,1.95,4.0,3.2,2.0,2012/13,€80.95m,€313.60m,14.0,6.0,4.0,4.0,2.0,2.0,0.0,0.0,4.2,3.25,2.05,6.0,3.0,11.0,11.0,3.74,3.45,2.16
F1,20/01/2013,Lille,Nice,0.0,2.0,A,0.0,0.0,D,1.67,3.5,5.5,1.65,3.6,5.5,1.65,3.6,5.5,1.72,3.5,5.0,2012/13,€114.60m,€59.15m,7.0,11.0,2.0,5.0,1.0,1.0,0.0,0.0,1.73,3.7,5.5,2.0,2.0,12.0,15.0,1.9,3.47,4.86
F1,25/01/2013,Valenciennes,Lyon,0.0,2.0,A,0.0,2.0,A,3.1,3.2,2.3,3.1,3.2,2.3,3.1,3.2,2.3,3.0,3.2,2.37,2012/13,€49.75m,€155.65m,9.0,11.0,3.0,5.0,1.0,2.0,0.0,0.0,3.25,3.25,2.45,8.0,3.0,19.0,16.0,2.97,3.34,2.6
F1,26/01/2013,Evian Thonon Gaillard,Ajaccio,1.0,1.0,D,0.0,1.0,A,2.0,3.2,4.0,1.87,3.4,4.25,1.87,3.4,4.25,2.1,3.2,3.6,2012/13,€34.55m,€34.10m,15.0,10.0,5.0,3.0,1.0,2.0,0.0,0.0,2.0,3.5,4.2,9.0,3.0,16.0,11.0,1.98,3.43,4.48
F1,26/01/2013,Nancy,Lorient,2.0,1.0,H,1.0,0.0,H,2.63,3.0,2.88,2.6,3.1,2.8,2.6,3.1,2.8,2.7,3.1,2.62,2012/13,€36.85m,€63.75m,16.0,9.0,5.0,4.0,2.0,2.0,0.0,0.0,2.62,3.12,3.0,5.0,8.0,11.0,11.0,2.93,3.34,2.63
F1,26/01/2013,Reims,Toulouse,1.0,1.0,D,0.0,0.0,D,3.2,3.0,2.38,3.1,3.0,2.45,3.1,3.0,2.45,2.8,3.1,2.62,2012/13,€29.50m,€82.00m,11.0,17.0,6.0,5.0,1.0,2.0,0.0,0.0,3.2,3.1,2.5,9.0,2.0,18.0,13.0,3.31,3.13,2.5
F1,26/01/2013,Stade Rennais FC,Marseille,2.0,2.0,D,0.0,1.0,A,2.6,3.1,2.8,2.55,2.95,3.0,2.55,2.95,3.0,2.5,3.1,2.9,2012/13,€97.80m,€150.65m,16.0,16.0,4.0,4.0,1.0,0.0,0.0,0.0,2.7,3.2,2.9,4.0,4.0,7.0,19.0,2.91,3.12,2.81
F1,26/01/2013,Troyes,Brest,2.0,1.0,H,1.0,0.0,H,2.0,3.2,4.0,1.91,3.2,4.4,1.91,3.2,4.4,2.1,3.2,3.6,2012/13,€21.80m,€36.10m,13.0,10.0,4.0,4.0,1.0,3.0,0.0,0.0,2.0,3.25,4.4,3.0,4.0,13.0,17.0,1.89,3.42,5.04
F1,27/01/2013,Nice,Bordeaux,0.0,1.0,A,0.0,0.0,D,2.38,3.0,3.2,2.45,3.0,3.1,2.45,3.0,3.1,2.3,3.1,3.2,2012/13,€59.15m,€80.95m,8.0,15.0,3.0,4.0,1.0,3.0,0.0,0.0,2.5,3.1,3.25,2.0,4.0,14.0,9.0,2.45,3.16,3.36
F1,27/01/2013,Paris SG,Lille,1.0,0.0,H,0.0,0.0,D,1.5,4.0,7.0,1.53,3.9,6.5,1.53,3.9,6.5,1.5,3.8,7.5,2012/13,€313.60m,€114.60m,7.0,13.0,2.0,2.0,3.0,3.0,0.0,0.0,1.53,4.1,8.0,4.0,4.0,11.0,17.0,1.49,4.5,7.9
F1,27/01/2013,St Etienne,Bastia,3.0,0.0,H,1.0,0.0,H,1.53,3.8,6.5,1.48,4.0,7.25,1.48,4.0,7.25,1.53,3.8,6.5,2012/13,€97.60m,€36.05m,24.0,9.0,9.0,3.0,1.0,0.0,0.0,0.0,1.53,4.3,7.0,10.0,5.0,10.0,8.0,1.52,4.12,8.3
F1,01/02/2013,Toulouse,Paris SG,0.0,4.0,A,0.0,2.0,A,5.0,3.25,1.8,5.0,3.5,1.72,5.0,3.5,1.72,4.5,3.5,1.8,2012/13,€82.00m,€313.60m,10.0,15.0,3.0,10.0,0.0,0.0,1.0,0.0,5.4,3.4,1.8,4.0,5.0,14.0,10.0,4.53,3.38,1.97
F1,02/02/2013,Bastia,Evian Thonon Gaillard,0.0,0.0,D,0.0,0.0,D,2.75,3.1,2.63,2.6,3.2,2.75,2.6,3.2,2.75,2.62,3.1,2.75,2012/13,€36.05m,€34.55m,12.0,9.0,4.0,1.0,3.0,2.0,0.0,0.0,2.8,3.25,2.7,5.0,2.0,11.0,17.0,2.68,3.39,2.84
F1,02/02/2013,Bordeaux,Valenciennes,2.0,0.0,H,1.0,0.0,H,1.75,3.4,5.0,1.7,3.5,5.25,1.7,3.5,5.25,1.72,3.5,5.0,2012/13,€80.95m,€49.75m,19.0,9.0,7.0,5.0,1.0,1.0,0.0,0.0,1.73,3.6,5.75,4.0,3.0,9.0,20.0,1.63,3.69,7.25
F1,02/02/2013,Brest,Nice,0.0,2.0,A,0.0,1.0,A,3.4,3.0,2.3,3.4,3.0,2.3,3.4,3.0,2.3,3.2,3.1,2.3,2012/13,€36.10m,€59.15m,12.0,12.0,2.0,5.0,4.0,1.0,0.0,0.0,3.6,3.12,2.3,1.0,2.0,20.0,15.0,3.23,3.23,2.49
F1,02/02/2013,Lille,Troyes,1.0,1.0,D,0.0,1.0,A,1.4,4.5,8.0,1.45,4.4,6.75,1.45,4.4,6.75,1.4,4.5,7.5,2012/13,€114.60m,€21.80m,18.0,9.0,7.0,1.0,2.0,1.0,0.0,0.0,1.44,4.4,9.0,10.0,5.0,11.0,10.0,1.53,4.38,7.25
F1,02/02/2013,Lorient,Stade Rennais FC,2.0,2.0,D,1.0,0.0,H,2.4,3.2,3.0,2.45,3.1,3.0,2.45,3.1,3.0,2.37,3.1,3.1,2012/13,€63.75m,€97.80m,17.0,11.0,6.0,5.0,1.0,0.0,0.0,0.0,2.5,3.25,3.1,11.0,4.0,8.0,16.0,2.52,3.39,3.05
F1,02/02/2013,Sochaux,St Etienne,1.0,2.0,A,0.0,1.0,A,3.6,3.1,2.15,3.8,3.2,2.05,3.8,3.2,2.05,3.6,3.1,2.15,2012/13,€46.85m,€97.60m,8.0,9.0,2.0,7.0,1.0,0.0,0.0,0.0,4.1,3.2,2.15,8.0,1.0,13.0,9.0,4.71,3.42,1.94
F1,03/02/2013,Ajaccio,Lyon,3.0,1.0,H,0.0,0.0,D,3.75,3.3,2.0,3.8,3.3,2.0,3.8,3.3,2.0,4.0,3.25,1.95,2012/13,€34.10m,€155.65m,5.0,17.0,4.0,4.0,3.0,2.0,0.0,1.0,4.0,3.3,2.1,3.0,8.0,25.0,17.0,3.52,3.47,2.23
F1,03/02/2013,Marseille,Nancy,0.0,1.0,A,0.0,0.0,D,1.44,4.2,7.5,1.42,4.25,8.0,1.42,4.25,8.0,1.4,4.33,8.5,2012/13,€150.65m,€36.85m,10.0,10.0,2.0,5.0,0.0,1.0,1.0,0.0,1.45,4.4,8.5,5.0,3.0,7.0,19.0,1.43,4.7,9.1
F1,03/02/2013,Montpellier,Reims,3.0,1.0,H,0.0,1.0,A,1.44,4.1,8.0,1.5,4.1,6.5,1.5,4.1,6.5,1.5,3.75,7.5,2012/13,€78.70m,€29.50m,22.0,11.0,9.0,4.0,0.0,3.0,0.0,0.0,1.5,4.3,7.5,12.0,5.0,7.0,21.0,1.51,4.28,8.08
F1,08/02/2013,Paris SG,Bastia,3.0,1.0,H,0.0,0.0,D,1.17,7.0,15.0,1.15,7.25,17.5,1.15,7.25,17.5,1.16,7.0,15.0,2012/13,€313.60m,€36.05m,22.0,6.0,6.0,1.0,0.0,3.0,0.0,0.0,1.18,8.0,19.0,6.0,1.0,12.0,12.0,1.23,6.98,15.71
F1,09/02/2013,Ajaccio,Bordeaux,1.0,0.0,H,1.0,0.0,H,3.2,3.0,2.4,3.2,3.0,2.4,3.2,3.0,2.4,3.1,3.1,2.37,2012/13,€34.10m,€80.95m,7.0,17.0,2.0,6.0,2.0,0.0,0.0,0.0,3.4,3.1,2.4,3.0,9.0,17.0,9.0,3.3,3.29,2.42
F1,09/02/2013,Nancy,Reims,1.0,2.0,A,1.0,0.0,H,1.91,3.3,4.2,1.87,3.4,4.25,1.87,3.4,4.25,2.0,3.2,4.0,2012/13,€36.85m,€29.50m,14.0,11.0,6.0,6.0,0.0,0.0,0.0,0.0,2.0,3.3,4.6,3.0,6.0,10.0,12.0,1.94,3.27,5.0
F1,09/02/2013,Nice,Lorient,1.0,1.0,D,0.0,0.0,D,2.0,3.2,4.0,2.0,3.2,4.0,2.0,3.2,4.0,2.05,3.25,3.75,2012/13,€59.15m,€63.75m,12.0,9.0,6.0,4.0,1.0,1.0,0.0,0.0,2.1,3.3,3.9,4.0,2.0,18.0,10.0,2.33,3.3,3.48
F1,09/02/2013,St Etienne,Montpellier,4.0,1.0,H,2.0,0.0,H,2.0,3.2,4.0,1.95,3.25,4.1,1.95,3.25,4.1,2.1,3.25,3.5,2012/13,€97.60m,€78.70m,9.0,7.0,7.0,4.0,2.0,2.0,0.0,0.0,2.1,3.3,4.0,3.0,10.0,18.0,12.0,2.04,3.51,4.04
F1,09/02/2013,Troyes,Sochaux,0.0,0.0,D,0.0,0.0,D,1.95,3.2,4.2,1.87,3.4,4.25,1.87,3.4,4.25,1.95,3.2,4.2,2012/13,€21.80m,€46.85m,12.0,14.0,3.0,5.0,0.0,0.0,0.0,0.0,2.0,3.4,4.33,4.0,7.0,13.0,13.0,2.0,3.4,4.42
F1,09/02/2013,Valenciennes,Brest,2.0,1.0,H,2.0,0.0,H,1.62,3.75,5.5,1.67,3.4,5.75,1.67,3.4,5.75,1.61,3.75,5.5,2012/13,€49.75m,€36.10m,16.0,12.0,7.0,6.0,0.0,2.0,0.0,0.0,1.75,3.7,5.5,7.0,3.0,13.0,22.0,1.62,4.05,6.47
F1,10/02/2013,Evian Thonon Gaillard,Marseille,1.0,1.0,D,0.0,0.0,D,3.5,3.2,2.15,3.6,3.2,2.1,3.6,3.2,2.1,3.6,3.2,2.1,2012/13,€34.55m,€150.65m,17.0,14.0,5.0,3.0,2.0,2.0,0.0,2.0,3.6,3.3,2.2,7.0,7.0,13.0,14.0,3.56,3.33,2.27
F1,10/02/2013,Lyon,Lille,1.0,3.0,A,0.0,2.0,A,2.0,3.3,3.8,2.0,3.25,3.9,2.0,3.25,3.9,1.9,3.3,4.2,2012/13,€155.65m,€114.60m,12.0,13.0,5.0,4.0,4.0,0.0,0.0,0.0,2.1,3.4,3.8,6.0,5.0,15.0,10.0,2.12,3.35,3.99
F1,10/02/2013,Stade Rennais FC,Toulouse,2.0,0.0,H,0.0,0.0,D,2.1,3.2,3.6,2.0,3.2,4.0,2.0,3.2,4.0,2.0,3.2,4.0,2012/13,€97.80m,€82.00m,12.0,5.0,7.0,1.0,0.0,1.0,0.0,0.0,2.1,3.4,4.0,1.0,6.0,10.0,20.0,2.16,3.33,3.88
F1,15/02/2013,Lille,Stade Rennais FC,2.0,0.0,H,1.0,0.0,H,1.91,3.2,4.5,1.83,3.25,4.75,1.83,3.25,4.75,1.95,3.2,4.2,2012/13,€114.60m,€97.80m,14.0,10.0,4.0,2.0,1.0,1.0,0.0,0.0,1.91,3.3,4.8,7.0,2.0,17.0,10.0,1.81,3.56,5.3
F1,16/02/2013,Bastia,Nice,0.0,1.0,A,0.0,0.0,D,2.5,3.1,2.9,2.5,3.2,2.85,2.5,3.2,2.85,2.5,3.1,2.9,2012/13,€36.05m,€59.15m,7.0,10.0,2.0,4.0,1.0,2.0,0.0,0.0,2.62,3.2,3.0,5.0,2.0,16.0,18.0,2.69,3.21,2.96
F1,16/02/2013,Brest,Ajaccio,1.0,1.0,D,1.0,0.0,H,2.5,3.0,3.0,2.55,3.0,2.95,2.55,3.0,2.95,2.6,3.1,2.8,2012/13,€36.10m,€34.10m,9.0,7.0,5.0,4.0,1.0,2.0,0.0,0.0,2.62,3.1,3.0,2.0,3.0,18.0,14.0,2.54,3.14,3.25
F1,16/02/2013,Lorient,Evian Thonon Gaillard,2.0,1.0,H,1.0,0.0,H,1.83,3.4,4.5,1.83,3.5,4.33,1.83,3.5,4.33,1.8,3.4,4.5,2012/13,€63.75m,€34.55m,12.0,7.0,7.0,3.0,1.0,3.0,0.0,0.0,1.95,3.5,4.4,9.0,3.0,7.0,18.0,1.86,3.66,4.75
F1,16/02/2013,Marseille,Valenciennes,1.0,0.0,H,0.0,0.0,D,1.57,3.8,6.0,1.65,3.6,5.5,1.65,3.6,5.5,1.61,3.75,5.5,2012/13,€150.65m,€49.75m,12.0,3.0,2.0,1.0,2.0,1.0,0.0,0.0,1.67,3.8,6.25,10.0,3.0,15.0,20.0,1.58,4.13,6.78
F1,16/02/2013,Montpellier,Nancy,1.0,0.0,H,1.0,0.0,H,1.5,4.0,7.0,1.53,3.9,6.5,1.53,3.9,6.5,1.5,4.0,7.0,2012/13,€78.70m,€36.85m,10.0,13.0,6.0,6.0,1.0,4.0,0.0,0.0,1.53,4.2,7.0,4.0,3.0,11.0,20.0,1.55,3.99,7.99
F1,16/02/2013,Toulouse,Troyes,2.0,2.0,D,0.0,0.0,D,1.73,3.5,5.0,1.72,3.5,5.0,1.72,3.5,5.0,1.72,3.5,5.0,2012/13,€82.00m,€21.80m,8.0,8.0,2.0,4.0,2.0,1.0,0.0,0.0,1.8,3.6,5.2,9.0,2.0,17.0,18.0,1.72,3.63,6.06
F1,17/02/2013,Bordeaux,Lyon,0.0,4.0,A,0.0,1.0,A,2.3,3.0,3.4,2.25,3.1,3.4,2.25,3.1,3.4,2.3,3.0,3.4,2012/13,€80.95m,€155.65m,7.0,8.0,2.0,5.0,1.0,1.0,0.0,0.0,2.3,3.12,3.6,7.0,1.0,10.0,19.0,2.35,3.21,3.52
F1,17/02/2013,Reims,St Etienne,1.0,1.0,D,0.0,1.0,A,4.0,3.1,2.05,4.2,3.2,1.95,4.2,3.2,1.95,3.75,3.2,2.05,2012/13,€29.50m,€97.60m,10.0,8.0,5.0,5.0,3.0,2.0,0.0,0.0,4.6,3.12,2.05,19.0,6.0,8.0,11.0,4.5,3.41,1.98
F1,17/02/2013,Sochaux,Paris SG,3.0,2.0,H,1.0,1.0,D,7.5,4.2,1.44,7.0,4.1,1.48,7.0,4.1,1.48,7.0,4.0,1.5,2012/13,€46.85m,€313.60m,8.0,6.0,4.0,3.0,1.0,2.0,0.0,0.0,8.0,4.3,1.5,1.0,4.0,11.0,14.0,8.18,4.62,1.47
F1,22/02/2013,Nice,Reims,2.0,0.0,H,1.0,0.0,H,1.62,3.6,6.0,1.62,3.6,6.0,1.62,3.6,6.0,1.61,3.75,5.5,2012/13,€59.15m,€29.50m,12.0,5.0,8.0,0.0,2.0,0.0,0.0,1.0,1.75,3.7,5.5,3.0,2.0,11.0,19.0,1.74,3.6,6.02
F1,23/02/2013,Ajaccio,Lille,1.0,3.0,A,0.0,1.0,A,3.5,3.1,2.2,3.6,3.2,2.1,3.6,3.2,2.1,3.2,3.1,2.3,2012/13,€34.10m,€114.60m,15.0,7.0,5.0,5.0,0.0,1.0,0.0,1.0,3.75,3.2,2.25,9.0,3.0,15.0,11.0,4.18,3.39,2.06
F1,23/02/2013,Evian Thonon Gaillard,Montpellier,0.0,1.0,A,0.0,0.0,D,2.9,3.1,2.5,2.95,3.0,2.55,2.95,3.0,2.55,3.0,3.2,2.4,2012/13,€34.55m,€78.70m,13.0,15.0,3.0,5.0,2.0,4.0,0.0,0.0,3.1,3.1,2.62,2.0,6.0,15.0,19.0,2.97,3.27,2.6
F1,23/02/2013,Nancy,St Etienne,0.0,3.0,A,0.0,2.0,A,3.5,3.1,2.2,3.5,3.2,2.15,3.5,3.2,2.15,3.75,3.1,2.1,2012/13,€36.85m,€97.60m,11.0,12.0,2.0,5.0,1.0,2.0,1.0,1.0,3.7,3.2,2.2,0.0,6.0,12.0,16.0,4.01,3.55,2.04
F1,23/02/2013,Stade Rennais FC,Sochaux,2.0,2.0,D,1.0,1.0,D,1.62,3.6,6.0,1.62,3.6,6.0,1.62,3.6,6.0,1.57,3.6,6.5,2012/13,€97.80m,€46.85m,13.0,13.0,7.0,7.0,1.0,2.0,0.0,0.0,1.67,3.7,6.0,3.0,4.0,11.0,18.0,1.69,3.65,6.45
F1,23/02/2013,Troyes,Bastia,0.0,0.0,D,0.0,0.0,D,2.0,3.25,3.9,2.05,3.3,3.6,2.05,3.3,3.6,2.15,3.1,3.6,2012/13,€21.80m,€36.05m,10.0,17.0,5.0,2.0,0.0,2.0,0.0,0.0,2.15,3.4,3.8,4.0,13.0,9.0,15.0,2.02,3.53,4.09
F1,23/02/2013,Valenciennes,Toulouse,0.0,0.0,D,0.0,0.0,D,2.3,3.1,3.3,2.35,3.1,3.2,2.35,3.1,3.2,2.25,3.2,3.25,2012/13,€49.75m,€82.00m,9.0,10.0,0.0,5.0,3.0,1.0,0.0,0.0,2.4,3.2,3.4,3.0,1.0,17.0,22.0,2.6,3.08,3.22
F1,24/02/2013,Bordeaux,Brest,0.0,2.0,A,0.0,1.0,A,1.44,4.0,8.0,1.48,4.0,7.25,1.48,4.0,7.25,1.5,3.6,8.0,2012/13,€80.95m,€36.10m,16.0,8.0,4.0,3.0,2.0,0.0,0.0,0.0,1.45,4.0,9.5,8.0,5.0,13.0,17.0,1.45,4.2,10.58
F1,24/02/2013,Lyon,Lorient,3.0,1.0,H,1.0,1.0,D,1.67,3.5,5.5,1.65,3.7,5.25,1.65,3.7,5.25,1.66,3.8,5.0,2012/13,€155.65m,€63.75m,14.0,9.0,7.0,3.0,3.0,3.0,0.0,0.0,1.73,3.7,5.5,4.0,3.0,10.0,17.0,1.76,3.7,5.45
F1,24/02/2013,Paris SG,Marseille,2.0,0.0,H,1.0,0.0,H,1.5,3.8,7.5,1.5,4.1,6.5,1.5,4.1,6.5,1.57,3.75,6.0,2012/13,€313.60m,€150.65m,11.0,17.0,2.0,7.0,0.0,2.0,0.0,0.0,1.53,4.1,8.0,2.0,6.0,17.0,16.0,1.58,4.3,6.5
F1,01/03/2013,Montpellier,Stade Rennais FC,2.0,0.0,H,0.0,0.0,D,2.0,3.2,4.0,2.0,3.2,4.0,2.0,3.2,4.0,2.0,3.3,3.75,2012/13,€78.70m,€97.80m,13.0,7.0,2.0,1.0,1.0,2.0,0.0,0.0,2.0,3.4,4.4,4.0,6.0,19.0,15.0,2.08,3.49,3.95
F1,02/03/2013,Bastia,Ajaccio,1.0,0.0,H,0.0,0.0,D,2.25,3.2,3.3,2.25,3.1,3.4,2.25,3.1,3.4,2.37,3.25,3.0,2012/13,€36.05m,€34.10m,12.0,10.0,7.0,5.0,2.0,2.0,2.0,3.0,2.3,3.2,3.6,8.0,7.0,20.0,20.0,2.29,3.27,3.58
F1,02/03/2013,Lorient,Valenciennes,1.0,1.0,D,1.0,0.0,H,1.91,3.2,4.33,1.91,3.4,4.0,1.91,3.4,4.0,1.95,3.3,4.0,2012/13,€63.75m,€49.75m,18.0,10.0,5.0,3.0,2.0,1.0,0.0,0.0,1.92,3.5,4.5,4.0,6.0,13.0,17.0,1.79,3.62,5.32
F1,02/03/2013,Reims,Paris SG,1.0,0.0,H,0.0,0.0,D,7.0,4.0,1.5,6.5,4.1,1.5,6.5,4.1,1.5,7.0,4.33,1.44,2012/13,€29.50m,€313.60m,15.0,12.0,5.0,4.0,1.0,3.0,1.0,0.0,6.5,4.2,1.57,6.0,4.0,17.0,12.0,7.6,4.5,1.5
F1,02/03/2013,Sochaux,Nancy,1.0,2.0,A,0.0,2.0,A,2.05,3.2,3.8,2.1,3.1,3.75,2.1,3.1,3.75,2.05,3.3,3.6,2012/13,€46.85m,€36.85m,13.0,12.0,5.0,4.0,3.0,1.0,0.0,0.0,2.1,3.3,4.1,7.0,2.0,15.0,24.0,1.98,3.44,4.46
F1,02/03/2013,St Etienne,Nice,4.0,0.0,H,1.0,0.0,H,1.75,3.4,5.0,1.78,3.3,5.0,1.78,3.3,5.0,1.83,3.4,4.33,2012/13,€97.60m,€59.15m,13.0,1.0,7.0,0.0,0.0,2.0,0.0,1.0,1.8,3.5,5.5,4.0,1.0,10.0,9.0,1.76,3.58,5.82
F1,02/03/2013,Toulouse,Evian Thonon Gaillard,0.0,0.0,D,0.0,0.0,D,1.8,3.4,4.75,1.8,3.4,4.6,1.8,3.4,4.6,1.8,3.5,4.5,2012/13,€82.00m,€34.55m,14.0,9.0,4.0,0.0,0.0,1.0,0.0,0.0,1.83,3.5,5.2,12.0,3.0,15.0,20.0,1.85,3.4,5.41
F1,03/03/2013,Brest,Lyon,1.0,1.0,D,1.0,0.0,H,4.5,3.3,1.85,4.33,3.3,1.88,4.33,3.3,1.88,4.33,3.25,1.9,2012/13,€36.10m,€155.65m,8.0,16.0,1.0,5.0,1.0,2.0,0.0,0.0,4.6,3.4,1.91,2.0,7.0,21.0,10.0,4.94,3.61,1.85
F1,03/03/2013,Lille,Bordeaux,2.0,1.0,H,0.0,1.0,A,1.91,3.1,4.6,1.8,3.3,4.75,1.8,3.3,4.75,1.85,3.3,4.5,2012/13,€114.60m,€80.95m,18.0,8.0,6.0,4.0,1.0,1.0,0.0,0.0,1.91,3.3,5.0,7.0,5.0,17.0,15.0,1.99,3.29,4.65
F1,03/03/2013,Marseille,Troyes,2.0,1.0,H,0.0,0.0,D,1.44,4.1,8.0,1.45,4.2,7.25,1.45,4.2,7.25,1.4,4.5,8.0,2012/13,€150.65m,€21.80m,18.0,10.0,6.0,2.0,1.0,1.0,0.0,0.0,1.5,4.33,8.0,10.0,3.0,17.0,16.0,1.47,4.34,9.25
F1,08/03/2013,Stade Rennais FC,St Etienne,2.0,2.0,D,1.0,1.0,D,2.75,3.2,2.6,2.75,3.0,2.7,2.75,3.0,2.7,2.7,3.1,2.7,2012/13,€97.80m,€97.60m,16.0,9.0,7.0,4.0,1.0,3.0,0.0,0.0,2.9,3.25,2.62,5.0,6.0,11.0,16.0,2.87,3.33,2.69
F1,09/03/2013,Ajaccio,Lorient,1.0,0.0,H,0.0,0.0,D,2.88,3.0,2.63,2.8,3.1,2.6,2.8,3.1,2.6,2.8,3.2,2.5,2012/13,€34.10m,€63.75m,10.0,11.0,7.0,5.0,1.0,2.0,0.0,0.0,2.88,3.2,2.7,8.0,12.0,19.0,11.0,2.42,3.3,3.29
F1,09/03/2013,Brest,Toulouse,0.0,1.0,A,0.0,1.0,A,2.88,3.0,2.6,2.95,3.1,2.5,2.95,3.1,2.5,2.87,3.0,2.6,2012/13,€36.10m,€82.00m,9.0,8.0,1.0,3.0,1.0,3.0,0.0,0.0,3.0,3.2,2.62,2.0,6.0,20.0,19.0,3.48,3.29,2.33
F1,09/03/2013,Evian Thonon Gaillard,Sochaux,5.0,1.0,H,1.0,0.0,H,2.1,3.2,3.6,2.2,3.2,3.4,2.2,3.2,3.4,2.25,3.0,3.5,2012/13,€34.55m,€46.85m,14.0,7.0,10.0,2.0,2.0,1.0,0.0,0.0,2.3,3.2,3.6,6.0,3.0,11.0,15.0,2.31,3.36,3.43
F1,09/03/2013,Paris SG,Nancy,2.0,1.0,H,0.0,1.0,A,1.18,6.5,15.0,1.15,7.25,17.5,1.15,7.25,17.5,1.18,6.5,15.0,2012/13,€313.60m,€36.85m,10.0,15.0,5.0,5.0,1.0,1.0,0.0,0.0,1.18,7.5,21.0,7.0,7.0,15.0,13.0,1.22,7.35,16.25
F1,09/03/2013,Troyes,Reims,4.0,2.0,H,1.0,0.0,H,2.05,3.2,3.75,2.1,3.2,3.6,2.1,3.2,3.6,2.2,3.1,3.5,2012/13,€21.80m,€29.50m,15.0,13.0,8.0,5.0,3.0,4.0,0.0,0.0,2.15,3.25,3.8,6.0,4.0,14.0,16.0,2.42,3.18,3.42
F1,09/03/2013,Valenciennes,Lille,1.0,3.0,A,1.0,0.0,H,3.4,3.2,2.2,3.6,3.3,2.05,3.6,3.3,2.05,3.2,3.3,2.25,2012/13,€49.75m,€114.60m,5.0,12.0,2.0,7.0,1.0,1.0,0.0,0.0,3.7,3.25,2.2,2.0,3.0,7.0,14.0,3.44,3.46,2.27
F1,10/03/2013,Bordeaux,Bastia,1.0,0.0,H,0.0,0.0,D,1.44,4.0,8.0,1.5,3.75,7.5,1.5,3.75,7.5,1.53,3.8,6.5,2012/13,€80.95m,€36.05m,15.0,4.0,8.0,1.0,0.0,2.0,0.0,0.0,1.5,4.1,8.0,5.0,3.0,14.0,22.0,1.68,3.73,6.32
F1,10/03/2013,Lyon,Marseille,0.0,0.0,D,0.0,0.0,D,2.15,3.3,3.4,2.1,3.3,3.5,2.1,3.3,3.5,2.15,3.3,3.4,2012/13,€155.65m,€150.65m,7.0,9.0,2.0,1.0,0.0,2.0,0.0,0.0,2.25,3.4,3.5,8.0,5.0,13.0,21.0,2.31,3.35,3.44
F1,10/03/2013,Nice,Montpellier,2.0,0.0,H,2.0,0.0,H,2.5,3.1,2.9,2.5,3.0,3.0,2.5,3.0,3.0,2.4,3.25,2.9,2012/13,€59.15m,€78.70m,9.0,10.0,3.0,0.0,1.0,3.0,0.0,0.0,2.6,3.2,3.0,1.0,6.0,20.0,17.0,2.6,3.21,3.08
F1,15/03/2013,Marseille,Ajaccio,0.0,0.0,D,0.0,0.0,D,1.44,4.0,8.0,1.45,4.1,7.5,1.45,4.1,7.5,1.5,4.1,6.5,2012/13,€150.65m,€34.10m,21.0,6.0,3.0,1.0,0.0,1.0,0.0,0.0,1.5,4.3,8.0,8.0,1.0,14.0,19.0,1.53,3.93,8.83
F1,16/03/2013,Bastia,Lyon,4.0,1.0,H,1.0,0.0,H,4.0,3.2,2.0,3.8,3.3,2.0,3.8,3.3,2.0,3.75,3.3,2.0,2012/13,€36.05m,€155.65m,14.0,6.0,6.0,1.0,0.0,1.0,0.0,0.0,3.8,3.3,2.1,3.0,3.0,12.0,11.0,4.51,3.37,1.99
F1,16/03/2013,Lille,Evian Thonon Gaillard,1.0,2.0,A,1.0,1.0,D,1.44,4.1,8.0,1.45,4.1,7.5,1.45,4.1,7.5,1.44,4.33,7.0,2012/13,€114.60m,€34.55m,18.0,3.0,6.0,2.0,2.0,2.0,0.0,0.0,1.45,4.4,8.0,6.0,3.0,16.0,16.0,1.51,4.09,8.65
F1,16/03/2013,Lorient,Brest,4.0,0.0,H,3.0,0.0,H,1.62,3.6,6.0,1.62,3.5,6.25,1.62,3.5,6.25,1.66,3.75,5.0,2012/13,€63.75m,€36.10m,15.0,11.0,8.0,1.0,0.0,1.0,0.0,0.0,1.65,3.8,6.0,4.0,4.0,6.0,10.0,1.68,3.71,6.43
F1,16/03/2013,Montpellier,Troyes,1.0,1.0,D,1.0,0.0,H,1.45,4.0,8.0,1.5,3.8,7.5,1.5,3.8,7.5,1.5,4.0,7.0,2012/13,€78.70m,€21.80m,15.0,4.0,3.0,1.0,1.0,0.0,0.0,0.0,1.53,4.0,6.5,8.0,2.0,17.0,17.0,1.66,3.8,6.44
F1,16/03/2013,Reims,Stade Rennais FC,1.0,0.0,H,1.0,0.0,H,2.88,3.0,2.63,2.8,3.1,2.6,2.8,3.1,2.6,2.87,3.1,2.55,2012/13,€29.50m,€97.80m,3.0,15.0,1.0,3.0,1.0,2.0,0.0,0.0,2.8,3.12,2.75,2.0,1.0,19.0,18.0,2.98,3.36,2.58
F1,16/03/2013,Sochaux,Valenciennes,1.0,1.0,D,1.0,0.0,H,2.4,3.1,3.1,2.25,3.1,3.3,2.25,3.1,3.3,2.4,3.1,3.1,2012/13,€46.85m,€49.75m,21.0,15.0,7.0,3.0,1.0,2.0,0.0,0.0,2.38,3.25,3.4,9.0,6.0,15.0,18.0,2.21,3.27,3.81
F1,17/03/2013,Nancy,Nice,1.0,0.0,H,1.0,0.0,H,2.9,3.0,2.6,2.95,3.0,2.55,2.95,3.0,2.55,3.0,3.0,2.5,2012/13,€36.85m,€59.15m,19.0,8.0,9.0,2.0,2.0,4.0,0.0,0.0,3.0,3.12,2.7,4.0,5.0,11.0,16.0,2.75,3.07,3.0
F1,17/03/2013,St Etienne,Paris SG,2.0,2.0,D,1.0,2.0,A,3.0,3.0,2.5,3.0,3.2,2.4,3.0,3.2,2.4,3.2,3.2,2.25,2012/13,€97.60m,€313.60m,15.0,7.0,4.0,2.0,4.0,2.0,0.0,0.0,3.0,3.25,2.5,9.0,3.0,12.0,13.0,2.92,3.27,2.68
F1,17/03/2013,Toulouse,Bordeaux,0.0,0.0,D,0.0,0.0,D,2.4,3.0,3.2,2.4,2.9,3.3,2.4,2.9,3.3,2.4,3.1,3.1,2012/13,€82.00m,€80.95m,10.0,7.0,3.0,2.0,0.0,1.0,0.0,0.0,2.45,3.1,3.4,6.0,3.0,19.0,14.0,2.29,3.02,3.93
F1,29/03/2013,Paris SG,Montpellier,1.0,0.0,H,0.0,0.0,D,1.57,3.8,6.0,1.5,4.1,6.5,1.5,4.1,6.5,1.57,4.0,5.5,2012/13,€313.60m,€78.70m,20.0,12.0,5.0,3.0,1.0,1.0,0.0,0.0,1.6,4.1,6.25,2.0,4.0,13.0,22.0,1.61,4.05,6.61
F1,30/03/2013,Ajaccio,Toulouse,2.0,3.0,A,2.0,2.0,D,2.7,2.9,2.88,2.6,2.95,2.95,2.6,2.95,2.95,2.5,3.1,2.87,2012/13,€34.10m,€82.00m,14.0,15.0,4.0,7.0,1.0,2.0,0.0,0.0,2.75,3.1,2.9,6.0,5.0,19.0,17.0,3.06,2.96,2.81
F1,30/03/2013,Bordeaux,Lorient,1.0,1.0,D,0.0,1.0,A,1.85,3.2,4.75,1.85,3.2,4.75,1.85,3.2,4.75,1.95,3.3,4.0,2012/13,€80.95m,€63.75m,19.0,10.0,7.0,3.0,3.0,2.0,0.0,0.0,1.9,3.4,4.8,8.0,1.0,10.0,11.0,1.93,3.24,5.18
F1,30/03/2013,Evian Thonon Gaillard,Reims,2.0,2.0,D,0.0,1.0,A,2.0,3.1,4.2,2.0,3.2,4.0,2.0,3.2,4.0,2.05,3.2,3.8,2012/13,€34.55m,€29.50m,29.0,6.0,9.0,3.0,1.0,3.0,0.0,1.0,2.05,3.3,4.2,14.0,4.0,12.0,11.0,2.13,3.21,4.17
F1,30/03/2013,Stade Rennais FC,Nancy,0.0,2.0,A,0.0,0.0,D,1.73,3.5,5.0,1.7,3.4,5.5,1.7,3.4,5.5,1.66,3.6,5.25,2012/13,€97.80m,€36.85m,23.0,9.0,5.0,5.0,2.0,2.0,0.0,0.0,1.75,3.6,5.4,8.0,4.0,13.0,19.0,1.76,3.6,5.72
F1,30/03/2013,Troyes,St Etienne,2.0,2.0,D,2.0,2.0,D,3.75,3.25,2.05,4.2,3.2,1.95,4.2,3.2,1.95,4.0,3.4,1.9,2012/13,€21.80m,€97.60m,9.0,20.0,5.0,4.0,4.0,1.0,0.0,0.0,4.0,3.4,2.05,4.0,6.0,15.0,15.0,4.05,3.75,1.97
F1,30/03/2013,Valenciennes,Bastia,3.0,4.0,A,2.0,1.0,H,1.91,3.2,4.5,1.83,3.3,4.6,1.83,3.3,4.6,1.95,3.3,4.0,2012/13,€49.75m,€36.05m,16.0,16.0,10.0,8.0,3.0,1.0,0.0,0.0,1.92,3.5,4.5,5.0,5.0,20.0,15.0,2.0,3.37,4.4
F1,31/03/2013,Brest,Lille,1.0,2.0,A,1.0,1.0,D,4.75,3.3,1.8,4.75,3.3,1.8,4.75,3.3,1.8,4.5,3.3,1.85,2012/13,€36.10m,€114.60m,8.0,14.0,2.0,5.0,2.0,1.0,0.0,0.0,5.2,3.6,1.8,2.0,8.0,18.0,12.0,5.8,3.83,1.7
F1,31/03/2013,Lyon,Sochaux,1.0,2.0,A,0.0,0.0,D,1.5,4.0,7.0,1.5,4.1,6.5,1.5,4.1,6.5,1.44,4.33,7.0,2012/13,€155.65m,€46.85m,20.0,8.0,4.0,6.0,3.0,3.0,0.0,0.0,1.53,4.33,7.0,8.0,1.0,15.0,21.0,1.61,4.16,6.23
F1,31/03/2013,Nice,Marseille,0.0,1.0,A,0.0,1.0,A,2.8,3.0,2.7,2.75,3.0,2.7,2.75,3.0,2.7,2.62,3.1,2.75,2012/13,€59.15m,€150.65m,15.0,11.0,5.0,4.0,1.0,1.0,0.0,0.0,2.9,3.1,2.8,7.0,1.0,17.0,16.0,3.17,3.24,2.52
F1,05/04/2013,Marseille,Bordeaux,1.0,0.0,H,1.0,0.0,H,1.85,3.3,4.5,1.85,3.4,4.4,1.85,3.4,4.4,1.85,3.25,4.5,2012/13,€150.65m,€80.95m,12.0,10.0,3.0,1.0,1.0,1.0,0.0,0.0,1.9,3.3,5.0,5.0,5.0,15.0,14.0,2.0,3.22,4.69
F1,06/04/2013,Bastia,Brest,4.0,0.0,H,1.0,0.0,H,1.85,3.3,4.5,1.8,3.3,4.75,1.8,3.3,4.75,1.85,3.3,4.5,2012/13,€36.05m,€36.10m,15.0,13.0,8.0,3.0,0.0,2.0,0.0,1.0,1.85,3.5,4.75,6.0,2.0,8.0,18.0,1.74,3.68,5.75
F1,06/04/2013,Montpellier,Valenciennes,3.0,1.0,H,1.0,1.0,D,1.57,3.6,6.5,1.57,3.6,6.75,1.57,3.6,6.75,1.6,3.8,5.5,2012/13,€78.70m,€49.75m,18.0,12.0,8.0,4.0,2.0,3.0,0.0,0.0,1.6,3.9,6.5,10.0,3.0,13.0,18.0,1.59,3.88,7.49
F1,06/04/2013,Nancy,Troyes,1.0,0.0,H,0.0,0.0,D,2.05,3.2,3.75,2.0,3.0,4.25,2.0,3.0,4.25,2.05,3.2,3.75,2012/13,€36.85m,€21.80m,17.0,9.0,8.0,3.0,3.0,3.0,0.0,0.0,2.1,3.3,3.8,5.0,2.0,15.0,22.0,2.14,3.37,3.89
F1,06/04/2013,Stade Rennais FC,Paris SG,0.0,2.0,A,0.0,0.0,D,3.3,3.2,2.25,3.4,3.1,2.25,3.4,3.1,2.25,3.25,3.3,2.2,2012/13,€97.80m,€313.60m,17.0,10.0,2.0,5.0,1.0,3.0,0.0,0.0,3.3,3.3,2.3,4.0,6.0,12.0,16.0,3.39,3.33,2.35
F1,06/04/2013,Sochaux,Ajaccio,0.0,0.0,D,0.0,0.0,D,2.05,3.2,3.8,2.05,3.25,3.7,2.05,3.25,3.7,2.1,3.3,3.5,2012/13,€46.85m,€34.10m,12.0,12.0,6.0,2.0,1.0,2.0,0.0,0.0,2.1,3.3,3.9,4.0,2.0,17.0,15.0,2.1,3.41,3.99
F1,06/04/2013,Toulouse,Nice,3.0,4.0,A,2.0,2.0,D,2.0,3.2,4.0,2.0,3.0,4.33,2.0,3.0,4.33,2.15,3.2,3.5,2012/13,€82.00m,€59.15m,13.0,9.0,5.0,7.0,5.0,2.0,1.0,1.0,2.05,3.25,4.33,8.0,4.0,16.0,18.0,2.06,3.23,4.46
F1,07/04/2013,Lille,Lorient,5.0,0.0,H,4.0,0.0,H,1.67,3.5,5.5,1.62,3.6,6.0,1.62,3.6,6.0,1.7,3.6,5.0,2012/13,€114.60m,€63.75m,16.0,5.0,8.0,3.0,0.0,3.0,0.0,0.0,1.7,3.9,5.5,2.0,0.0,9.0,7.0,1.64,3.81,6.53
F1,07/04/2013,Reims,Lyon,1.0,0.0,H,0.0,0.0,D,3.8,3.3,2.0,4.0,3.3,1.95,4.0,3.3,1.95,4.0,3.4,1.9,2012/13,€29.50m,€155.65m,13.0,6.0,7.0,3.0,1.0,2.0,0.0,1.0,3.9,3.4,2.05,9.0,2.0,13.0,16.0,3.49,3.24,2.35
F1,07/04/2013,St Etienne,Evian Thonon Gaillard,1.0,0.0,H,0.0,0.0,D,1.45,4.1,7.5,1.5,3.75,7.5,1.5,3.75,7.5,1.5,4.2,6.5,2012/13,€97.60m,€34.55m,13.0,8.0,6.0,2.0,0.0,3.0,0.0,0.0,1.5,4.3,7.5,9.0,0.0,12.0,12.0,1.56,4.18,7.19
F1,12/04/2013,Valenciennes,St Etienne,0.0,0.0,D,0.0,0.0,D,4.0,3.3,1.95,3.8,3.3,2.0,3.8,3.3,2.0,3.75,3.3,2.0,2012/13,€49.75m,€97.60m,11.0,10.0,1.0,1.0,0.0,3.0,0.0,0.0,4.1,3.5,2.0,4.0,5.0,16.0,13.0,4.01,3.52,2.04
F1,13/04/2013,Ajaccio,Nancy,1.0,1.0,D,1.0,1.0,D,2.25,3.1,3.4,2.3,3.0,3.4,2.3,3.0,3.4,2.2,3.1,3.5,2012/13,€34.10m,€36.85m,16.0,10.0,5.0,4.0,2.0,0.0,0.0,0.0,2.38,3.25,3.4,7.0,3.0,22.0,10.0,2.27,3.31,3.57
F1,13/04/2013,Bordeaux,Montpellier,4.0,2.0,H,3.0,1.0,H,2.25,3.1,3.4,2.3,3.0,3.4,2.3,3.0,3.4,2.29,3.1,3.2,2012/13,€80.95m,€78.70m,15.0,10.0,6.0,4.0,2.0,4.0,0.0,0.0,2.3,3.2,3.6,3.0,3.0,14.0,17.0,2.36,3.21,3.51
F1,13/04/2013,Brest,Reims,0.0,2.0,A,0.0,1.0,A,2.5,3.1,2.9,2.5,3.1,2.95,2.5,3.1,2.95,2.4,3.1,3.0,2012/13,€36.10m,€29.50m,14.0,8.0,3.0,4.0,3.0,2.0,0.0,0.0,2.62,3.2,3.0,6.0,3.0,20.0,11.0,2.59,3.09,3.22
F1,13/04/2013,Evian Thonon Gaillard,Stade Rennais FC,4.0,2.0,H,2.0,1.0,H,2.5,3.1,2.9,2.55,3.1,2.85,2.55,3.1,2.85,2.5,3.2,2.8,2012/13,€34.55m,€97.80m,16.0,10.0,7.0,4.0,1.0,2.0,0.0,0.0,2.55,3.2,3.0,4.0,3.0,14.0,15.0,2.41,3.32,3.3
F1,13/04/2013,Lorient,Bastia,4.0,1.0,H,1.0,0.0,H,1.95,3.3,4.0,1.91,3.4,4.0,1.91,3.4,4.0,1.9,3.4,4.0,2012/13,€63.75m,€36.05m,20.0,10.0,10.0,2.0,1.0,2.0,0.0,0.0,2.0,3.5,4.0,6.0,4.0,7.0,11.0,1.88,3.65,4.68
F1,13/04/2013,Troyes,Paris SG,0.0,1.0,A,0.0,0.0,D,5.5,3.8,1.62,6.25,3.75,1.57,6.25,3.75,1.57,6.0,3.8,1.57,2012/13,€21.80m,€313.60m,11.0,12.0,6.0,5.0,1.0,1.0,0.0,0.0,6.0,3.8,1.67,3.0,2.0,10.0,9.0,5.8,4.13,1.65
F1,14/04/2013,Lille,Marseille,0.0,0.0,D,0.0,0.0,D,2.0,3.2,4.0,2.0,3.2,4.0,2.0,3.2,4.0,2.04,3.4,3.5,2012/13,€114.60m,€150.65m,16.0,6.0,7.0,3.0,1.0,1.0,0.0,0.0,2.05,3.3,4.1,7.0,2.0,14.0,15.0,1.96,3.6,4.29
F1,14/04/2013,Lyon,Toulouse,3.0,1.0,H,1.0,1.0,D,1.91,3.3,4.2,1.83,3.3,4.6,1.83,3.3,4.6,1.8,3.5,4.5,2012/13,€155.65m,€82.00m,10.0,9.0,3.0,1.0,1.0,1.0,0.0,0.0,1.95,3.25,4.5,8.0,2.0,16.0,15.0,2.04,3.2,4.59
F1,14/04/2013,Nice,Sochaux,3.0,0.0,H,0.0,0.0,D,1.83,3.2,5.0,1.83,3.3,4.6,1.83,3.3,4.6,1.8,3.4,4.59,2012/13,€59.15m,€46.85m,18.0,5.0,6.0,0.0,1.0,2.0,0.0,0.0,1.91,3.4,4.6,7.0,1.0,11.0,10.0,1.85,3.36,5.45
F1,19/04/2013,Montpellier,Lyon,1.0,2.0,A,1.0,1.0,D,2.3,3.25,3.1,2.35,3.2,3.1,2.35,3.2,3.1,2.25,3.3,3.1,2012/13,€78.70m,€155.65m,13.0,13.0,4.0,4.0,0.0,3.0,0.0,0.0,2.4,3.3,3.2,4.0,5.0,16.0,20.0,2.29,3.32,3.53
F1,20/04/2013,Marseille,Brest,1.0,0.0,H,1.0,0.0,H,1.36,4.5,9.0,1.33,4.33,12.0,1.33,4.33,12.0,1.36,4.33,10.0,2012/13,€150.65m,€36.10m,9.0,10.0,2.0,2.0,1.0,2.0,0.0,0.0,1.4,4.6,10.0,6.0,4.0,7.0,11.0,1.36,4.84,12.72
F1,21/04/2013,Bastia,Lille,1.0,2.0,A,0.0,0.0,D,3.4,3.2,2.2,3.6,3.2,2.1,3.6,3.2,2.1,3.4,3.25,2.15,2012/13,€36.05m,€114.60m,6.0,19.0,2.0,6.0,3.0,2.0,0.0,0.0,3.5,3.4,2.2,1.0,10.0,14.0,16.0,4.3,3.57,1.97
F1,21/04/2013,Nancy,Evian Thonon Gaillard,3.0,1.0,H,1.0,1.0,D,2.15,3.1,3.6,2.1,3.1,3.75,2.1,3.1,3.75,2.15,3.1,3.6,2012/13,€36.85m,€34.55m,11.0,10.0,7.0,4.0,2.0,1.0,0.0,0.0,2.15,3.3,3.7,5.0,2.0,9.0,7.0,2.27,3.18,3.77
F1,21/04/2013,Paris SG,Nice,3.0,0.0,H,1.0,0.0,H,1.45,4.0,8.0,1.44,3.9,8.75,1.44,3.9,8.75,1.44,4.33,7.0,2012/13,€313.60m,€59.15m,16.0,6.0,8.0,1.0,2.0,2.0,0.0,1.0,1.45,4.33,8.5,6.0,3.0,17.0,15.0,1.39,4.73,10.49
F1,21/04/2013,Reims,Valenciennes,0.0,1.0,A,0.0,0.0,D,2.2,3.1,3.5,2.3,2.85,3.6,2.3,2.85,3.6,2.2,3.1,3.5,2012/13,€29.50m,€49.75m,10.0,15.0,1.0,5.0,2.0,2.0,0.0,0.0,2.25,3.25,3.6,7.0,6.0,12.0,12.0,2.37,3.18,3.52
F1,21/04/2013,Sochaux,Bordeaux,2.0,2.0,D,1.0,0.0,H,3.0,3.0,2.5,2.85,3.1,2.55,2.85,3.1,2.55,2.87,3.0,2.6,2012/13,€46.85m,€80.95m,18.0,23.0,6.0,5.0,3.0,2.0,0.0,0.0,3.0,3.1,2.7,6.0,11.0,11.0,13.0,2.86,3.08,2.89
F1,21/04/2013,Toulouse,Lorient,0.0,1.0,A,0.0,0.0,D,2.0,3.3,3.75,1.95,3.2,4.2,1.95,3.2,4.2,2.0,3.3,3.75,2012/13,€82.00m,€63.75m,14.0,9.0,4.0,2.0,1.0,0.0,0.0,0.0,2.05,3.4,4.1,8.0,4.0,13.0,12.0,1.85,3.53,5.11
F1,24/04/2013,Stade Rennais FC,Troyes,1.0,2.0,A,1.0,2.0,A,1.83,3.4,4.5,1.8,3.4,4.5,1.8,3.4,4.5,1.83,3.5,4.33,2012/13,€97.80m,€21.80m,10.0,10.0,2.0,6.0,1.0,0.0,0.0,0.0,1.87,3.5,4.6,4.0,4.0,14.0,10.0,1.94,3.59,4.42
F1,24/04/2013,St Etienne,Ajaccio,4.0,2.0,H,1.0,1.0,D,1.44,4.1,8.0,1.44,4.0,8.0,1.44,4.0,8.0,1.44,4.2,7.5,2012/13,€97.60m,€34.10m,19.0,11.0,9.0,5.0,2.0,2.0,0.0,0.0,1.5,4.2,8.0,10.0,6.0,12.0,12.0,1.45,4.49,9.36
F1,26/04/2013,Lille,Sochaux,3.0,3.0,D,2.0,0.0,H,1.33,4.75,9.5,1.36,4.5,9.25,1.36,4.5,9.25,1.4,4.33,8.5,2012/13,€114.60m,€46.85m,23.0,6.0,9.0,4.0,0.0,2.0,0.0,0.0,1.36,4.8,10.5,7.0,0.0,9.0,26.0,1.4,4.69,10.75
F1,27/04/2013,Ajaccio,Montpellier,2.0,1.0,H,0.0,0.0,D,3.1,3.1,2.4,3.1,3.1,2.4,3.1,3.1,2.4,2.8,3.2,2.5,2012/13,€34.10m,€78.70m,14.0,7.0,4.0,2.0,2.0,1.0,1.0,1.0,3.1,3.2,2.55,5.0,4.0,15.0,19.0,2.58,3.27,3.06
F1,27/04/2013,Bastia,Toulouse,0.0,0.0,D,0.0,0.0,D,2.55,3.1,2.88,2.65,3.1,2.75,2.65,3.1,2.75,2.6,3.1,2.8,2012/13,€36.05m,€82.00m,15.0,11.0,2.0,2.0,0.0,2.0,0.0,0.0,2.55,3.25,2.9,5.0,4.0,12.0,14.0,2.82,3.18,2.85
F1,27/04/2013,Bordeaux,Reims,0.0,0.0,D,0.0,0.0,D,1.67,3.5,5.5,1.7,3.4,5.5,1.7,3.4,5.5,1.66,3.5,5.5,2012/13,€80.95m,€29.50m,11.0,6.0,3.0,0.0,2.0,2.0,0.0,0.0,1.73,3.6,5.75,10.0,4.0,11.0,13.0,1.81,3.49,5.55
F1,27/04/2013,Brest,Stade Rennais FC,0.0,2.0,A,0.0,2.0,A,2.8,3.0,2.7,2.75,3.0,2.7,2.75,3.0,2.7,2.87,3.2,2.5,2012/13,€36.10m,€97.80m,17.0,7.0,5.0,4.0,0.0,1.0,0.0,0.0,2.88,3.12,2.75,10.0,3.0,20.0,13.0,2.78,3.25,2.84
F1,27/04/2013,Lorient,Marseille,0.0,1.0,A,0.0,1.0,A,3.1,3.1,2.4,3.1,3.2,2.35,3.1,3.2,2.35,2.9,3.1,2.5,2012/13,€63.75m,€150.65m,12.0,6.0,3.0,4.0,3.0,4.0,1.0,1.0,3.0,3.3,2.5,4.0,7.0,10.0,13.0,2.77,3.19,2.88
F1,27/04/2013,Valenciennes,Nancy,0.0,0.0,D,0.0,0.0,D,2.25,3.1,3.4,2.4,3.1,3.1,2.4,3.1,3.1,2.2,3.25,3.25,2012/13,€49.75m,€36.85m,18.0,9.0,4.0,4.0,1.0,2.0,0.0,0.0,2.4,3.3,3.2,4.0,2.0,11.0,12.0,2.42,3.2,3.39
F1,28/04/2013,Evian Thonon Gaillard,Paris SG,0.0,1.0,A,0.0,0.0,D,4.75,3.75,1.7,5.0,3.6,1.7,5.0,3.6,1.7,5.0,3.75,1.66,2012/13,€34.55m,€313.60m,14.0,10.0,3.0,5.0,2.0,1.0,0.0,2.0,5.2,3.8,1.73,6.0,4.0,19.0,20.0,6.65,4.24,1.58
F1,28/04/2013,Lyon,St Etienne,1.0,1.0,D,0.0,1.0,A,2.3,3.1,3.3,2.2,3.25,3.3,2.2,3.25,3.3,2.29,3.2,3.1,2012/13,€155.65m,€97.60m,13.0,13.0,3.0,4.0,2.0,2.0,0.0,0.0,2.3,3.3,3.3,4.0,6.0,10.0,10.0,2.85,3.14,2.85
F1,28/04/2013,Nice,Troyes,3.0,1.0,H,2.0,1.0,H,1.8,3.3,5.0,1.75,3.25,5.5,1.75,3.25,5.5,1.7,3.5,5.25,2012/13,€59.15m,€21.80m,17.0,11.0,4.0,3.0,1.0,2.0,0.0,0.0,1.83,3.5,5.0,7.0,4.0,12.0,12.0,1.89,3.57,4.72
F1,03/05/2013,St Etienne,Bordeaux,0.0,0.0,D,0.0,0.0,D,1.53,3.8,6.5,1.53,4.1,6.0,1.53,4.1,6.0,1.53,3.75,6.5,2012/13,€97.60m,€80.95m,15.0,4.0,5.0,0.0,1.0,2.0,0.0,0.0,1.55,4.1,7.0,10.0,0.0,10.0,10.0,1.54,4.17,7.55
F1,04/05/2013,Marseille,Bastia,2.0,1.0,H,1.0,0.0,H,1.53,4.0,6.0,1.45,4.2,7.25,1.45,4.2,7.25,1.5,4.0,6.5,2012/13,€150.65m,€36.05m,16.0,6.0,8.0,3.0,0.0,1.0,0.0,0.0,1.53,4.2,6.5,13.0,4.0,11.0,12.0,1.65,3.86,6.45
F1,04/05/2013,Montpellier,Brest,2.0,1.0,H,1.0,1.0,D,1.45,4.2,7.5,1.44,4.0,8.25,1.44,4.0,8.25,1.44,4.0,7.5,2012/13,€78.70m,€36.10m,8.0,11.0,4.0,2.0,1.0,3.0,0.0,0.0,1.5,4.33,7.5,8.0,4.0,12.0,18.0,1.5,4.28,8.44
F1,04/05/2013,Reims,Ajaccio,1.0,1.0,D,1.0,1.0,D,2.2,3.0,3.5,2.3,2.85,3.6,2.3,2.85,3.6,2.2,3.0,3.5,2012/13,€29.50m,€34.10m,15.0,9.0,8.0,4.0,2.0,3.0,0.0,0.0,2.4,3.0,3.5,8.0,8.0,11.0,17.0,2.29,3.15,3.73
F1,04/05/2013,Sochaux,Lorient,1.0,0.0,H,1.0,0.0,H,2.0,3.2,4.0,1.95,3.25,4.1,1.95,3.25,4.1,2.0,3.25,3.75,2012/13,€46.85m,€63.75m,8.0,13.0,3.0,7.0,1.0,1.0,0.0,0.0,2.05,3.3,3.9,5.0,5.0,15.0,10.0,1.99,3.58,4.2
F1,04/05/2013,Toulouse,Lille,4.0,2.0,H,2.0,1.0,H,3.75,3.4,2.0,3.6,3.3,2.05,3.6,3.3,2.05,3.75,3.3,2.0,2012/13,€82.00m,€114.60m,14.0,11.0,9.0,8.0,2.0,0.0,0.0,0.0,3.8,3.4,2.1,3.0,6.0,24.0,16.0,3.89,3.48,2.1
F1,04/05/2013,Troyes,Evian Thonon Gaillard,1.0,0.0,H,0.0,0.0,D,2.38,3.2,3.0,2.4,3.2,3.0,2.4,3.2,3.0,2.4,3.1,3.0,2012/13,€21.80m,€34.55m,9.0,10.0,3.0,3.0,2.0,3.0,0.0,0.0,2.45,3.4,3.1,3.0,3.0,13.0,12.0,2.25,3.59,3.35
F1,05/05/2013,Nancy,Lyon,0.0,3.0,A,0.0,0.0,D,2.8,3.1,2.6,2.95,3.1,2.5,2.95,3.1,2.5,3.1,3.2,2.29,2012/13,€36.85m,€155.65m,15.0,17.0,3.0,5.0,0.0,2.0,0.0,0.0,3.12,3.12,2.55,8.0,6.0,11.0,15.0,2.69,3.24,2.94
F1,05/05/2013,Paris SG,Valenciennes,1.0,1.0,D,0.0,1.0,A,1.2,6.5,12.0,1.16,6.5,18.5,1.16,6.5,18.5,1.2,6.0,15.0,2012/13,€313.60m,€49.75m,19.0,17.0,4.0,6.0,5.0,2.0,1.0,0.0,1.25,6.5,15.0,14.0,5.0,8.0,15.0,1.21,7.25,17.69
F1,05/05/2013,Stade Rennais FC,Nice,0.0,3.0,A,0.0,0.0,D,2.6,3.1,2.8,2.7,2.9,2.85,2.7,2.9,2.85,2.7,3.1,2.7,2012/13,€97.80m,€59.15m,12.0,9.0,2.0,5.0,2.0,1.0,1.0,1.0,2.7,3.1,2.88,1.0,4.0,9.0,18.0,2.76,3.14,2.95
F1,10/05/2013,Lille,Reims,3.0,0.0,H,1.0,0.0,H,1.36,4.5,9.5,1.34,4.6,9.5,1.34,4.6,9.5,1.36,4.5,9.0,2012/13,€114.60m,€29.50m,19.0,14.0,4.0,1.0,2.0,3.0,0.0,0.0,1.36,5.0,10.0,5.0,7.0,15.0,15.0,1.36,4.8,12.5
F1,11/05/2013,Ajaccio,Troyes,0.0,1.0,A,0.0,1.0,A,2.25,3.1,3.4,2.2,3.2,3.3,2.2,3.2,3.3,2.15,3.25,3.4,2012/13,€34.10m,€21.80m,16.0,9.0,3.0,2.0,0.0,0.0,0.0,0.0,2.3,3.3,3.4,4.0,5.0,13.0,12.0,2.13,3.37,3.89
F1,11/05/2013,Bastia,Montpellier,3.0,1.0,H,2.0,1.0,H,2.3,3.1,3.25,2.35,3.1,3.1,2.35,3.1,3.1,2.3,3.2,3.1,2012/13,€36.05m,€78.70m,12.0,11.0,4.0,5.0,2.0,1.0,0.0,0.0,2.4,3.4,3.13,7.0,5.0,19.0,10.0,2.45,3.49,3.02
F1,11/05/2013,Bordeaux,Nancy,3.0,2.0,H,2.0,0.0,H,2.2,3.1,3.5,2.3,3.0,3.3,2.3,3.0,3.3,2.15,3.25,3.4,2012/13,€80.95m,€36.85m,24.0,9.0,12.0,3.0,3.0,2.0,0.0,0.0,2.3,3.3,3.4,7.0,4.0,16.0,11.0,2.12,3.36,3.9
F1,11/05/2013,Brest,Sochaux,0.0,2.0,A,0.0,0.0,D,2.7,3.1,2.7,2.75,3.2,2.55,2.75,3.2,2.55,2.7,3.1,2.7,2012/13,€36.10m,€46.85m,12.0,13.0,4.0,7.0,3.0,3.0,1.0,0.0,2.9,3.1,2.8,6.0,10.0,18.0,12.0,2.68,3.2,2.93
F1,11/05/2013,Marseille,Toulouse,2.0,1.0,H,1.0,0.0,H,1.73,3.4,5.25,1.65,3.5,5.5,1.65,3.5,5.5,1.67,3.5,5.5,2012/13,€150.65m,€82.00m,14.0,7.0,4.0,4.0,2.0,2.0,0.0,0.0,1.7,3.7,5.75,4.0,2.0,10.0,19.0,1.9,3.29,5.13
F1,11/05/2013,Valenciennes,Stade Rennais FC,4.0,1.0,H,1.0,1.0,D,2.15,3.1,3.6,2.15,3.1,3.5,2.15,3.1,3.5,2.25,3.1,3.4,2012/13,€49.75m,€97.80m,13.0,10.0,6.0,4.0,0.0,2.0,0.0,2.0,2.3,3.25,3.5,3.0,3.0,8.0,16.0,2.02,3.47,4.13
F1,12/05/2013,Evian Thonon Gaillard,Nice,4.0,0.0,H,1.0,0.0,H,2.55,3.1,2.88,2.8,2.9,2.7,2.8,2.9,2.7,2.9,3.1,2.5,2012/13,€34.55m,€59.15m,16.0,9.0,8.0,3.0,3.0,2.0,0.0,0.0,2.88,3.2,2.7,2.0,11.0,17.0,15.0,2.58,3.24,3.04
F1,12/05/2013,Lorient,St Etienne,3.0,1.0,H,0.0,0.0,D,3.6,3.25,2.1,3.5,3.25,2.1,3.5,3.25,2.1,3.25,3.25,2.2,2012/13,€63.75m,€97.60m,11.0,11.0,6.0,4.0,1.0,3.0,0.0,0.0,3.7,3.3,2.2,7.0,8.0,11.0,11.0,4.18,3.56,1.98
F1,12/05/2013,Lyon,Paris SG,0.0,1.0,A,0.0,0.0,D,3.4,3.25,2.15,3.2,3.2,2.25,3.2,3.2,2.25,3.1,3.25,2.3,2012/13,€155.65m,€313.60m,14.0,11.0,2.0,6.0,2.0,2.0,0.0,0.0,3.25,3.3,2.38,3.0,4.0,18.0,10.0,3.94,3.47,2.09
F1,18/05/2013,Evian Thonon Gaillard,Valenciennes,2.0,0.0,H,2.0,0.0,H,1.67,3.75,5.0,1.6,3.75,5.5,1.6,3.75,5.5,1.73,3.5,5.0,2012/13,€34.55m,€49.75m,12.0,10.0,5.0,2.0,2.0,1.0,0.0,0.0,1.67,3.8,5.5,6.0,7.0,11.0,15.0,1.67,3.95,5.0
F1,18/05/2013,Montpellier,Lille,0.0,0.0,D,0.0,0.0,D,3.75,3.5,1.95,4.0,3.6,1.85,4.0,3.6,1.85,3.6,3.5,2.0,2012/13,€78.70m,€114.60m,14.0,12.0,1.0,3.0,1.0,3.0,0.0,1.0,4.0,3.75,1.95,5.0,5.0,14.0,18.0,4.01,4.09,1.87
F1,18/05/2013,Nancy,Bastia,1.0,2.0,A,0.0,0.0,D,1.6,3.75,6.0,1.57,4.0,5.5,1.57,4.0,5.5,1.67,3.5,5.5,2012/13,€36.85m,€36.05m,16.0,12.0,6.0,6.0,3.0,1.0,0.0,0.0,1.6,4.1,6.0,9.0,0.0,18.0,21.0,1.56,4.42,6.42
F1,18/05/2013,Paris SG,Brest,3.0,1.0,H,3.0,0.0,H,1.14,7.5,19.0,1.13,7.25,21.0,1.13,7.25,21.0,1.14,7.5,19.0,2012/13,€313.60m,€36.10m,11.0,22.0,5.0,8.0,0.0,0.0,0.0,0.0,1.14,8.5,23.0,3.0,4.0,7.0,10.0,1.13,10.5,18.0
F1,18/05/2013,Reims,Lorient,1.0,0.0,H,1.0,0.0,H,2.05,3.2,3.8,2.05,3.3,3.6,2.05,3.3,3.6,2.0,3.25,3.75,2012/13,€29.50m,€63.75m,14.0,9.0,6.0,1.0,0.0,3.0,0.0,0.0,2.15,3.3,3.75,8.0,3.0,15.0,11.0,2.14,3.33,3.83
F1,18/05/2013,Stade Rennais FC,Ajaccio,1.0,1.0,D,1.0,1.0,D,2.38,3.2,3.0,2.4,3.3,2.85,2.4,3.3,2.85,2.38,3.25,3.0,2012/13,€97.80m,€34.10m,7.0,8.0,1.0,4.0,1.0,4.0,0.0,0.0,2.5,3.4,3.0,3.0,1.0,12.0,22.0,2.27,3.21,3.64
F1,18/05/2013,Sochaux,Toulouse,1.0,2.0,A,1.0,2.0,A,2.1,3.1,3.8,2.15,3.1,3.5,2.15,3.1,3.5,2.25,3.25,3.2,2012/13,€46.85m,€82.00m,13.0,11.0,4.0,5.0,2.0,2.0,0.0,1.0,2.2,3.1,3.6,9.0,3.0,13.0,20.0,2.79,3.02,2.98
F1,18/05/2013,St Etienne,Marseille,2.0,0.0,H,2.0,0.0,H,1.8,3.6,4.33,1.78,3.6,4.33,1.78,3.6,4.33,1.8,3.5,4.5,2012/13,€97.60m,€150.65m,12.0,10.0,6.0,3.0,0.0,1.0,0.0,0.0,1.8,3.75,4.6,3.0,7.0,14.0,9.0,1.92,3.75,4.2
F1,18/05/2013,Troyes,Bordeaux,1.0,0.0,H,0.0,0.0,D,2.0,3.4,3.7,1.95,3.5,3.7,1.95,3.5,3.7,2.05,3.4,3.5,2012/13,€21.80m,€80.95m,13.0,10.0,4.0,1.0,2.0,3.0,0.0,1.0,2.05,3.6,3.75,3.0,5.0,17.0,8.0,2.1,3.53,3.74
F1,19/05/2013,Nice,Lyon,1.0,1.0,D,0.0,0.0,D,2.5,3.1,2.9,2.4,3.1,3.0,2.4,3.1,3.0,2.38,3.2,3.0,2012/13,€59.15m,€155.65m,12.0,14.0,1.0,6.0,3.0,3.0,0.0,1.0,2.55,3.2,3.0,2.0,2.0,18.0,21.0,2.57,3.06,3.18
F1,26/05/2013,Ajaccio,Nice,0.0,2.0,A,0.0,0.0,D,3.5,3.3,2.1,3.6,3.2,2.1,3.6,3.2,2.1,3.6,3.25,2.1,2012/13,€34.10m,€59.15m,5.0,5.0,3.0,3.0,1.0,1.0,0.0,0.0,3.5,3.4,2.1,4.0,0.0,14.0,19.0,3.34,3.33,2.35
F1,26/05/2013,Bastia,Sochaux,0.0,0.0,D,0.0,0.0,D,3.0,2.4,2.88,3.0,2.65,2.8,3.0,2.65,2.8,3.0,2.5,2.8,2012/13,€36.05m,€46.85m,10.0,6.0,2.0,1.0,2.0,2.0,0.0,0.0,2.8,2.4,2.63,5.0,2.0,17.0,13.0,3.09,3.26,2.52
F1,26/05/2013,Bordeaux,Evian Thonon Gaillard,2.0,1.0,H,2.0,1.0,H,1.95,3.3,4.0,1.91,3.3,4.1,1.91,3.3,4.1,1.95,3.25,4.0,2012/13,€80.95m,€34.55m,16.0,9.0,3.0,3.0,2.0,2.0,0.0,0.0,1.93,3.5,4.1,3.0,2.0,13.0,11.0,1.9,3.61,4.51
F1,26/05/2013,Brest,Nancy,1.0,2.0,A,0.0,2.0,A,2.6,3.1,2.8,2.65,3.1,2.7,2.65,3.1,2.7,2.7,3.0,2.8,2012/13,€36.10m,€36.85m,14.0,10.0,3.0,4.0,1.0,1.0,0.0,0.0,2.63,3.25,2.75,7.0,5.0,6.0,17.0,3.03,3.27,2.5
F1,26/05/2013,Lille,St Etienne,1.0,1.0,D,1.0,0.0,H,1.91,3.4,4.0,1.87,3.4,4.1,1.87,3.4,4.1,1.95,3.4,3.8,2012/13,€114.60m,€97.60m,19.0,6.0,4.0,2.0,2.0,2.0,0.0,1.0,1.91,3.6,4.0,5.0,3.0,10.0,17.0,1.93,3.75,4.17
F1,26/05/2013,Lorient,Paris SG,1.0,3.0,A,0.0,0.0,D,4.33,3.4,1.85,4.1,3.5,1.85,4.1,3.5,1.85,4.33,3.5,1.83,2012/13,€63.75m,€313.60m,14.0,10.0,5.0,4.0,0.0,0.0,0.0,1.0,4.1,3.5,1.91,12.0,1.0,5.0,8.0,3.51,3.45,2.22
F1,26/05/2013,Lyon,Stade Rennais FC,2.0,0.0,H,1.0,0.0,H,1.33,5.0,9.0,1.28,5.25,10.0,1.28,5.25,10.0,1.29,5.0,10.0,2012/13,€155.65m,€97.80m,9.0,14.0,5.0,8.0,0.0,0.0,0.0,0.0,1.36,5.0,8.5,1.0,3.0,12.0,13.0,1.33,5.9,9.5
F1,26/05/2013,Marseille,Reims,0.0,0.0,D,0.0,0.0,D,1.57,3.8,6.0,1.62,3.6,5.75,1.62,3.6,5.75,1.5,4.0,6.5,2012/13,€150.65m,€29.50m,21.0,4.0,7.0,0.0,0.0,0.0,0.0,0.0,1.57,4.1,5.75,10.0,5.0,7.0,14.0,1.49,4.2,8.69
F1,26/05/2013,Toulouse,Montpellier,2.0,0.0,H,2.0,0.0,H,2.38,3.1,3.1,2.3,3.2,3.1,2.3,3.2,3.1,2.38,3.2,3.0,2012/13,€82.00m,€78.70m,16.0,19.0,9.0,4.0,1.0,2.0,0.0,0.0,2.38,3.3,3.1,3.0,9.0,21.0,16.0,2.27,3.44,3.4
F1,26/05/2013,Valenciennes,Troyes,2.0,1.0,H,0.0,1.0,A,2.63,3.5,2.5,2.65,3.4,2.5,2.65,3.4,2.5,2.62,3.4,2.55,2012/13,€49.75m,€21.80m,14.0,7.0,4.0,5.0,2.0,3.0,0.0,0.0,2.75,3.5,2.5,6.0,3.0,20.0,13.0,2.73,3.93,2.47
