Div,Date,HomeTeam,AwayTeam,FTHG,FTAG,FTR,HTHG,HTAG,HTR,Referee,HS,AS,HST,AST,HF,AF,HC,AC,HY,AY,HR,AR,B365H,B365D,B365A,BWH,BWD,BWA,GBH,GBD,GBA,LBH,LBD,LBA,VCH,VCD,VCA,PSCH,PSCD,PSCA
E0,18/08/12,Arsenal,Sunderland,0.0,0.0,D,0.0,0.0,D,C Foy,14.0,3.0,4.0,2.0,12.0,8.0,7.0,0.0,0.0,0.0,0.0,0.0,1.4,4.5,8.5,1.35,4.6,9.0,1.35,4.6,9.0,1.4,4.5,8.0,1.44,4.75,8.5,1.44,4.72,8.71
E0,18/08/12,Fulham,Norwich,5.0,0.0,H,2.0,0.0,H,M Oliver,11.0,4.0,9.0,2.0,12.0,11.0,6.0,3.0,0.0,0.0,0.0,0.0,1.8,3.6,4.5,1.8,3.5,4.4,1.8,3.5,4.4,1.8,3.5,4.5,1.83,3.75,4.75,1.84,3.75,4.75
E0,18/08/12,Newcastle,Tottenham,2.0,1.0,H,0.0,0.0,D,M Atkinson,6.0,12.0,4.0,6.0,12.0,8.0,3.0,5.0,2.0,2.0,0.0,0.0,2.5,3.4,2.75,2.6,3.3,2.75,2.6,3.3,2.75,2.6,3.3,2.7,2.62,3.4,2.75,2.83,3.35,2.72
E0,18/08/12,QPR,Swansea,0.0,5.0,A,0.0,1.0,A,L Probert,20.0,12.0,11.0,8.0,11.0,14.0,5.0,3.0,2.0,2.0,0.0,0.0,2.0,3.4,3.8,2.0,3.4,3.6,2.0,3.4,3.6,2.0,3.4,3.75,2.0,3.5,4.0,2.0,3.53,4.15
E0,18/08/12,Reading,Stoke,1.0,1.0,D,0.0,1.0,A,K Friend,9.0,6.0,3.0,3.0,9.0,14.0,4.0,3.0,2.0,4.0,0.0,1.0,2.38,3.25,3.1,2.4,3.2,3.1,2.4,3.2,3.1,2.4,3.3,2.88,2.4,3.3,3.25,2.47,3.3,3.22
E0,18/08/12,West Brom,Liverpool,3.0,0.0,H,1.0,0.0,H,P Dowd,15.0,14.0,10.0,7.0,10.0,11.0,7.0,3.0,1.0,4.0,0.0,1.0,4.2,3.5,1.91,4.1,3.5,1.85,4.1,3.5,1.85,3.75,3.5,1.95,4.33,3.6,1.95,4.76,3.74,1.84
E0,18/08/12,West Ham,Aston Villa,1.0,0.0,H,1.0,0.0,H,M Dean,8.0,10.0,4.0,6.0,17.0,8.0,6.0,4.0,0.0,1.0,0.0,0.0,2.2,3.3,3.4,2.25,3.3,3.3,2.25,3.3,3.3,2.25,3.3,3.1,2.25,3.4,3.4,2.14,3.5,3.71
E0,19/08/12,Man City,Southampton,3.0,2.0,H,1.0,0.0,H,H Webb,20.0,9.0,15.0,6.0,4.0,6.0,7.0,3.0,1.0,2.0,0.0,0.0,1.17,7.0,17.0,1.18,6.25,16.0,1.18,6.25,16.0,1.17,7.0,15.0,1.2,7.0,19.0,1.13,9.38,26.18
E0,19/08/12,Wigan,Chelsea,0.0,2.0,A,0.0,2.0,A,M Jones,12.0,5.0,4.0,3.0,16.0,11.0,7.0,1.0,2.0,2.0,0.0,0.0,6.0,3.75,1.62,6.0,3.9,1.55,6.0,3.9,1.55,6.5,3.8,1.53,6.5,3.8,1.65,4.92,3.77,1.81
E0,20/08/12,Everton,Man United,1.0,0.0,H,0.0,0.0,D,A Marriner,16.0,12.0,7.0,7.0,12.0,11.0,6.0,8.0,1.0,2.0,0.0,0.0,4.33,3.6,1.83,4.6,3.5,1.83,4.6,3.5,1.83,4.0,3.6,1.85,4.3,3.7,1.87,3.91,3.59,2.06
E0,22/08/12,Chelsea,Reading,4.0,2.0,H,1.0,2.0,A,L Mason,23.0,7.0,11.0,5.0,11.0,14.0,1.0,5.0,0.0,2.0,0.0,0.0,1.25,5.5,13.0,1.25,5.25,12.5,1.25,5.25,12.5,1.25,6.0,11.0,1.25,6.0,13.0,1.3,5.75,12.6
E0,25/08/12,Aston Villa,Everton,1.0,3.0,A,0.0,3.0,A,M Oliver,7.0,19.0,3.0,11.0,10.0,7.0,1.0,9.0,1.0,0.0,1.0,0.0,2.9,3.4,2.4,2.95,3.3,2.45,2.95,3.3,2.45,2.75,3.3,2.5,3.1,3.3,2.45,3.73,3.42,2.16
E0,25/08/12,Chelsea,Newcastle,2.0,0.0,H,2.0,0.0,H,P Dowd,11.0,11.0,6.0,5.0,8.0,10.0,2.0,3.0,1.0,0.0,0.0,0.0,1.5,4.33,6.5,1.5,4.33,6.5,1.5,4.33,6.5,1.5,4.0,6.5,1.5,4.4,7.0,1.5,4.49,7.5
E0,25/08/12,Norwich,QPR,1.0,1.0,D,1.0,1.0,D,M Clattenburg,13.0,6.0,4.0,4.0,15.0,14.0,6.0,2.0,0.0,2.0,0.0,0.0,2.25,3.4,3.2,2.25,3.3,3.1,2.25,3.3,3.1,2.38,3.4,2.88,2.3,3.4,3.2,2.37,3.6,3.09
E0,25/08/12,Southampton,Wigan,0.0,2.0,A,0.0,0.0,D,A Taylor,14.0,12.0,9.0,8.0,11.0,9.0,10.0,3.0,0.0,0.0,0.0,0.0,2.1,3.4,3.5,2.05,3.4,3.5,2.05,3.4,3.5,2.1,3.3,3.5,2.15,3.5,3.6,2.2,3.47,3.61
E0,25/08/12,Swansea,West Ham,3.0,0.0,H,2.0,0.0,H,M Atkinson,10.0,7.0,7.0,6.0,13.0,17.0,5.0,4.0,2.0,4.0,0.0,0.0,2.1,3.3,3.6,2.0,3.3,3.75,2.0,3.3,3.75,2.1,3.25,3.5,2.1,3.4,3.8,2.22,3.4,3.6
E0,25/08/12,Tottenham,West Brom,1.0,1.0,D,0.0,0.0,D,M Dean,18.0,10.0,10.0,5.0,8.0,7.0,7.0,5.0,1.0,2.0,0.0,0.0,1.5,4.33,6.5,1.45,4.2,7.0,1.45,4.2,7.0,1.5,4.0,6.5,1.5,4.4,7.0,1.63,4.18,5.9
E0,26/08/12,Liverpool,Man City,2.0,2.0,D,1.0,0.0,H,A Marriner,15.0,11.0,8.0,5.0,10.0,7.0,4.0,4.0,1.0,0.0,0.0,0.0,3.1,3.4,2.3,3.0,3.5,2.35,3.0,3.5,2.35,3.1,3.3,2.25,3.1,3.4,2.4,2.95,3.43,2.57
E0,26/08/12,Stoke,Arsenal,0.0,0.0,D,0.0,0.0,D,L Mason,7.0,16.0,4.0,6.0,9.0,9.0,0.0,11.0,2.0,0.0,0.0,0.0,3.5,3.4,2.1,3.7,3.3,2.1,3.7,3.3,2.1,3.75,3.3,2.0,3.6,3.4,2.2,3.3,3.41,2.36
E0,01/09/12,Swansea,Sunderland,2.0,2.0,D,1.0,2.0,A,R East,14.0,4.0,10.0,3.0,11.0,7.0,8.0,0.0,1.0,1.0,1.0,0.0,2.2,3.3,3.4,2.2,3.2,3.3,2.2,3.2,3.3,2.2,3.3,3.3,2.15,3.4,3.6,2.04,3.47,4.07
E0,01/09/12,Tottenham,Norwich,1.0,1.0,D,0.0,0.0,D,M Halsey,15.0,10.0,9.0,4.0,7.0,12.0,4.0,2.0,1.0,0.0,1.0,0.0,1.36,5.0,8.5,1.36,4.75,8.0,1.36,4.75,8.0,1.4,4.5,8.0,1.36,5.25,9.0,1.35,5.46,10.48
E0,01/09/12,West Brom,Everton,2.0,0.0,H,0.0,0.0,D,J Moss,14.0,12.0,8.0,5.0,11.0,15.0,6.0,3.0,1.0,4.0,0.0,0.0,3.0,3.3,2.38,2.9,3.25,2.5,2.9,3.25,2.5,2.88,3.3,2.4,3.1,3.3,2.5,3.25,3.39,2.39
E0,01/09/12,West Ham,Fulham,3.0,0.0,H,3.0,0.0,H,A Taylor,17.0,14.0,12.0,13.0,12.0,5.0,6.0,6.0,0.0,0.0,0.0,0.0,2.5,3.25,2.88,2.55,3.3,2.8,2.55,3.3,2.8,2.5,3.25,2.8,2.5,3.4,2.9,2.74,3.41,2.77
E0,01/09/12,Wigan,Stoke,2.0,2.0,D,1.0,1.0,D,M Atkinson,9.0,16.0,5.0,8.0,13.0,11.0,2.0,1.0,1.0,2.0,0.0,0.0,2.25,3.25,3.3,2.2,3.2,3.3,2.2,3.2,3.3,2.25,3.25,3.25,2.25,3.3,3.5,2.15,3.28,4.0
E0,02/09/12,Liverpool,Arsenal,0.0,2.0,A,0.0,1.0,A,H Webb,17.0,11.0,8.0,7.0,12.0,7.0,10.0,2.0,2.0,2.0,0.0,0.0,2.0,3.5,3.75,2.05,3.4,3.75,2.05,3.4,3.75,2.1,3.2,3.6,2.05,3.5,3.9,1.88,3.78,4.43
E0,02/09/12,Newcastle,Aston Villa,1.0,1.0,D,0.0,1.0,A,L Probert,16.0,13.0,6.0,9.0,6.0,20.0,10.0,6.0,1.0,4.0,0.0,0.0,1.62,3.75,6.0,1.6,3.9,5.25,1.6,3.9,5.25,1.62,3.75,5.5,1.65,4.0,6.0,1.66,3.95,6.13
E0,02/09/12,Southampton,Man United,2.0,3.0,A,1.0,1.0,D,M Dean,15.0,18.0,8.0,9.0,9.0,4.0,4.0,7.0,1.0,0.0,0.0,0.0,6.0,4.2,1.53,6.0,4.0,1.53,6.0,4.0,1.53,6.5,4.0,1.53,6.25,4.33,1.57,7.24,4.62,1.5
E0,15/09/12,Arsenal,Southampton,6.0,1.0,H,4.0,1.0,H,K Friend,20.0,9.0,12.0,4.0,4.0,7.0,8.0,3.0,0.0,0.0,0.0,0.0,1.36,5.0,8.5,1.34,4.75,8.75,1.34,4.75,8.75,1.36,4.5,9.0,1.36,5.2,10.0,1.35,5.44,10.62
E0,15/09/12,Aston Villa,Swansea,2.0,0.0,H,1.0,0.0,H,L Mason,17.0,10.0,13.0,5.0,11.0,4.0,11.0,5.0,3.0,1.0,0.0,0.0,2.38,3.25,3.1,2.3,3.3,3.0,2.3,3.3,3.0,2.25,3.3,3.1,2.4,3.3,3.2,2.35,3.36,3.36
E0,15/09/12,Fulham,West Brom,3.0,0.0,H,2.0,0.0,H,R East,23.0,10.0,14.0,8.0,6.0,10.0,5.0,4.0,0.0,0.0,0.0,1.0,2.1,3.4,3.5,1.95,3.4,3.8,1.95,3.4,3.8,2.0,3.4,3.75,2.1,3.3,3.9,2.25,3.44,3.5
E0,15/09/12,Man United,Wigan,4.0,0.0,H,0.0,0.0,D,M Oliver,17.0,8.0,10.0,4.0,10.0,14.0,5.0,5.0,2.0,2.0,0.0,0.0,1.25,6.0,12.0,1.25,5.5,11.5,1.25,5.5,11.5,1.22,6.0,12.0,1.29,6.25,12.0,1.33,5.68,11.12
E0,15/09/12,Norwich,West Ham,0.0,0.0,D,0.0,0.0,D,C Foy,20.0,9.0,14.0,4.0,10.0,12.0,8.0,5.0,0.0,1.0,0.0,0.0,2.38,3.4,3.0,2.3,3.4,3.1,2.3,3.4,3.1,2.3,3.4,3.0,2.4,3.4,3.12,2.54,3.4,2.99
E0,15/09/12,QPR,Chelsea,0.0,0.0,D,0.0,0.0,D,A Marriner,10.0,13.0,6.0,9.0,16.0,17.0,2.0,4.0,0.0,2.0,0.0,0.0,4.5,3.5,1.83,4.75,3.5,1.75,4.75,3.5,1.75,4.5,3.5,1.8,4.5,3.6,1.87,4.43,3.69,1.91
E0,15/09/12,Stoke,Man City,1.0,1.0,D,1.0,1.0,D,M Clattenburg,4.0,15.0,3.0,11.0,12.0,12.0,6.0,5.0,0.0,1.0,0.0,0.0,5.0,3.6,1.73,5.0,3.5,1.7,5.0,3.5,1.7,5.0,3.5,1.73,5.25,3.75,1.75,5.47,3.8,1.74
E0,15/09/12,Sunderland,Liverpool,1.0,1.0,D,1.0,0.0,H,M Atkinson,6.0,20.0,4.0,9.0,18.0,10.0,2.0,7.0,1.0,2.0,0.0,0.0,3.4,3.3,2.2,3.3,3.3,2.25,3.3,3.3,2.25,3.2,3.25,2.25,3.4,3.4,2.25,3.66,3.59,2.12
E0,16/09/12,Reading,Tottenham,1.0,3.0,A,0.0,1.0,A,H Webb,4.0,22.0,2.0,11.0,4.0,9.0,7.0,4.0,0.0,1.0,0.0,0.0,3.75,3.5,2.0,3.8,3.5,2.0,3.8,3.5,2.0,3.6,3.5,2.0,3.7,3.5,2.05,3.68,3.44,2.18
E0,17/09/12,Everton,Newcastle,2.0,2.0,D,1.0,0.0,H,M Jones,17.0,11.0,10.0,7.0,16.0,12.0,3.0,3.0,3.0,3.0,0.0,0.0,1.73,3.6,5.0,1.75,3.7,4.75,1.75,3.7,4.75,1.85,3.4,4.33,1.75,3.7,5.2,1.53,4.33,7.06
E0,22/09/12,Chelsea,Stoke,1.0,0.0,H,0.0,0.0,D,M Oliver,17.0,13.0,9.0,6.0,12.0,15.0,13.0,3.0,2.0,1.0,0.0,0.0,1.36,4.75,9.0,1.36,4.5,8.75,1.36,4.5,8.75,1.29,4.5,8.0,1.36,5.0,10.5,1.4,4.95,10.01
E0,22/09/12,Southampton,Aston Villa,4.0,1.0,H,0.0,1.0,A,J Moss,12.0,8.0,4.0,2.0,5.0,13.0,1.0,4.0,1.0,3.0,0.0,0.0,2.4,3.3,3.0,2.4,3.25,2.9,2.4,3.25,2.9,2.38,3.2,2.6,2.5,3.4,3.0,2.35,3.39,3.33
E0,22/09/12,Swansea,Everton,0.0,3.0,A,0.0,2.0,A,A Taylor,18.0,30.0,11.0,19.0,23.0,7.0,8.0,3.0,4.0,1.0,1.0,0.0,3.0,3.3,2.4,3.1,3.3,2.4,3.1,3.3,2.4,2.5,3.25,2.38,3.0,3.4,2.45,3.25,3.31,2.44
E0,22/09/12,West Brom,Reading,1.0,0.0,H,0.0,0.0,D,C Foy,9.0,8.0,4.0,1.0,14.0,6.0,9.0,1.0,1.0,0.0,0.0,0.0,1.73,3.75,4.75,1.75,3.5,4.75,1.75,3.5,4.75,1.8,3.5,3.5,1.8,3.8,4.75,1.63,4.15,6.05
E0,22/09/12,West Ham,Sunderland,1.0,1.0,D,0.0,1.0,A,L Mason,20.0,4.0,11.0,2.0,12.0,10.0,10.0,1.0,2.0,1.0,0.0,0.0,2.1,3.3,3.6,2.15,3.5,3.5,2.15,3.5,3.5,2.25,3.25,2.75,2.2,3.3,3.6,2.04,3.41,4.16
E0,22/09/12,Wigan,Fulham,1.0,2.0,A,0.0,1.0,A,L Probert,18.0,12.0,9.0,9.0,7.0,13.0,8.0,7.0,0.0,3.0,0.0,0.0,2.4,3.3,3.0,2.3,3.2,3.1,2.3,3.2,3.1,2.38,3.2,2.6,2.38,3.3,3.25,2.42,3.36,3.24
E0,23/09/12,Liverpool,Man United,1.0,2.0,A,0.0,0.0,D,M Halsey,13.0,8.0,8.0,4.0,14.0,7.0,7.0,3.0,1.0,2.0,1.0,0.0,2.7,3.3,2.63,2.75,3.4,2.6,2.75,3.4,2.6,2.7,3.2,2.25,2.75,3.3,2.75,2.76,3.25,2.85
E0,23/09/12,Man City,Arsenal,1.0,1.0,D,1.0,0.0,H,M Dean,14.0,10.0,10.0,4.0,11.0,7.0,9.0,4.0,1.0,0.0,0.0,0.0,1.75,3.6,4.75,1.8,3.6,5.0,1.8,3.6,5.0,1.62,3.5,4.5,1.8,3.9,4.8,1.8,3.85,4.9
E0,23/09/12,Newcastle,Norwich,1.0,0.0,H,1.0,0.0,H,N Swarbrick,16.0,8.0,8.0,3.0,11.0,19.0,4.0,5.0,1.0,1.0,0.0,0.0,1.8,3.6,4.5,1.78,3.4,4.6,1.78,3.4,4.6,1.53,3.6,5.0,1.83,3.7,4.75,1.71,4.07,5.24
E0,23/09/12,Tottenham,QPR,2.0,1.0,H,0.0,1.0,A,P Dowd,18.0,9.0,14.0,6.0,7.0,12.0,10.0,9.0,0.0,2.0,0.0,0.0,1.44,4.33,7.5,1.45,4.0,7.75,1.45,4.0,7.75,1.44,3.75,6.0,1.5,4.4,7.0,1.51,4.5,7.25
E0,29/09/12,Arsenal,Chelsea,1.0,2.0,A,1.0,1.0,D,M Atkinson,14.0,10.0,5.0,5.0,14.0,13.0,6.0,5.0,2.0,3.0,0.0,0.0,2.1,3.4,3.5,2.15,3.5,3.5,2.15,3.5,3.5,2.1,3.3,3.4,2.2,3.4,3.6,2.19,3.44,3.65
E0,29/09/12,Everton,Southampton,3.0,1.0,H,3.0,1.0,H,L Probert,17.0,8.0,9.0,2.0,2.0,3.0,10.0,3.0,0.0,0.0,0.0,0.0,1.4,4.75,8.0,1.42,4.2,7.75,1.42,4.2,7.75,1.44,4.2,7.5,1.44,4.75,8.5,1.4,5.27,8.81
E0,29/09/12,Fulham,Man City,1.0,2.0,A,1.0,1.0,D,M Halsey,7.0,21.0,3.0,12.0,7.0,12.0,2.0,4.0,0.0,1.0,0.0,0.0,4.33,3.6,1.83,4.5,3.6,1.85,4.5,3.6,1.85,4.5,3.5,1.8,4.5,3.6,1.85,4.69,3.88,1.82
E0,29/09/12,Man United,Tottenham,2.0,3.0,A,0.0,2.0,A,C Foy,15.0,10.0,8.0,6.0,5.0,7.0,9.0,5.0,0.0,0.0,0.0,0.0,1.57,4.0,6.0,1.55,3.75,6.25,1.55,3.75,6.25,1.53,4.0,6.0,1.6,4.2,6.0,1.55,4.44,6.6
E0,29/09/12,Norwich,Liverpool,2.0,5.0,A,0.0,2.0,A,M Jones,10.0,10.0,7.0,6.0,5.0,2.0,5.0,5.0,1.0,0.0,0.0,0.0,4.75,3.75,1.73,4.75,3.5,1.75,4.75,3.5,1.75,4.33,3.5,1.83,4.8,3.75,1.75,4.93,3.91,1.78
E0,29/09/12,Reading,Newcastle,2.0,2.0,D,0.0,0.0,D,A Marriner,14.0,8.0,7.0,3.0,6.0,8.0,6.0,3.0,0.0,3.0,0.0,0.0,2.88,3.3,2.5,2.95,3.25,2.35,2.95,3.25,2.35,2.9,3.3,2.38,3.0,3.4,2.5,2.86,3.41,2.66
E0,29/09/12,Stoke,Swansea,2.0,0.0,H,2.0,0.0,H,J Moss,10.0,8.0,5.0,0.0,10.0,8.0,6.0,8.0,1.0,1.0,0.0,0.0,1.91,3.4,4.2,1.85,3.3,4.4,1.85,3.3,4.4,1.91,3.4,4.0,1.91,3.4,4.6,1.97,3.53,4.34
E0,29/09/12,Sunderland,Wigan,1.0,0.0,H,0.0,0.0,D,H Webb,11.0,8.0,6.0,3.0,20.0,16.0,8.0,1.0,2.0,5.0,0.0,1.0,2.0,3.4,3.8,1.95,3.4,3.8,1.95,3.4,3.8,1.91,3.4,4.0,2.05,3.4,4.0,2.25,3.33,3.62
E0,30/09/12,Aston Villa,West Brom,1.0,1.0,D,0.0,0.0,D,A Taylor,19.0,14.0,8.0,7.0,9.0,11.0,11.0,4.0,1.0,1.0,0.0,0.0,2.4,3.3,3.0,2.4,3.3,3.1,2.4,3.3,3.1,2.4,3.3,2.88,2.5,3.3,3.12,2.54,3.43,2.98
E0,01/10/12,QPR,West Ham,1.0,2.0,A,0.0,2.0,A,M Clattenburg,13.0,17.0,9.0,10.0,9.0,21.0,4.0,13.0,1.0,8.0,1.0,0.0,2.05,3.4,3.75,2.0,3.3,3.75,2.0,3.3,3.75,2.05,3.3,3.6,2.15,3.4,3.7,2.41,3.52,3.1
E0,06/10/12,Chelsea,Norwich,4.0,1.0,H,3.0,1.0,H,A Taylor,20.0,7.0,13.0,4.0,7.0,1.0,10.0,2.0,0.0,0.0,0.0,0.0,1.22,6.5,12.0,1.22,5.75,13.0,1.22,5.75,13.0,1.22,6.0,13.0,1.22,7.0,15.0,1.22,7.35,16.36
E0,06/10/12,Man City,Sunderland,3.0,0.0,H,1.0,0.0,H,L Probert,26.0,8.0,16.0,6.0,10.0,10.0,15.0,4.0,0.0,3.0,0.0,0.0,1.29,5.5,11.0,1.25,5.25,12.5,1.25,5.25,12.5,1.29,5.0,11.0,1.29,6.0,13.0,1.31,5.75,12.26
E0,06/10/12,Swansea,Reading,2.0,2.0,D,0.0,2.0,A,M Dean,25.0,8.0,16.0,6.0,8.0,11.0,11.0,3.0,1.0,3.0,0.0,0.0,1.91,3.6,4.0,1.9,3.5,3.9,1.9,3.5,3.9,2.0,3.3,3.75,2.0,3.5,4.0,1.84,3.79,4.68
E0,06/10/12,West Brom,QPR,3.0,2.0,H,2.0,1.0,H,M Jones,13.0,13.0,8.0,6.0,16.0,12.0,2.0,5.0,2.0,2.0,0.0,0.0,1.83,3.75,4.2,1.87,3.5,4.0,1.87,3.5,4.0,1.83,3.6,4.2,1.87,3.7,4.4,1.93,3.78,4.19
E0,06/10/12,West Ham,Arsenal,1.0,3.0,A,1.0,1.0,D,P Dowd,7.0,20.0,3.0,14.0,12.0,7.0,4.0,16.0,3.0,2.0,0.0,0.0,4.0,3.6,1.91,3.9,3.7,1.95,3.9,3.7,1.95,4.2,3.5,1.83,3.9,3.6,2.0,4.38,3.77,1.89
E0,06/10/12,Wigan,Everton,2.0,2.0,D,2.0,1.0,H,K Friend,10.0,16.0,6.0,11.0,14.0,14.0,7.0,6.0,2.0,5.0,0.0,0.0,4.2,3.4,1.91,3.75,3.3,2.0,3.75,3.3,2.0,3.75,3.4,2.0,4.1,3.5,2.0,3.79,3.5,2.13
E0,07/10/12,Liverpool,Stoke,0.0,0.0,D,0.0,0.0,D,L Mason,16.0,5.0,5.0,3.0,9.0,16.0,5.0,5.0,0.0,6.0,0.0,0.0,1.44,4.33,7.5,1.53,4.1,7.0,1.53,4.1,7.0,1.5,4.0,7.0,1.5,4.33,8.0,1.51,4.34,7.87
E0,07/10/12,Newcastle,Man United,0.0,3.0,A,0.0,2.0,A,H Webb,13.0,12.0,3.0,9.0,15.0,12.0,8.0,6.0,4.0,4.0,0.0,0.0,4.2,3.75,1.83,3.9,3.5,1.9,3.9,3.5,1.9,4.0,3.4,1.91,4.1,3.75,1.92,4.68,4.33,1.73
E0,07/10/12,Southampton,Fulham,2.0,2.0,D,1.0,0.0,H,M Clattenburg,13.0,14.0,6.0,5.0,13.0,5.0,8.0,8.0,4.0,0.0,0.0,0.0,2.75,3.3,2.6,2.75,3.3,2.7,2.75,3.3,2.7,2.62,3.4,2.6,2.7,3.4,2.7,2.54,3.49,2.91
E0,07/10/12,Tottenham,Aston Villa,2.0,0.0,H,0.0,0.0,D,N Swarbrick,23.0,8.0,10.0,5.0,7.0,10.0,8.0,0.0,1.0,3.0,0.0,0.0,1.44,4.33,7.5,1.48,4.33,6.0,1.48,4.33,6.0,1.44,4.0,8.0,1.45,4.6,8.0,1.47,4.55,8.14
E0,20/10/12,Fulham,Aston Villa,1.0,0.0,H,0.0,0.0,D,C Foy,17.0,9.0,8.0,4.0,7.0,11.0,6.0,4.0,1.0,2.0,0.0,0.0,1.8,3.6,4.5,1.75,3.6,4.5,1.75,3.6,4.5,1.8,3.5,4.5,1.83,3.75,4.5,1.68,4.04,5.61
E0,20/10/12,Liverpool,Reading,1.0,0.0,H,1.0,0.0,H,R East,23.0,8.0,13.0,5.0,13.0,6.0,6.0,5.0,1.0,1.0,0.0,0.0,1.33,5.0,10.0,1.3,5.25,9.0,1.3,5.25,9.0,1.36,4.5,9.0,1.36,5.25,10.0,1.31,5.85,11.8
E0,20/10/12,Man United,Stoke,4.0,2.0,H,2.0,1.0,H,A Taylor,13.0,8.0,8.0,6.0,9.0,10.0,3.0,3.0,1.0,1.0,0.0,0.0,1.29,5.5,11.0,1.3,5.0,9.75,1.3,5.0,9.75,1.29,5.0,11.0,1.3,5.75,12.0,1.31,5.56,12.92
E0,20/10/12,Norwich,Arsenal,1.0,0.0,H,1.0,0.0,H,L Probert,7.0,13.0,3.0,7.0,9.0,9.0,2.0,10.0,4.0,0.0,0.0,0.0,6.0,4.2,1.53,6.0,4.0,1.53,6.0,4.0,1.53,6.0,4.0,1.53,6.5,4.5,1.55,7.25,4.84,1.48
E0,20/10/12,Swansea,Wigan,2.0,1.0,H,0.0,0.0,D,M Jones,18.0,10.0,11.0,7.0,13.0,11.0,9.0,2.0,2.0,3.0,0.0,0.0,2.1,3.4,3.5,2.0,3.5,3.9,2.0,3.5,3.9,2.1,3.3,3.5,2.1,3.5,3.75,2.23,3.48,3.49
E0,20/10/12,Tottenham,Chelsea,2.0,4.0,A,0.0,1.0,A,M Dean,23.0,11.0,16.0,7.0,7.0,8.0,7.0,4.0,3.0,2.0,0.0,0.0,2.5,3.4,2.75,2.6,3.4,2.75,2.6,3.4,2.75,2.5,3.3,2.62,2.6,3.4,2.8,3.2,3.33,2.43
E0,20/10/12,West Brom,Man City,1.0,2.0,A,0.0,0.0,D,M Clattenburg,16.0,21.0,8.0,13.0,11.0,15.0,6.0,9.0,4.0,3.0,0.0,1.0,5.0,3.75,1.7,5.0,3.5,1.7,5.0,3.5,1.7,5.0,3.75,1.67,5.25,3.8,1.73,5.71,4.29,1.64
E0,20/10/12,West Ham,Southampton,4.0,1.0,H,0.0,0.0,D,N Swarbrick,9.0,11.0,8.0,4.0,10.0,12.0,6.0,3.0,0.0,2.0,0.0,0.0,1.83,3.75,4.2,1.83,3.5,4.2,1.83,3.5,4.2,1.91,3.4,4.0,1.87,3.7,4.6,1.85,3.85,4.51
E0,21/10/12,QPR,Everton,1.0,1.0,D,1.0,1.0,D,J Moss,14.0,10.0,6.0,4.0,12.0,18.0,5.0,4.0,2.0,1.0,0.0,1.0,3.25,3.4,2.2,3.3,3.4,2.25,3.3,3.4,2.25,3.2,3.3,2.2,3.4,3.5,2.2,3.56,3.5,2.19
E0,21/10/12,Sunderland,Newcastle,1.0,1.0,D,0.0,1.0,A,M Atkinson,16.0,10.0,6.0,7.0,14.0,15.0,8.0,4.0,0.0,4.0,0.0,1.0,2.5,3.3,2.88,2.5,3.3,2.95,2.5,3.3,2.95,2.5,3.25,2.8,2.55,3.3,3.0,2.93,3.27,2.69
E0,27/10/12,Arsenal,QPR,1.0,0.0,H,0.0,0.0,D,A Taylor,21.0,4.0,11.0,3.0,14.0,9.0,5.0,2.0,1.0,2.0,0.0,1.0,1.36,5.0,8.5,1.35,4.75,8.25,1.35,4.75,8.25,1.33,5.0,9.0,1.4,5.0,9.0,1.38,5.4,9.59
E0,27/10/12,Aston Villa,Norwich,1.0,1.0,D,1.0,0.0,H,P Dowd,7.0,14.0,5.0,6.0,12.0,7.0,3.0,8.0,2.0,0.0,1.0,0.0,2.0,3.5,3.75,2.0,3.5,3.9,2.0,3.5,3.9,1.91,3.4,4.0,2.0,3.4,4.1,2.04,3.56,3.95
E0,27/10/12,Man City,Swansea,1.0,0.0,H,0.0,0.0,D,M Atkinson,10.0,9.0,5.0,5.0,8.0,10.0,3.0,0.0,1.0,2.0,0.0,0.0,1.22,6.0,15.0,1.2,6.25,12.5,1.2,6.25,12.5,1.22,6.0,13.0,1.25,6.5,15.0,1.22,7.2,16.0
E0,27/10/12,Reading,Fulham,3.0,3.0,D,1.0,0.0,H,M Jones,15.0,16.0,9.0,8.0,6.0,17.0,6.0,8.0,1.0,1.0,0.0,0.0,2.75,3.4,2.5,2.9,3.3,2.55,2.9,3.3,2.55,2.75,3.3,2.5,2.8,3.5,2.55,3.26,3.41,2.37
E0,27/10/12,Stoke,Sunderland,0.0,0.0,D,0.0,0.0,D,M Halsey,11.0,6.0,6.0,3.0,12.0,6.0,7.0,3.0,2.0,2.0,0.0,0.0,1.95,3.3,4.2,2.0,3.4,4.1,2.0,3.4,4.1,2.0,3.3,3.75,1.95,3.4,4.5,1.96,3.37,4.68
E0,27/10/12,Wigan,West Ham,2.0,1.0,H,1.0,0.0,H,J Moss,17.0,15.0,13.0,11.0,10.0,16.0,6.0,6.0,3.0,4.0,0.0,0.0,2.25,3.4,3.2,2.35,3.3,3.2,2.35,3.3,3.2,2.25,3.3,3.1,2.3,3.5,3.25,2.27,3.44,3.42
E0,28/10/12,Chelsea,Man United,2.0,3.0,A,1.0,2.0,A,M Clattenburg,14.0,15.0,11.0,7.0,13.0,11.0,8.0,6.0,2.0,2.0,2.0,0.0,2.4,3.4,2.9,2.35,3.4,3.1,2.35,3.4,3.1,2.4,3.3,2.88,2.45,3.4,3.0,2.27,3.58,3.31
E0,28/10/12,Everton,Liverpool,2.0,2.0,D,2.0,2.0,D,A Marriner,17.0,12.0,8.0,5.0,16.0,18.0,9.0,5.0,4.0,3.0,0.0,0.0,2.6,3.3,2.75,2.75,3.3,2.65,2.75,3.3,2.65,2.6,3.2,2.7,2.62,3.3,2.88,2.78,3.24,2.84
E0,28/10/12,Newcastle,West Brom,2.0,1.0,H,1.0,0.0,H,C Foy,10.0,8.0,6.0,4.0,13.0,7.0,6.0,4.0,3.0,2.0,0.0,0.0,2.0,3.5,3.75,2.0,3.5,3.9,2.0,3.5,3.9,1.91,3.4,4.0,2.0,3.6,3.9,1.95,3.67,4.24
E0,28/10/12,Southampton,Tottenham,1.0,2.0,A,0.0,2.0,A,L Mason,11.0,11.0,6.0,4.0,14.0,8.0,2.0,3.0,0.0,3.0,0.0,0.0,4.2,3.75,1.83,4.5,3.6,1.85,4.5,3.6,1.85,4.2,3.6,1.83,4.33,3.9,1.83,3.7,3.64,2.1
E0,03/11/12,Fulham,Everton,2.0,2.0,D,1.0,0.0,H,N Swarbrick,8.0,26.0,5.0,15.0,16.0,9.0,5.0,9.0,3.0,1.0,0.0,0.0,2.75,3.4,2.5,2.65,3.25,2.6,2.65,3.25,2.6,2.62,3.3,2.6,2.75,3.4,2.62,2.76,3.52,2.68
E0,03/11/12,Man United,Arsenal,2.0,1.0,H,1.0,0.0,H,M Dean,11.0,7.0,7.0,3.0,13.0,13.0,6.0,1.0,5.0,3.0,0.0,1.0,1.7,3.8,5.0,1.7,4.0,5.0,1.7,4.0,5.0,1.67,3.75,5.0,1.75,3.8,5.25,1.74,4.09,4.95
E0,03/11/12,Norwich,Stoke,1.0,0.0,H,1.0,0.0,H,A Marriner,12.0,8.0,8.0,3.0,11.0,13.0,9.0,1.0,1.0,5.0,0.0,0.0,2.6,3.3,2.75,2.6,3.3,2.8,2.6,3.3,2.8,2.6,3.25,2.7,2.62,3.3,2.88,2.46,3.37,3.16
E0,03/11/12,Sunderland,Aston Villa,0.0,1.0,A,0.0,0.0,D,M Jones,11.0,9.0,1.0,6.0,10.0,17.0,6.0,7.0,2.0,3.0,0.0,0.0,2.1,3.3,3.6,2.0,3.25,3.8,2.0,3.25,3.8,1.95,3.3,4.0,2.15,3.3,3.9,1.99,3.36,4.54
E0,03/11/12,Swansea,Chelsea,1.0,1.0,D,0.0,0.0,D,K Friend,9.0,11.0,7.0,7.0,12.0,9.0,8.0,6.0,4.0,1.0,0.0,0.0,4.5,3.6,1.8,4.5,3.6,1.75,4.5,3.6,1.75,5.0,3.75,1.67,4.8,3.6,1.85,4.33,3.79,1.9
E0,03/11/12,Tottenham,Wigan,0.0,1.0,A,0.0,0.0,D,M Atkinson,13.0,7.0,10.0,4.0,10.0,11.0,9.0,3.0,1.0,1.0,0.0,0.0,1.5,4.33,6.5,1.44,4.33,7.0,1.44,4.33,7.0,1.44,4.33,7.0,1.53,4.4,7.0,1.54,4.44,6.79
E0,03/11/12,West Ham,Man City,0.0,0.0,D,0.0,0.0,D,H Webb,6.0,18.0,1.0,8.0,11.0,12.0,3.0,7.0,3.0,0.0,0.0,0.0,5.0,3.8,1.7,5.0,3.8,1.65,5.0,3.8,1.65,5.0,3.75,1.67,5.2,4.0,1.73,4.66,4.0,1.8
E0,04/11/12,Liverpool,Newcastle,1.0,1.0,D,0.0,1.0,A,A Taylor,20.0,10.0,12.0,3.0,10.0,13.0,14.0,3.0,0.0,1.0,0.0,1.0,1.57,4.0,6.0,1.6,4.0,6.0,1.6,4.0,6.0,1.57,3.75,6.0,1.57,4.2,6.5,1.61,4.5,5.61
E0,04/11/12,QPR,Reading,1.0,1.0,D,0.0,1.0,A,M Oliver,23.0,18.0,12.0,8.0,11.0,15.0,8.0,8.0,0.0,2.0,0.0,0.0,1.8,3.6,4.5,1.85,3.5,4.1,1.85,3.5,4.1,1.83,3.5,4.33,1.83,3.8,4.6,1.97,3.63,4.21
E0,05/11/12,West Brom,Southampton,2.0,0.0,H,1.0,0.0,H,M Halsey,16.0,9.0,6.0,5.0,6.0,12.0,8.0,6.0,1.0,0.0,0.0,0.0,1.73,3.75,4.75,1.75,3.6,5.25,1.75,3.6,5.25,1.75,3.75,4.5,1.73,4.0,5.0,1.87,3.89,4.36
E0,10/11/12,Arsenal,Fulham,3.0,3.0,D,2.0,2.0,D,P Dowd,15.0,9.0,9.0,5.0,12.0,10.0,8.0,6.0,1.0,2.0,0.0,0.0,1.53,4.2,6.0,1.57,4.1,6.25,1.57,4.1,6.25,1.5,4.0,6.5,1.57,4.3,6.5,1.56,4.3,6.45
E0,10/11/12,Aston Villa,Man United,2.0,3.0,A,1.0,0.0,H,K Friend,10.0,16.0,7.0,7.0,12.0,7.0,5.0,6.0,1.0,1.0,0.0,0.0,7.0,4.5,1.44,7.0,4.0,1.48,7.0,4.0,1.48,6.5,4.0,1.5,7.0,4.6,1.5,7.9,5.11,1.43
E0,10/11/12,Everton,Sunderland,2.0,1.0,H,0.0,1.0,A,L Mason,16.0,6.0,10.0,4.0,14.0,14.0,6.0,2.0,1.0,3.0,0.0,0.0,1.44,4.2,8.0,1.48,3.9,7.25,1.48,3.9,7.25,1.5,4.0,7.0,1.45,4.4,7.5,1.39,5.05,9.76
E0,10/11/12,Reading,Norwich,0.0,0.0,D,0.0,0.0,D,C Foy,7.0,10.0,3.0,3.0,9.0,16.0,10.0,3.0,0.0,1.0,0.0,0.0,2.25,3.4,3.2,2.25,3.3,3.1,2.25,3.3,3.1,2.2,3.4,3.2,2.25,3.5,3.25,2.27,3.65,3.26
E0,10/11/12,Southampton,Swansea,1.0,1.0,D,0.0,0.0,D,A Marriner,11.0,5.0,5.0,3.0,11.0,10.0,10.0,6.0,2.0,2.0,0.0,0.0,2.38,3.5,2.88,2.4,3.4,2.8,2.4,3.4,2.8,2.38,3.3,2.9,2.45,3.5,2.9,2.52,3.67,2.84
E0,10/11/12,Stoke,QPR,1.0,0.0,H,0.0,0.0,D,M Atkinson,10.0,17.0,5.0,8.0,11.0,16.0,5.0,5.0,2.0,3.0,0.0,0.0,1.91,3.4,4.2,1.85,3.4,4.25,1.85,3.4,4.25,1.91,3.4,4.0,1.91,3.5,4.5,2.04,3.44,4.18
E0,10/11/12,Wigan,West Brom,1.0,2.0,A,1.0,2.0,A,N Swarbrick,14.0,7.0,6.0,4.0,9.0,13.0,5.0,8.0,1.0,4.0,0.0,0.0,2.3,3.4,3.1,2.35,3.3,3.2,2.35,3.3,3.2,2.3,3.3,3.0,2.38,3.4,3.2,2.2,3.46,3.56
E0,11/11/12,Chelsea,Liverpool,1.0,1.0,D,1.0,0.0,H,H Webb,12.0,9.0,3.0,5.0,12.0,13.0,4.0,7.0,1.0,3.0,0.0,0.0,1.95,3.5,4.0,1.95,3.7,3.9,1.95,3.7,3.9,1.91,3.4,4.0,1.95,3.7,3.9,1.85,3.7,4.8
E0,11/11/12,Man City,Tottenham,2.0,1.0,H,0.0,1.0,A,M Oliver,16.0,6.0,8.0,2.0,16.0,7.0,8.0,2.0,1.0,2.0,0.0,0.0,1.57,4.0,6.0,1.65,4.2,5.25,1.65,4.2,5.25,1.62,3.75,5.5,1.6,4.3,6.0,1.52,4.69,6.6
E0,11/11/12,Newcastle,West Ham,0.0,1.0,A,0.0,1.0,A,M Dean,14.0,10.0,9.0,5.0,8.0,14.0,11.0,4.0,1.0,2.0,0.0,0.0,1.95,3.6,3.8,1.95,3.4,3.8,1.95,3.4,3.8,1.91,3.4,4.0,2.05,3.6,3.9,2.0,3.72,3.97
E0,17/11/12,Arsenal,Tottenham,5.0,2.0,H,3.0,1.0,H,H Webb,13.0,6.0,10.0,4.0,13.0,12.0,6.0,6.0,1.0,2.0,0.0,1.0,1.91,3.75,3.8,1.95,3.7,3.9,1.95,3.7,3.9,1.95,3.6,3.6,1.92,3.75,4.1,1.92,3.66,4.41
E0,17/11/12,Liverpool,Wigan,3.0,0.0,H,0.0,0.0,D,K Friend,22.0,9.0,11.0,3.0,9.0,11.0,10.0,5.0,0.0,3.0,0.0,0.0,1.44,4.33,7.5,1.44,4.33,7.0,1.44,4.33,7.0,1.44,4.33,7.0,1.45,4.6,7.5,1.48,4.55,8.02
E0,17/11/12,Man City,Aston Villa,5.0,0.0,H,1.0,0.0,H,J Moss,21.0,10.0,8.0,8.0,9.0,4.0,9.0,4.0,0.0,1.0,0.0,0.0,1.2,6.5,15.0,1.22,6.5,10.5,1.22,6.5,10.5,1.22,6.0,12.0,1.2,7.5,15.0,1.2,7.48,18.18
E0,17/11/12,Newcastle,Swansea,1.0,2.0,A,0.0,0.0,D,P Dowd,27.0,15.0,10.0,9.0,7.0,7.0,5.0,4.0,1.0,3.0,0.0,0.0,1.91,3.6,4.0,1.87,3.5,4.0,1.87,3.5,4.0,1.83,3.5,4.33,1.92,3.6,4.2,2.18,3.46,3.63
E0,17/11/12,Norwich,Man United,1.0,0.0,H,0.0,0.0,D,A Taylor,10.0,12.0,5.0,9.0,10.0,7.0,0.0,12.0,0.0,1.0,0.0,0.0,7.0,4.5,1.44,7.0,4.5,1.42,7.0,4.5,1.42,6.5,4.5,1.44,8.0,4.8,1.44,6.23,4.38,1.58
E0,17/11/12,QPR,Southampton,1.0,3.0,A,0.0,2.0,A,M Dean,13.0,21.0,7.0,15.0,12.0,9.0,4.0,13.0,1.0,0.0,0.0,0.0,1.91,3.6,4.0,1.87,3.5,4.0,1.87,3.5,4.0,1.91,3.4,4.0,1.95,3.6,4.1,1.98,3.69,4.07
E0,17/11/12,Reading,Everton,2.0,1.0,H,0.0,1.0,A,M Atkinson,12.0,21.0,4.0,11.0,11.0,11.0,7.0,13.0,3.0,2.0,0.0,0.0,4.33,3.6,1.83,4.25,3.6,1.8,4.25,3.6,1.8,4.2,3.5,1.83,4.5,3.9,1.8,4.87,3.83,1.8
E0,17/11/12,West Brom,Chelsea,2.0,1.0,H,1.0,1.0,D,M Oliver,8.0,19.0,6.0,12.0,7.0,13.0,0.0,12.0,0.0,0.0,0.0,0.0,3.75,3.5,2.0,4.1,3.7,1.91,4.1,3.7,1.91,3.8,3.6,1.91,3.9,3.6,2.0,3.72,3.6,2.1
E0,18/11/12,Fulham,Sunderland,1.0,3.0,A,0.0,0.0,D,L Probert,18.0,12.0,13.0,9.0,9.0,13.0,4.0,4.0,1.0,3.0,1.0,0.0,1.67,3.75,5.25,1.75,3.6,5.25,1.75,3.6,5.25,1.73,3.5,5.0,1.73,3.9,5.2,1.8,3.82,4.94
E0,19/11/12,West Ham,Stoke,1.0,1.0,D,0.0,1.0,A,C Foy,16.0,12.0,11.0,6.0,8.0,9.0,12.0,4.0,1.0,0.0,0.0,0.0,2.0,3.4,3.8,2.0,3.5,3.9,2.0,3.5,3.9,2.0,3.4,3.6,2.05,3.4,4.1,2.2,3.25,3.87
E0,24/11/12,Aston Villa,Arsenal,0.0,0.0,D,0.0,0.0,D,L Mason,10.0,13.0,8.0,6.0,6.0,9.0,7.0,6.0,1.0,0.0,0.0,0.0,4.75,3.75,1.73,5.0,3.8,1.65,5.0,3.8,1.65,5.0,3.5,1.73,4.8,4.0,1.75,4.63,3.8,1.85
E0,24/11/12,Everton,Norwich,1.0,1.0,D,1.0,0.0,H,M Jones,14.0,8.0,9.0,4.0,10.0,18.0,4.0,2.0,0.0,3.0,0.0,0.0,1.44,4.33,7.5,1.44,4.2,7.25,1.44,4.2,7.25,1.44,4.33,7.0,1.53,4.4,7.0,1.47,4.66,7.93
E0,24/11/12,Man United,QPR,3.0,1.0,H,0.0,0.0,D,L Probert,15.0,10.0,10.0,6.0,6.0,10.0,9.0,7.0,1.0,1.0,0.0,0.0,1.17,7.5,15.0,1.18,6.25,16.0,1.18,6.25,16.0,1.2,6.5,13.0,1.18,8.0,19.0,1.17,8.8,18.26
E0,24/11/12,Stoke,Fulham,1.0,0.0,H,1.0,0.0,H,M Oliver,12.0,8.0,3.0,5.0,14.0,11.0,7.0,2.0,1.0,1.0,0.0,0.0,2.2,3.3,3.4,2.1,3.25,3.5,2.1,3.25,3.5,2.1,3.3,3.5,2.2,3.4,3.5,2.23,3.38,3.6
E0,24/11/12,Sunderland,West Brom,2.0,4.0,A,0.0,2.0,A,M Dean,19.0,11.0,12.0,6.0,12.0,15.0,7.0,2.0,2.0,3.0,0.0,0.0,2.5,3.3,2.88,2.45,3.2,2.85,2.45,3.2,2.85,2.4,3.3,2.88,2.5,3.3,3.1,2.47,3.34,3.13
E0,24/11/12,Wigan,Reading,3.0,2.0,H,0.0,1.0,A,H Webb,19.0,16.0,11.0,10.0,15.0,9.0,9.0,5.0,2.0,0.0,0.0,0.0,1.83,3.6,4.33,1.8,3.6,4.25,1.8,3.6,4.25,1.91,3.4,4.0,1.92,3.6,4.4,1.93,3.54,4.34
E0,25/11/12,Chelsea,Man City,0.0,0.0,D,0.0,0.0,D,C Foy,5.0,11.0,1.0,7.0,9.0,16.0,6.0,11.0,0.0,3.0,0.0,0.0,2.5,3.5,2.7,2.55,3.3,2.65,2.55,3.3,2.65,2.62,3.25,2.7,2.62,3.5,2.8,2.52,3.47,2.99
E0,25/11/12,Southampton,Newcastle,2.0,0.0,H,1.0,0.0,H,M Atkinson,17.0,8.0,10.0,3.0,12.0,14.0,4.0,3.0,2.0,2.0,0.0,0.0,2.3,3.5,3.0,2.25,3.4,3.0,2.25,3.4,3.0,2.38,3.3,2.9,2.38,3.5,3.12,2.09,3.58,3.85
E0,25/11/12,Swansea,Liverpool,0.0,0.0,D,0.0,0.0,D,J Moss,17.0,21.0,8.0,14.0,6.0,10.0,7.0,6.0,1.0,0.0,0.0,0.0,3.4,3.5,2.1,3.5,3.4,2.05,3.5,3.4,2.05,3.5,3.3,2.1,3.5,3.7,2.15,3.76,3.51,2.13
E0,25/11/12,Tottenham,West Ham,3.0,1.0,H,1.0,0.0,H,A Marriner,25.0,10.0,13.0,6.0,9.0,10.0,4.0,2.0,1.0,2.0,0.0,0.0,1.67,3.75,5.5,1.57,3.9,5.75,1.57,3.9,5.75,1.57,3.8,6.0,1.67,4.0,5.5,1.77,3.78,5.27
E0,27/11/12,Aston Villa,Reading,1.0,0.0,H,0.0,0.0,D,L Probert,15.0,11.0,7.0,6.0,10.0,5.0,8.0,3.0,1.0,0.0,0.0,0.0,1.95,3.4,4.0,1.9,3.4,4.0,1.9,3.4,4.0,2.0,3.25,4.0,1.95,3.6,4.1,2.1,3.48,3.9
E0,27/11/12,Sunderland,QPR,0.0,0.0,D,0.0,0.0,D,A Marriner,13.0,13.0,8.0,9.0,10.0,15.0,5.0,8.0,1.0,3.0,0.0,0.0,2.25,3.25,3.3,2.2,3.2,3.3,2.2,3.2,3.3,2.25,3.25,3.25,2.2,3.4,3.5,2.37,3.29,3.39
E0,28/11/12,Chelsea,Fulham,0.0,0.0,D,0.0,0.0,D,A Taylor,17.0,8.0,13.0,7.0,10.0,11.0,10.0,2.0,3.0,0.0,0.0,0.0,1.44,4.5,7.0,1.44,4.33,7.0,1.44,4.33,7.0,1.4,4.5,7.5,1.45,4.6,8.0,1.42,4.95,8.8
E0,28/11/12,Everton,Arsenal,1.0,1.0,D,1.0,1.0,D,M Oliver,14.0,12.0,10.0,9.0,15.0,9.0,6.0,6.0,2.0,1.0,0.0,0.0,2.5,3.4,2.75,2.45,3.2,2.85,2.45,3.2,2.85,2.5,3.4,2.7,2.45,3.5,3.0,2.42,3.47,3.14
E0,28/11/12,Man United,West Ham,1.0,0.0,H,1.0,0.0,H,M Jones,23.0,9.0,13.0,3.0,7.0,9.0,5.0,5.0,1.0,1.0,0.0,0.0,1.22,6.5,12.0,1.22,6.0,12.0,1.22,6.0,12.0,1.25,5.5,12.0,1.25,6.5,13.0,1.24,6.98,14.76
E0,28/11/12,Southampton,Norwich,1.0,1.0,D,1.0,1.0,D,M Clattenburg,8.0,9.0,2.0,5.0,11.0,7.0,3.0,7.0,1.0,1.0,0.0,0.0,2.0,3.4,3.8,2.1,3.3,3.4,2.1,3.3,3.4,2.15,3.4,3.3,2.1,3.6,3.6,1.98,3.69,4.09
E0,28/11/12,Stoke,Newcastle,2.0,1.0,H,0.0,0.0,D,H Webb,11.0,7.0,5.0,6.0,12.0,12.0,7.0,2.0,2.0,2.0,0.0,0.0,1.91,3.4,4.2,1.85,3.4,4.25,1.85,3.4,4.25,2.0,3.3,3.75,1.95,3.4,4.3,2.15,3.31,3.94
E0,28/11/12,Swansea,West Brom,3.0,1.0,H,3.0,1.0,H,L Mason,13.0,6.0,8.0,2.0,10.0,16.0,5.0,2.0,0.0,4.0,0.0,0.0,2.3,3.4,3.1,2.3,3.3,3.0,2.3,3.3,3.0,2.38,3.25,3.0,2.3,3.5,3.2,2.29,3.48,3.37
E0,28/11/12,Tottenham,Liverpool,2.0,1.0,H,2.0,0.0,H,P Dowd,14.0,14.0,7.0,9.0,4.0,14.0,1.0,12.0,1.0,2.0,0.0,0.0,2.4,3.4,2.88,2.35,3.3,2.9,2.35,3.3,2.9,2.38,3.25,3.0,2.45,3.4,3.0,2.58,3.4,2.95
E0,28/11/12,Wigan,Man City,0.0,2.0,A,0.0,0.0,D,M Halsey,9.0,15.0,4.0,6.0,13.0,12.0,6.0,6.0,1.0,1.0,0.0,0.0,6.0,4.2,1.53,6.0,4.0,1.53,6.0,4.0,1.53,6.0,4.0,1.53,7.0,4.4,1.53,7.45,4.91,1.47
E0,01/12/12,Arsenal,Swansea,0.0,2.0,A,0.0,0.0,D,M Clattenburg,10.0,12.0,8.0,10.0,11.0,9.0,8.0,5.0,1.0,0.0,0.0,0.0,1.44,4.5,7.0,1.45,4.2,7.0,1.45,4.2,7.0,1.44,4.33,7.0,1.5,4.5,7.5,1.49,4.54,7.64
E0,01/12/12,Fulham,Tottenham,0.0,3.0,A,0.0,0.0,D,C Foy,8.0,10.0,2.0,6.0,10.0,8.0,2.0,1.0,0.0,2.0,0.0,0.0,2.88,3.3,2.5,2.9,3.3,2.35,2.9,3.3,2.35,3.0,3.4,2.3,3.0,3.4,2.45,3.0,3.48,2.49
E0,01/12/12,Liverpool,Southampton,1.0,0.0,H,1.0,0.0,H,M Oliver,24.0,8.0,11.0,4.0,10.0,8.0,10.0,4.0,2.0,0.0,0.0,0.0,1.4,4.5,8.5,1.4,4.5,7.5,1.4,4.5,7.5,1.44,4.33,7.0,1.44,4.75,8.5,1.37,5.29,9.97
E0,01/12/12,Man City,Everton,1.0,1.0,D,1.0,1.0,D,L Probert,9.0,8.0,6.0,5.0,16.0,12.0,5.0,2.0,2.0,1.0,0.0,0.0,1.5,4.0,7.0,1.55,3.7,6.5,1.55,3.7,6.5,1.5,4.0,6.5,1.55,4.33,6.5,1.56,4.3,6.81
E0,01/12/12,QPR,Aston Villa,1.0,1.0,D,1.0,1.0,D,H Webb,17.0,7.0,12.0,3.0,5.0,6.0,11.0,4.0,1.0,2.0,0.0,0.0,1.95,3.5,4.0,1.95,3.4,3.8,1.95,3.4,3.8,2.05,3.4,3.5,2.0,3.5,4.0,1.98,3.54,4.28
E0,01/12/12,Reading,Man United,3.0,4.0,A,3.0,4.0,A,M Halsey,10.0,10.0,7.0,5.0,10.0,12.0,6.0,1.0,1.0,1.0,0.0,0.0,7.5,4.75,1.4,7.75,4.4,1.4,7.75,4.4,1.4,8.0,4.5,1.4,8.0,4.8,1.44,7.47,4.83,1.47
E0,01/12/12,West Brom,Stoke,0.0,1.0,A,0.0,0.0,D,K Friend,14.0,6.0,11.0,4.0,8.0,15.0,5.0,5.0,0.0,3.0,0.0,0.0,2.1,3.25,3.75,2.0,3.25,3.8,2.0,3.25,3.8,2.0,3.4,3.5,2.1,3.4,3.75,2.27,3.31,3.56
E0,01/12/12,West Ham,Chelsea,3.0,1.0,H,0.0,1.0,A,M Atkinson,16.0,16.0,13.0,9.0,15.0,6.0,14.0,5.0,1.0,2.0,0.0,0.0,4.0,3.5,1.91,3.8,3.5,1.91,3.8,3.5,1.91,4.2,3.5,1.83,4.2,3.5,2.0,4.84,3.62,1.85
E0,02/12/12,Norwich,Sunderland,2.0,1.0,H,2.0,1.0,H,P Dowd,7.0,16.0,5.0,6.0,11.0,16.0,2.0,6.0,0.0,2.0,0.0,0.0,2.1,3.3,3.6,2.05,3.3,3.6,2.05,3.3,3.6,2.2,3.3,3.2,2.15,3.3,3.9,2.08,3.38,4.12
E0,03/12/12,Newcastle,Wigan,3.0,0.0,H,2.0,0.0,H,M Jones,16.0,9.0,8.0,4.0,12.0,14.0,4.0,4.0,1.0,3.0,0.0,1.0,2.0,3.4,3.75,1.95,3.4,3.8,1.95,3.4,3.8,1.91,3.4,4.0,2.05,3.5,4.0,2.06,3.52,3.94
E0,08/12/12,Arsenal,West Brom,2.0,0.0,H,1.0,0.0,H,M Jones,16.0,7.0,7.0,2.0,11.0,12.0,7.0,4.0,2.0,3.0,0.0,0.0,1.5,4.33,6.5,1.48,4.2,6.5,1.48,4.2,6.5,1.53,4.0,6.0,1.57,4.33,6.5,1.58,4.09,6.93
E0,08/12/12,Aston Villa,Stoke,0.0,0.0,D,0.0,0.0,D,R East,9.0,1.0,5.0,0.0,8.0,13.0,3.0,2.0,0.0,1.0,0.0,1.0,2.4,3.2,3.1,2.4,3.1,3.0,2.4,3.1,3.0,2.4,3.25,2.9,2.55,3.12,3.2,2.71,3.17,2.97
E0,08/12/12,Southampton,Reading,1.0,0.0,H,0.0,0.0,D,J Moss,18.0,6.0,9.0,2.0,11.0,10.0,7.0,4.0,0.0,0.0,0.0,0.0,1.91,3.6,4.0,1.9,3.4,4.0,1.9,3.4,4.0,2.0,3.3,3.75,1.95,3.75,4.1,1.88,3.85,4.38
E0,08/12/12,Sunderland,Chelsea,1.0,3.0,A,0.0,2.0,A,M Halsey,14.0,11.0,10.0,5.0,11.0,14.0,11.0,1.0,1.0,3.0,0.0,0.0,4.75,3.5,1.8,4.75,3.7,1.7,4.75,3.7,1.7,4.5,3.5,1.8,5.0,3.7,1.8,6.84,3.95,1.61
E0,08/12/12,Swansea,Norwich,3.0,4.0,A,0.0,3.0,A,H Webb,21.0,10.0,10.0,8.0,12.0,9.0,6.0,2.0,2.0,1.0,0.0,0.0,1.8,3.6,4.5,1.78,3.5,4.5,1.78,3.5,4.5,1.83,3.5,4.33,1.85,3.6,4.8,1.71,3.97,5.4
E0,08/12/12,Wigan,QPR,2.0,2.0,D,1.0,1.0,D,P Dowd,14.0,8.0,9.0,4.0,7.0,11.0,11.0,4.0,0.0,1.0,0.0,0.0,2.3,3.4,3.1,2.35,3.3,2.9,2.35,3.3,2.9,2.3,3.2,3.1,2.45,3.5,3.0,2.18,3.65,3.49
E0,09/12/12,Everton,Tottenham,2.0,1.0,H,0.0,0.0,D,K Friend,17.0,8.0,11.0,6.0,10.0,9.0,4.0,4.0,2.0,2.0,0.0,0.0,2.0,3.5,3.75,2.0,3.3,3.75,2.0,3.3,3.75,2.05,3.3,3.6,2.0,3.6,4.0,1.9,3.82,4.3
E0,09/12/12,Man City,Man United,2.0,3.0,A,0.0,2.0,A,M Atkinson,16.0,8.0,11.0,3.0,11.0,9.0,8.0,2.0,4.0,3.0,0.0,0.0,2.2,3.5,3.2,2.15,3.3,3.3,2.15,3.3,3.3,2.25,3.2,3.2,2.3,3.6,3.3,2.08,3.43,3.96
E0,09/12/12,West Ham,Liverpool,2.0,3.0,A,2.0,1.0,H,L Probert,9.0,16.0,6.0,8.0,12.0,10.0,2.0,5.0,1.0,2.0,0.0,0.0,3.0,3.3,2.38,2.9,3.25,2.4,2.9,3.25,2.4,3.0,3.2,2.4,3.12,3.25,2.5,3.28,3.27,2.44
E0,10/12/12,Fulham,Newcastle,2.0,1.0,H,1.0,0.0,H,L Mason,16.0,20.0,7.0,13.0,13.0,11.0,5.0,4.0,0.0,0.0,0.0,0.0,1.91,3.6,4.0,1.85,3.4,4.25,1.85,3.4,4.25,1.91,3.4,4.0,1.95,3.7,4.2,2.04,3.67,3.9
E0,11/12/12,Sunderland,Reading,3.0,0.0,H,2.0,0.0,H,N Swarbrick,16.0,12.0,11.0,5.0,8.0,11.0,6.0,8.0,2.0,1.0,0.0,0.0,2.0,3.5,3.75,1.95,3.4,3.8,1.95,3.4,3.8,2.0,3.4,3.75,2.05,3.5,4.0,1.93,3.55,4.53
E0,15/12/12,Liverpool,Aston Villa,1.0,3.0,A,0.0,2.0,A,N Swarbrick,26.0,9.0,17.0,6.0,4.0,11.0,7.0,2.0,1.0,2.0,0.0,0.0,1.36,4.75,9.0,1.35,4.5,9.25,1.35,4.5,9.25,1.4,4.5,8.0,1.4,4.8,9.5,1.36,5.36,10.26
E0,15/12/12,Man United,Sunderland,3.0,1.0,H,2.0,0.0,H,C Foy,15.0,13.0,6.0,10.0,13.0,10.0,9.0,9.0,0.0,0.0,0.0,0.0,1.2,6.5,15.0,1.18,6.75,13.5,1.18,6.75,13.5,1.2,6.5,13.0,1.22,6.5,17.0,1.21,7.72,15.9
E0,15/12/12,Newcastle,Man City,1.0,3.0,A,0.0,2.0,A,A Marriner,17.0,16.0,8.0,10.0,9.0,16.0,12.0,7.0,3.0,2.0,0.0,0.0,5.5,3.75,1.67,5.0,3.9,1.62,5.0,3.9,1.62,5.0,4.0,1.62,5.5,4.0,1.7,5.92,4.17,1.63
E0,15/12/12,Norwich,Wigan,2.0,1.0,H,1.0,0.0,H,L Probert,16.0,12.0,10.0,6.0,7.0,4.0,7.0,3.0,3.0,1.0,0.0,0.0,2.2,3.4,3.25,2.1,3.3,3.4,2.1,3.3,3.4,2.2,3.25,3.25,2.2,3.5,3.4,2.29,3.57,3.26
E0,15/12/12,QPR,Fulham,2.0,1.0,H,0.0,0.0,D,M Atkinson,19.0,6.0,9.0,3.0,10.0,14.0,3.0,3.0,1.0,2.0,0.0,0.0,2.4,3.4,2.88,2.4,3.4,2.8,2.4,3.4,2.8,2.4,3.3,2.88,2.45,3.4,3.0,2.66,3.45,2.82
E0,15/12/12,Stoke,Everton,1.0,1.0,D,0.0,1.0,A,M Halsey,14.0,9.0,8.0,5.0,11.0,13.0,4.0,8.0,1.0,0.0,0.0,0.0,3.1,3.2,2.4,3.0,3.2,2.35,3.0,3.2,2.35,2.8,3.3,2.5,3.1,3.25,2.5,3.47,3.13,2.41
E0,16/12/12,Tottenham,Swansea,1.0,0.0,H,0.0,0.0,D,M Dean,24.0,4.0,16.0,0.0,12.0,8.0,9.0,3.0,2.0,3.0,0.0,0.0,1.62,4.0,5.5,1.62,3.9,5.0,1.62,3.9,5.0,1.62,3.75,5.5,1.65,4.1,5.5,1.69,4.0,5.55
E0,16/12/12,West Brom,West Ham,0.0,0.0,D,0.0,0.0,D,P Dowd,19.0,10.0,10.0,2.0,12.0,9.0,8.0,2.0,3.0,3.0,0.0,0.0,2.0,3.5,3.75,1.9,3.4,4.0,1.9,3.4,4.0,2.0,3.3,3.75,2.05,3.6,3.8,2.04,3.55,4.01
E0,17/12/12,Reading,Arsenal,2.0,5.0,A,0.0,3.0,A,A Taylor,7.0,25.0,5.0,17.0,8.0,4.0,3.0,7.0,1.0,1.0,0.0,0.0,5.5,4.0,1.62,5.25,3.9,1.6,5.25,3.9,1.6,5.0,3.75,1.67,5.5,4.0,1.67,5.97,4.33,1.61
E0,22/12/12,Liverpool,Fulham,4.0,0.0,H,2.0,0.0,H,M Clattenburg,22.0,7.0,12.0,6.0,13.0,6.0,8.0,2.0,1.0,2.0,0.0,0.0,1.53,4.0,6.5,1.57,3.7,6.25,1.57,3.7,6.25,1.57,3.75,6.0,1.57,4.1,7.0,1.47,4.59,8.41
E0,22/12/12,Man City,Reading,1.0,0.0,H,0.0,0.0,D,M Dean,17.0,6.0,10.0,1.0,11.0,15.0,12.0,3.0,2.0,3.0,0.0,0.0,1.14,8.0,19.0,1.15,8.0,14.0,1.15,8.0,14.0,1.14,7.5,17.0,1.17,8.5,20.0,1.12,10.74,24.11
E0,22/12/12,Newcastle,QPR,1.0,0.0,H,0.0,0.0,D,K Friend,18.0,5.0,8.0,4.0,9.0,16.0,10.0,3.0,3.0,2.0,0.0,0.0,2.1,3.4,3.5,2.05,3.3,3.6,2.05,3.3,3.6,2.1,3.25,3.5,2.15,3.4,3.75,2.16,3.4,3.76
E0,22/12/12,Southampton,Sunderland,0.0,1.0,A,0.0,1.0,A,H Webb,13.0,10.0,7.0,6.0,11.0,15.0,8.0,5.0,0.0,3.0,0.0,0.0,2.0,3.5,3.75,1.95,3.4,3.9,1.95,3.4,3.9,2.0,3.4,3.6,2.1,3.5,3.75,2.17,3.48,3.67
E0,22/12/12,Tottenham,Stoke,0.0,0.0,D,0.0,0.0,D,L Mason,21.0,4.0,14.0,2.0,8.0,11.0,11.0,4.0,2.0,5.0,0.0,0.0,1.62,3.75,6.0,1.57,3.75,6.25,1.57,3.75,6.25,1.62,3.6,6.0,1.67,3.8,6.25,1.62,3.81,6.92
E0,22/12/12,West Brom,Norwich,2.0,1.0,H,1.0,1.0,D,M Atkinson,12.0,10.0,8.0,4.0,14.0,9.0,6.0,5.0,1.0,1.0,0.0,0.0,1.91,3.6,4.0,1.95,3.5,3.8,1.95,3.5,3.8,2.0,3.3,3.75,2.05,3.6,3.9,2.08,3.49,3.94
E0,22/12/12,West Ham,Everton,1.0,2.0,A,1.0,0.0,H,A Taylor,6.0,15.0,5.0,8.0,12.0,8.0,3.0,5.0,1.0,0.0,1.0,1.0,2.88,3.25,2.5,2.85,3.2,2.5,2.85,3.2,2.5,2.88,3.3,2.4,3.0,3.3,2.6,3.01,3.35,2.56
E0,22/12/12,Wigan,Arsenal,0.0,1.0,A,0.0,0.0,D,J Moss,13.0,10.0,5.0,8.0,14.0,8.0,4.0,4.0,1.0,1.0,0.0,0.0,4.75,3.75,1.73,4.5,3.9,1.7,4.5,3.9,1.7,4.5,3.75,1.73,5.0,4.0,1.8,4.78,3.86,1.81
E0,23/12/12,Chelsea,Aston Villa,8.0,0.0,H,3.0,0.0,H,P Dowd,24.0,7.0,18.0,4.0,6.0,11.0,8.0,4.0,0.0,0.0,0.0,0.0,1.33,5.5,8.5,1.34,5.0,8.25,1.34,5.0,8.25,1.36,4.5,9.0,1.36,5.25,10.0,1.35,5.6,9.8
E0,23/12/12,Swansea,Man United,1.0,1.0,D,1.0,1.0,D,M Oliver,14.0,19.0,10.0,16.0,11.0,16.0,3.0,6.0,2.0,4.0,0.0,0.0,5.0,4.0,1.67,5.0,4.0,1.62,5.0,4.0,1.62,5.5,4.0,1.57,5.4,4.0,1.7,4.92,3.97,1.78
E0,26/12/12,Aston Villa,Tottenham,0.0,4.0,A,0.0,0.0,D,M Clattenburg,4.0,20.0,1.0,16.0,11.0,7.0,2.0,16.0,1.0,0.0,0.0,0.0,3.75,3.5,2.0,3.75,3.5,1.95,3.75,3.5,1.95,3.4,3.5,2.05,3.8,3.6,2.0,4.38,3.64,1.93
E0,26/12/12,Everton,Wigan,2.0,1.0,H,0.0,0.0,D,L Mason,17.0,10.0,9.0,6.0,10.0,11.0,11.0,2.0,1.0,3.0,0.0,0.0,1.44,4.5,7.0,1.48,4.1,7.0,1.48,4.1,7.0,1.5,4.2,6.5,1.45,4.5,8.0,1.62,4.08,6.25
E0,26/12/12,Fulham,Southampton,1.0,1.0,D,1.0,0.0,H,M Oliver,10.0,7.0,2.0,3.0,14.0,12.0,3.0,5.0,3.0,0.0,0.0,0.0,1.85,3.6,4.2,1.83,3.75,4.0,1.83,3.75,4.0,1.8,3.6,4.33,1.9,3.7,4.4,1.98,3.65,4.13
E0,26/12/12,Man United,Newcastle,4.0,3.0,H,1.0,2.0,A,M Dean,16.0,16.0,10.0,11.0,12.0,16.0,2.0,2.0,3.0,3.0,0.0,0.0,1.22,6.5,13.0,1.22,6.5,11.0,1.22,6.5,11.0,1.25,6.0,11.0,1.25,6.5,13.0,1.29,6.2,12.5
E0,26/12/12,Norwich,Chelsea,0.0,1.0,A,0.0,1.0,A,J Moss,8.0,20.0,4.0,11.0,7.0,7.0,5.0,7.0,1.0,1.0,0.0,0.0,6.0,3.75,1.62,5.5,4.0,1.57,5.5,4.0,1.57,5.5,3.75,1.62,6.0,4.1,1.62,5.46,4.03,1.69
E0,26/12/12,QPR,West Brom,1.0,2.0,A,0.0,1.0,A,C Foy,18.0,12.0,8.0,6.0,9.0,10.0,14.0,9.0,1.0,0.0,0.0,0.0,2.2,3.4,3.25,2.25,3.3,3.1,2.25,3.3,3.1,2.25,3.3,3.1,2.3,3.4,3.4,2.38,3.54,3.14
E0,26/12/12,Reading,Swansea,0.0,0.0,D,0.0,0.0,D,M Jones,3.0,10.0,2.0,4.0,14.0,17.0,6.0,4.0,2.0,1.0,0.0,0.0,2.9,3.4,2.38,2.9,3.4,2.35,2.9,3.4,2.35,2.7,3.4,2.5,3.0,3.5,2.4,3.04,3.49,2.47
E0,26/12/12,Stoke,Liverpool,3.0,1.0,H,2.0,1.0,H,H Webb,7.0,12.0,6.0,6.0,11.0,5.0,6.0,8.0,3.0,1.0,0.0,0.0,3.4,3.2,2.25,3.1,3.2,2.3,3.1,3.2,2.3,3.1,3.25,2.3,3.6,3.2,2.25,4.0,3.31,2.14
E0,26/12/12,Sunderland,Man City,1.0,0.0,H,0.0,0.0,D,K Friend,12.0,19.0,6.0,12.0,14.0,16.0,3.0,7.0,1.0,3.0,0.0,0.0,6.5,4.0,1.53,6.5,4.1,1.5,6.5,4.1,1.5,6.0,4.0,1.53,7.5,4.2,1.53,7.25,4.42,1.52
E0,29/12/12,Arsenal,Newcastle,7.0,3.0,H,1.0,1.0,D,C Foy,16.0,10.0,12.0,8.0,8.0,10.0,5.0,6.0,0.0,1.0,0.0,0.0,1.44,4.5,7.0,1.45,4.5,6.5,1.45,4.5,6.5,1.45,4.33,7.0,1.45,4.8,8.5,1.44,4.79,8.25
E0,29/12/12,Aston Villa,Wigan,0.0,3.0,A,0.0,1.0,A,K Friend,11.0,9.0,4.0,6.0,16.0,8.0,4.0,3.0,3.0,2.0,0.0,0.0,2.4,3.25,3.0,2.35,3.2,3.1,2.35,3.2,3.1,2.3,3.25,3.1,2.45,3.25,3.2,2.91,3.27,2.7
E0,29/12/12,Fulham,Swansea,1.0,2.0,A,0.0,1.0,A,A Marriner,22.0,10.0,13.0,9.0,14.0,12.0,9.0,8.0,2.0,1.0,0.0,0.0,2.1,3.4,3.5,2.05,3.5,3.4,2.05,3.5,3.4,2.1,3.4,3.4,2.15,3.5,3.7,2.27,3.45,3.41
E0,29/12/12,Man United,West Brom,2.0,0.0,H,1.0,0.0,H,J Moss,17.0,13.0,14.0,9.0,9.0,7.0,9.0,6.0,1.0,0.0,0.0,0.0,1.3,5.5,10.0,1.3,5.25,9.25,1.3,5.25,9.25,1.29,5.5,9.5,1.33,5.5,11.0,1.32,5.78,11.26
E0,29/12/12,Norwich,Man City,3.0,4.0,A,1.0,2.0,A,M Jones,13.0,13.0,8.0,9.0,8.0,10.0,4.0,9.0,3.0,1.0,0.0,1.0,6.0,4.0,1.57,6.25,3.75,1.57,6.25,3.75,1.57,5.5,4.0,1.57,6.0,4.2,1.62,7.15,4.45,1.52
E0,29/12/12,Reading,West Ham,1.0,0.0,H,1.0,0.0,H,M Oliver,3.0,11.0,2.0,3.0,17.0,10.0,2.0,2.0,3.0,4.0,0.0,0.0,2.88,3.25,2.5,2.8,3.25,2.5,2.8,3.25,2.5,2.6,3.4,2.6,2.9,3.3,2.62,2.92,3.41,2.59
E0,29/12/12,Stoke,Southampton,3.0,3.0,D,1.0,3.0,A,M Clattenburg,10.0,8.0,8.0,7.0,6.0,9.0,7.0,4.0,1.0,2.0,1.0,0.0,1.8,3.5,4.75,1.75,3.4,5.0,1.75,3.4,5.0,1.8,3.4,4.5,1.87,3.6,4.8,1.99,3.51,4.29
E0,29/12/12,Sunderland,Tottenham,1.0,2.0,A,1.0,0.0,H,L Mason,9.0,18.0,6.0,14.0,9.0,15.0,3.0,8.0,1.0,3.0,0.0,0.0,3.5,3.4,2.1,3.5,3.4,2.05,3.5,3.4,2.05,3.4,3.4,2.1,3.75,3.4,2.15,3.62,3.34,2.25
E0,30/12/12,Everton,Chelsea,1.0,2.0,A,1.0,1.0,D,H Webb,12.0,15.0,6.0,10.0,14.0,12.0,7.0,7.0,2.0,3.0,0.0,0.0,2.88,3.3,2.5,2.9,3.2,2.45,2.9,3.2,2.45,2.8,3.25,2.5,2.9,3.3,2.62,3.16,3.5,2.37
E0,30/12/12,QPR,Liverpool,0.0,3.0,A,0.0,3.0,A,A Taylor,14.0,16.0,7.0,11.0,10.0,8.0,1.0,9.0,2.0,1.0,0.0,0.0,4.0,3.5,1.91,4.0,3.6,1.87,4.0,3.6,1.87,3.75,3.5,1.91,4.0,3.8,1.95,4.57,3.96,1.83
E0,01/01/13,Man City,Stoke,3.0,0.0,H,1.0,0.0,H,M Oliver,17.0,4.0,9.0,3.0,6.0,9.0,7.0,2.0,2.0,2.0,0.0,0.0,1.29,5.5,11.0,1.28,5.0,12.0,1.28,5.0,12.0,1.3,5.0,10.0,1.33,5.75,12.0,1.33,5.17,12.82
E0,01/01/13,Southampton,Arsenal,1.0,1.0,D,1.0,1.0,D,L Probert,9.0,6.0,6.0,4.0,9.0,6.0,3.0,3.0,2.0,0.0,0.0,0.0,5.0,3.75,1.7,5.0,3.9,1.65,5.0,3.9,1.65,4.5,3.75,1.73,4.8,4.0,1.7,5.12,4.24,1.7
E0,01/01/13,Swansea,Aston Villa,2.0,2.0,D,1.0,1.0,D,M Halsey,23.0,8.0,13.0,6.0,7.0,15.0,3.0,2.0,0.0,4.0,0.0,0.0,1.57,4.0,6.0,1.57,4.0,5.5,1.57,4.0,5.5,1.6,3.75,6.0,1.6,4.1,5.75,1.62,4.09,5.99
E0,01/01/13,Tottenham,Reading,3.0,1.0,H,1.0,1.0,D,H Webb,30.0,7.0,20.0,4.0,9.0,9.0,12.0,3.0,0.0,0.0,0.0,0.0,1.33,5.0,10.0,1.34,4.75,9.25,1.34,4.75,9.25,1.3,5.0,10.0,1.36,5.25,9.5,1.34,5.58,10.47
E0,01/01/13,West Brom,Fulham,1.0,2.0,A,0.0,1.0,A,M Dean,17.0,10.0,10.0,5.0,14.0,6.0,10.0,5.0,0.0,0.0,0.0,0.0,2.0,3.5,3.75,1.95,3.4,3.9,1.95,3.4,3.9,2.0,3.4,3.75,2.0,3.6,3.9,2.0,3.62,4.05
E0,01/01/13,West Ham,Norwich,2.0,1.0,H,2.0,0.0,H,M Clattenburg,14.0,9.0,8.0,3.0,14.0,7.0,11.0,3.0,0.0,0.0,0.0,0.0,2.1,3.4,3.5,2.05,3.3,3.6,2.05,3.3,3.6,2.1,3.4,3.4,2.1,3.4,3.6,2.0,3.54,4.17
E0,01/01/13,Wigan,Man United,0.0,4.0,A,0.0,2.0,A,A Marriner,7.0,14.0,3.0,9.0,13.0,5.0,1.0,6.0,1.0,1.0,0.0,0.0,6.0,4.2,1.53,6.25,4.2,1.5,6.25,4.2,1.5,6.0,4.33,1.5,6.5,4.0,1.57,4.88,3.9,1.79
E0,02/01/13,Chelsea,QPR,0.0,1.0,A,0.0,0.0,D,L Mason,23.0,8.0,11.0,5.0,12.0,8.0,14.0,2.0,1.0,1.0,0.0,0.0,1.2,6.5,15.0,1.2,6.25,14.0,1.2,6.25,14.0,1.22,6.0,12.0,1.22,6.5,13.0,1.29,6.05,12.25
E0,02/01/13,Liverpool,Sunderland,3.0,0.0,H,2.0,0.0,H,P Dowd,27.0,6.0,16.0,5.0,8.0,5.0,9.0,5.0,0.0,1.0,0.0,0.0,1.4,4.5,8.5,1.4,4.33,8.25,1.4,4.33,8.25,1.4,4.5,8.0,1.4,5.0,9.0,1.4,5.09,9.17
E0,02/01/13,Newcastle,Everton,1.0,2.0,A,1.0,1.0,D,M Atkinson,14.0,7.0,11.0,6.0,21.0,7.0,4.0,6.0,3.0,2.0,0.0,0.0,3.0,3.4,2.38,2.95,3.25,2.4,2.95,3.25,2.4,2.8,3.4,2.4,3.1,3.4,2.38,3.82,3.46,2.13
E0,12/01/13,Aston Villa,Southampton,0.0,1.0,A,0.0,1.0,A,M Halsey,16.0,11.0,10.0,4.0,9.0,6.0,9.0,5.0,1.0,1.0,0.0,0.0,2.55,3.5,2.9,2.45,3.25,2.85,2.45,3.25,2.85,2.4,3.3,2.88,2.55,3.3,3.0,2.66,3.39,2.84
E0,12/01/13,Everton,Swansea,0.0,0.0,D,0.0,0.0,D,P Dowd,16.0,4.0,8.0,2.0,13.0,9.0,7.0,1.0,1.0,4.0,0.0,0.0,1.57,4.2,6.5,1.53,4.1,6.0,1.53,4.1,6.0,1.62,3.75,5.5,1.62,4.33,6.5,1.57,4.37,6.5
E0,12/01/13,Fulham,Wigan,1.0,1.0,D,1.0,0.0,H,M Clattenburg,14.0,15.0,5.0,6.0,8.0,15.0,6.0,8.0,0.0,1.0,0.0,0.0,2.05,3.5,4.0,1.91,3.4,4.0,1.91,3.4,4.0,1.95,3.5,3.75,2.05,3.3,4.1,2.18,3.44,3.68
E0,12/01/13,Norwich,Newcastle,0.0,0.0,D,0.0,0.0,D,A Taylor,12.0,9.0,3.0,4.0,5.0,6.0,5.0,4.0,0.0,1.0,0.0,0.0,2.2,3.6,3.4,2.15,3.4,3.25,2.15,3.4,3.25,2.05,3.4,3.4,2.25,3.5,3.5,2.31,3.6,3.21
E0,12/01/13,QPR,Tottenham,0.0,0.0,D,0.0,0.0,D,L Probert,4.0,16.0,1.0,8.0,10.0,7.0,2.0,6.0,1.0,1.0,0.0,0.0,4.5,3.8,1.85,4.2,3.7,1.8,4.2,3.7,1.8,4.33,3.5,1.83,4.4,3.8,1.85,4.65,3.86,1.83
E0,12/01/13,Reading,West Brom,3.0,2.0,H,0.0,1.0,A,K Friend,7.0,11.0,7.0,6.0,6.0,13.0,8.0,4.0,1.0,1.0,0.0,0.0,3.0,3.4,2.5,2.9,3.2,2.45,2.9,3.2,2.45,2.88,3.3,2.4,3.0,3.4,2.55,3.02,3.48,2.49
E0,12/01/13,Stoke,Chelsea,0.0,4.0,A,0.0,1.0,A,A Marriner,11.0,11.0,5.0,9.0,13.0,9.0,6.0,7.0,1.0,0.0,0.0,0.0,4.33,3.5,1.95,4.0,3.4,1.91,4.0,3.4,1.91,4.2,3.2,1.95,4.33,3.3,2.0,5.16,3.57,1.83
E0,12/01/13,Sunderland,West Ham,3.0,0.0,H,1.0,0.0,H,N Swarbrick,18.0,9.0,14.0,4.0,10.0,13.0,4.0,6.0,0.0,3.0,0.0,0.0,2.38,3.3,3.3,2.3,3.2,3.1,2.3,3.2,3.1,2.25,3.25,3.2,2.38,3.3,3.25,2.68,3.28,2.92
E0,13/01/13,Arsenal,Man City,0.0,2.0,A,0.0,2.0,A,M Dean,9.0,16.0,4.0,9.0,11.0,18.0,2.0,7.0,2.0,4.0,1.0,1.0,2.63,3.5,2.8,2.55,3.4,2.65,2.55,3.4,2.65,2.7,3.4,2.5,2.6,3.5,2.8,2.85,3.44,2.65
E0,13/01/13,Man United,Liverpool,2.0,1.0,H,1.0,0.0,H,H Webb,15.0,12.0,10.0,5.0,14.0,16.0,3.0,1.0,1.0,4.0,0.0,0.0,1.91,3.8,4.2,1.8,3.8,4.1,1.8,3.8,4.1,1.83,3.75,4.0,1.95,3.6,4.3,2.06,3.64,3.79
E0,16/01/13,Chelsea,Southampton,2.0,2.0,D,2.0,0.0,H,M Oliver,19.0,7.0,10.0,3.0,10.0,11.0,4.0,3.0,1.0,0.0,0.0,0.0,1.25,6.5,15.0,1.23,6.25,11.0,1.23,6.25,11.0,1.25,6.0,10.0,1.25,6.25,15.0,1.22,7.4,15.54
E0,19/01/13,Liverpool,Norwich,5.0,0.0,H,2.0,0.0,H,M Oliver,17.0,5.0,10.0,3.0,10.0,8.0,10.0,4.0,1.0,1.0,0.0,0.0,1.33,5.5,10.5,1.3,5.25,9.75,1.3,5.25,9.75,1.33,5.0,8.5,1.33,5.75,10.0,1.34,5.54,10.7
E0,19/01/13,Man City,Fulham,2.0,0.0,H,1.0,0.0,H,J Moss,20.0,3.0,11.0,0.0,12.0,6.0,1.0,2.0,1.0,2.0,0.0,0.0,1.25,6.5,14.0,1.23,6.0,11.5,1.23,6.0,11.5,1.25,6.0,10.0,1.25,6.5,13.0,1.24,6.7,15.4
E0,19/01/13,Newcastle,Reading,1.0,2.0,A,1.0,0.0,H,A Marriner,15.0,6.0,10.0,2.0,9.0,10.0,6.0,2.0,2.0,3.0,0.0,0.0,1.75,4.0,5.0,1.72,3.75,4.6,1.72,3.75,4.6,1.8,3.75,4.2,1.8,3.9,4.6,1.68,3.87,5.95
E0,19/01/13,Swansea,Stoke,3.0,1.0,H,0.0,0.0,D,M Dean,12.0,7.0,6.0,2.0,11.0,9.0,7.0,6.0,0.0,0.0,0.0,0.0,2.2,3.4,3.6,2.1,3.4,3.4,2.1,3.4,3.4,2.15,3.2,3.5,2.25,3.3,3.6,2.25,3.18,3.75
E0,19/01/13,West Brom,Aston Villa,2.0,2.0,D,0.0,2.0,A,L Probert,25.0,11.0,9.0,7.0,8.0,10.0,8.0,8.0,3.0,3.0,0.0,0.0,1.75,4.0,5.0,1.72,3.8,4.5,1.72,3.8,4.5,1.72,3.75,4.5,1.75,3.8,5.4,1.93,3.57,4.43
E0,19/01/13,West Ham,QPR,1.0,1.0,D,0.0,1.0,A,H Webb,22.0,9.0,13.0,6.0,6.0,11.0,12.0,2.0,1.0,0.0,0.0,0.0,2.1,3.5,3.75,2.0,3.5,3.6,2.0,3.5,3.6,2.1,3.3,3.5,2.1,3.6,3.75,2.11,3.42,3.93
E0,19/01/13,Wigan,Sunderland,2.0,3.0,A,1.0,3.0,A,A Taylor,20.0,10.0,11.0,5.0,10.0,16.0,9.0,0.0,3.0,2.0,0.0,0.0,2.15,3.4,3.8,2.1,3.25,3.6,2.1,3.25,3.6,2.15,3.3,3.4,2.2,3.4,3.6,2.15,3.3,3.93
E0,20/01/13,Chelsea,Arsenal,2.0,1.0,H,2.0,0.0,H,M Atkinson,13.0,12.0,8.0,8.0,10.0,11.0,3.0,9.0,2.0,1.0,0.0,0.0,1.91,3.6,4.0,1.91,3.4,4.0,1.91,3.4,4.0,1.83,3.75,4.0,2.0,3.75,3.8,2.04,3.64,3.88
E0,20/01/13,Tottenham,Man United,1.0,1.0,D,0.0,1.0,A,C Foy,23.0,6.0,18.0,4.0,7.0,14.0,9.0,4.0,1.0,4.0,0.0,0.0,2.9,3.6,2.5,2.85,3.6,2.3,2.85,3.6,2.3,3.0,3.5,2.25,2.88,3.6,2.5,3.02,3.6,2.41
E0,21/01/13,Southampton,Everton,0.0,0.0,D,0.0,0.0,D,N Swarbrick,14.0,10.0,11.0,7.0,14.0,11.0,10.0,6.0,2.0,1.0,0.0,0.0,3.6,3.5,2.05,3.9,3.5,1.91,3.9,3.5,1.91,3.5,3.3,2.1,3.8,3.6,2.05,3.79,3.44,2.14
E0,23/01/13,Arsenal,West Ham,5.0,1.0,H,1.0,1.0,D,A Marriner,23.0,7.0,17.0,5.0,9.0,10.0,13.0,5.0,0.0,1.0,0.0,0.0,1.44,4.75,8.0,1.44,4.1,7.75,1.44,4.1,7.75,1.44,4.5,7.0,1.45,4.75,7.0,1.52,4.4,7.5
E0,29/01/13,Aston Villa,Newcastle,1.0,2.0,A,0.0,2.0,A,M Dean,10.0,10.0,4.0,7.0,16.0,9.0,3.0,4.0,5.0,2.0,0.0,0.0,2.9,3.4,2.6,2.85,3.2,2.5,2.85,3.2,2.5,2.8,3.1,2.62,2.88,3.4,2.62,2.81,3.35,2.73
E0,29/01/13,QPR,Man City,0.0,0.0,D,0.0,0.0,D,P Dowd,5.0,15.0,3.0,7.0,9.0,9.0,2.0,10.0,2.0,2.0,0.0,0.0,7.5,4.5,1.5,7.0,4.4,1.44,7.0,4.4,1.44,6.5,4.33,1.44,7.0,4.6,1.5,7.98,4.59,1.48
E0,29/01/13,Stoke,Wigan,2.0,2.0,D,1.0,0.0,H,M Jones,9.0,11.0,4.0,6.0,12.0,10.0,0.0,1.0,1.0,1.0,0.0,0.0,2.2,3.3,3.75,2.05,3.3,3.6,2.05,3.3,3.6,2.1,3.2,3.6,2.2,3.3,3.75,2.31,3.29,3.49
E0,29/01/13,Sunderland,Swansea,0.0,0.0,D,0.0,0.0,D,A Marriner,4.0,18.0,2.0,8.0,11.0,11.0,3.0,4.0,1.0,2.0,0.0,0.0,2.5,3.4,3.0,2.55,3.25,2.75,2.55,3.25,2.75,2.5,3.1,2.9,2.6,3.3,2.9,2.62,3.34,2.94
E0,30/01/13,Arsenal,Liverpool,2.0,2.0,D,0.0,1.0,A,K Friend,14.0,10.0,6.0,5.0,9.0,11.0,8.0,6.0,3.0,1.0,0.0,0.0,2.4,3.5,3.1,2.4,3.2,3.0,2.4,3.2,3.0,2.2,3.5,3.1,2.45,3.5,3.0,2.17,3.5,3.64
E0,30/01/13,Everton,West Brom,2.0,1.0,H,2.0,0.0,H,M Oliver,11.0,7.0,4.0,4.0,9.0,14.0,5.0,2.0,0.0,2.0,0.0,0.0,1.6,4.1,6.5,1.53,4.1,6.0,1.53,4.1,6.0,1.61,3.75,5.5,1.62,4.3,5.75,1.56,4.26,6.75
E0,30/01/13,Fulham,West Ham,3.0,1.0,H,1.0,0.0,H,C Foy,13.0,8.0,6.0,4.0,8.0,9.0,2.0,8.0,2.0,0.0,0.0,0.0,2.2,3.5,3.5,2.15,3.4,3.3,2.15,3.4,3.3,2.2,3.25,3.3,2.25,3.5,3.4,2.49,3.36,3.11
E0,30/01/13,Man United,Southampton,2.0,1.0,H,2.0,1.0,H,L Mason,11.0,21.0,7.0,10.0,10.0,10.0,4.0,8.0,2.0,1.0,0.0,0.0,1.25,6.5,14.0,1.2,7.0,11.5,1.2,7.0,11.5,1.2,6.5,12.0,1.22,7.0,13.0,1.25,7.0,12.76
E0,30/01/13,Norwich,Tottenham,1.0,1.0,D,1.0,0.0,H,N Swarbrick,8.0,12.0,4.0,7.0,13.0,14.0,3.0,6.0,4.0,1.0,0.0,0.0,4.75,3.75,1.83,4.6,3.6,1.75,4.6,3.6,1.75,4.5,3.5,1.8,4.5,3.75,1.83,4.2,3.67,1.96
E0,30/01/13,Reading,Chelsea,2.0,2.0,D,0.0,1.0,A,M Halsey,5.0,14.0,2.0,5.0,8.0,20.0,0.0,6.0,1.0,2.0,0.0,0.0,7.5,4.5,1.5,7.25,4.2,1.45,7.25,4.2,1.45,6.5,4.0,1.5,6.5,4.6,1.5,6.03,4.29,1.61
E0,02/02/13,Arsenal,Stoke,1.0,0.0,H,0.0,0.0,D,C Foy,15.0,6.0,9.0,2.0,3.0,13.0,11.0,1.0,0.0,3.0,0.0,0.0,1.44,4.5,9.0,1.42,4.2,8.25,1.42,4.2,8.25,1.4,4.33,8.0,1.45,4.6,8.0,1.41,4.76,9.98
E0,02/02/13,Everton,Aston Villa,3.0,3.0,D,1.0,2.0,A,M Jones,22.0,8.0,13.0,4.0,6.0,23.0,15.0,2.0,1.0,4.0,0.0,0.0,1.4,5.0,9.0,1.35,4.6,9.25,1.35,4.6,9.25,1.4,4.33,7.5,1.4,5.0,9.0,1.37,5.11,10.15
E0,02/02/13,Fulham,Man United,0.0,1.0,A,0.0,0.0,D,K Friend,15.0,13.0,8.0,8.0,8.0,15.0,5.0,8.0,1.0,1.0,0.0,0.0,5.5,4.2,1.65,5.5,4.1,1.57,5.5,4.1,1.57,6.0,3.75,1.57,5.4,4.2,1.65,7.2,4.4,1.53
E0,02/02/13,Newcastle,Chelsea,3.0,2.0,H,1.0,0.0,H,H Webb,19.0,12.0,13.0,6.0,11.0,5.0,5.0,4.0,2.0,3.0,0.0,0.0,4.0,3.6,2.0,3.75,3.7,1.9,3.75,3.7,1.9,3.75,3.5,1.95,4.0,3.5,2.05,4.26,3.65,1.95
E0,02/02/13,QPR,Norwich,0.0,0.0,D,0.0,0.0,D,J Moss,15.0,14.0,7.0,9.0,6.0,20.0,10.0,8.0,2.0,5.0,0.0,0.0,1.95,3.6,4.33,1.91,3.6,3.8,1.91,3.6,3.8,2.0,3.3,3.75,1.95,3.6,4.2,2.34,3.27,3.52
E0,02/02/13,Reading,Sunderland,2.0,1.0,H,1.0,1.0,D,L Mason,9.0,10.0,5.0,6.0,12.0,15.0,6.0,8.0,1.0,3.0,0.0,0.0,2.5,3.4,3.0,2.4,3.25,2.95,2.4,3.25,2.95,2.4,3.3,2.87,2.55,3.4,3.0,2.46,3.34,3.18
E0,02/02/13,West Ham,Swansea,1.0,0.0,H,0.0,0.0,D,L Probert,18.0,11.0,9.0,7.0,7.0,9.0,5.0,3.0,1.0,1.0,0.0,0.0,2.4,3.4,3.2,2.4,3.2,3.0,2.4,3.2,3.0,2.37,3.4,2.87,2.45,3.4,3.1,2.49,3.38,3.08
E0,02/02/13,Wigan,Southampton,2.0,2.0,D,1.0,0.0,H,A Marriner,5.0,15.0,3.0,7.0,6.0,16.0,8.0,5.0,0.0,2.0,0.0,0.0,2.2,3.5,3.5,2.15,3.4,3.3,2.15,3.4,3.3,2.1,3.3,3.5,2.25,3.4,3.5,2.25,3.43,3.47
E0,03/02/13,Man City,Liverpool,2.0,2.0,D,1.0,1.0,D,A Taylor,9.0,21.0,5.0,12.0,14.0,7.0,9.0,10.0,2.0,4.0,0.0,0.0,1.83,3.9,4.5,1.85,3.8,3.8,1.85,3.8,3.8,1.83,3.75,4.0,1.87,3.9,4.3,1.88,3.73,4.58
E0,03/02/13,West Brom,Tottenham,0.0,1.0,A,0.0,0.0,D,M Clattenburg,4.0,21.0,3.0,13.0,9.0,9.0,2.0,17.0,1.0,0.0,1.0,0.0,3.6,3.4,2.2,3.5,3.3,2.1,3.5,3.3,2.1,3.4,3.4,2.1,3.6,2.5,2.15,3.63,3.4,2.22
E0,09/02/13,Chelsea,Wigan,4.0,1.0,H,1.0,0.0,H,M Dean,25.0,13.0,17.0,10.0,9.0,13.0,10.0,6.0,1.0,2.0,0.0,0.0,1.36,5.5,9.5,1.34,5.0,8.5,1.34,5.0,8.5,1.28,5.5,9.0,1.36,5.5,9.0,1.37,5.29,9.71
E0,09/02/13,Norwich,Fulham,0.0,0.0,D,0.0,0.0,D,H Webb,15.0,7.0,8.0,5.0,10.0,16.0,3.0,4.0,2.0,2.0,0.0,0.0,2.3,3.4,3.4,2.3,3.25,3.1,2.3,3.25,3.1,2.3,3.3,3.0,2.3,3.4,3.25,2.42,3.36,3.2
E0,09/02/13,Southampton,Man City,3.0,1.0,H,2.0,1.0,H,M Atkinson,13.0,7.0,7.0,4.0,9.0,13.0,6.0,6.0,1.0,2.0,0.0,0.0,5.75,4.0,1.67,5.5,4.0,1.57,5.5,4.0,1.57,5.5,4.0,1.57,5.4,4.1,1.67,5.49,4.15,1.68
E0,09/02/13,Stoke,Reading,2.0,1.0,H,0.0,0.0,D,M Oliver,13.0,5.0,10.0,4.0,7.0,4.0,11.0,3.0,2.0,0.0,0.0,0.0,1.91,3.5,4.6,1.83,3.4,4.4,1.83,3.4,4.4,1.9,3.3,4.2,1.95,3.6,4.3,1.89,3.49,4.84
E0,09/02/13,Sunderland,Arsenal,0.0,1.0,A,0.0,1.0,A,A Taylor,12.0,18.0,7.0,9.0,6.0,13.0,11.0,2.0,3.0,2.0,0.0,1.0,4.5,3.6,1.91,4.0,3.6,1.85,4.0,3.6,1.85,4.33,3.5,1.83,4.3,3.7,1.91,4.55,3.6,1.91
E0,09/02/13,Swansea,QPR,4.0,1.0,H,2.0,0.0,H,N Swarbrick,13.0,14.0,12.0,8.0,10.0,9.0,5.0,2.0,1.0,3.0,0.0,0.0,1.83,3.75,4.75,1.83,3.4,4.4,1.83,3.4,4.4,1.83,3.5,4.33,1.9,3.6,4.5,1.71,3.84,5.65
E0,09/02/13,Tottenham,Newcastle,2.0,1.0,H,1.0,1.0,D,P Dowd,16.0,9.0,9.0,7.0,5.0,11.0,11.0,5.0,0.0,2.0,0.0,0.0,1.67,4.0,5.75,1.65,3.8,5.0,1.65,3.8,5.0,1.66,3.75,5.0,1.7,4.0,5.2,1.64,4.04,6.14
E0,10/02/13,Aston Villa,West Ham,2.0,1.0,H,0.0,0.0,D,M Clattenburg,7.0,13.0,2.0,7.0,15.0,12.0,4.0,10.0,3.0,2.0,0.0,0.0,2.63,3.4,2.88,2.55,3.25,2.75,2.55,3.25,2.75,2.4,3.4,2.8,2.7,3.4,2.75,3.02,3.28,2.6
E0,10/02/13,Man United,Everton,2.0,0.0,H,2.0,0.0,H,M Halsey,10.0,9.0,6.0,8.0,12.0,9.0,7.0,6.0,0.0,2.0,0.0,0.0,1.75,3.9,5.0,1.7,3.8,4.75,1.7,3.8,4.75,1.61,4.0,5.0,1.8,4.0,4.5,1.76,3.87,5.13
E0,11/02/13,Liverpool,West Brom,0.0,2.0,A,0.0,0.0,D,J Moss,23.0,4.0,14.0,3.0,9.0,9.0,13.0,5.0,1.0,4.0,0.0,0.0,1.4,5.0,9.0,1.34,5.0,8.5,1.34,5.0,8.5,1.4,4.5,7.5,1.4,5.0,8.5,1.43,4.79,9.1
E0,17/02/13,Liverpool,Swansea,5.0,0.0,H,1.0,0.0,H,H Webb,33.0,4.0,18.0,3.0,6.0,9.0,10.0,1.0,0.0,1.0,0.0,0.0,1.57,4.4,6.0,1.57,4.1,5.5,1.57,4.1,5.5,1.53,4.0,6.0,1.6,4.2,6.0,1.39,5.12,9.27
E0,23/02/13,Arsenal,Aston Villa,2.0,1.0,H,1.0,0.0,H,M Atkinson,24.0,5.0,14.0,3.0,7.0,12.0,12.0,3.0,1.0,2.0,0.0,0.0,1.33,5.5,11.0,1.3,5.25,9.25,1.3,5.25,9.25,1.33,5.0,9.0,1.33,5.5,10.5,1.3,6.08,11.32
E0,23/02/13,Fulham,Stoke,1.0,0.0,H,1.0,0.0,H,L Probert,20.0,7.0,9.0,2.0,4.0,9.0,9.0,4.0,1.0,3.0,0.0,0.0,2.2,3.3,3.75,2.05,3.3,3.6,2.05,3.3,3.6,2.2,3.2,3.4,2.25,3.3,3.6,2.13,3.3,4.04
E0,23/02/13,Norwich,Everton,2.0,1.0,H,0.0,1.0,A,L Mason,10.0,11.0,9.0,5.0,15.0,10.0,7.0,5.0,1.0,1.0,0.0,0.0,3.8,3.5,2.1,3.6,3.3,2.05,3.6,3.3,2.05,3.5,3.3,2.1,3.6,3.5,2.15,3.61,3.32,2.25
E0,23/02/13,QPR,Man United,0.0,2.0,A,0.0,1.0,A,A Taylor,12.0,13.0,5.0,8.0,10.0,6.0,2.0,4.0,0.0,0.0,0.0,0.0,7.0,4.33,1.53,6.5,3.9,1.53,6.5,3.9,1.53,6.0,4.33,1.5,6.25,4.33,1.57,6.42,4.63,1.54
E0,23/02/13,Reading,Wigan,0.0,3.0,A,0.0,2.0,A,P Dowd,7.0,14.0,1.0,8.0,9.0,11.0,2.0,9.0,1.0,1.0,1.0,0.0,2.63,3.4,2.88,2.55,3.2,2.8,2.55,3.2,2.8,2.37,3.4,2.9,2.62,3.3,2.9,2.64,3.33,2.93
E0,23/02/13,West Brom,Sunderland,2.0,1.0,H,1.0,0.0,H,R East,17.0,10.0,7.0,6.0,13.0,9.0,5.0,5.0,2.0,1.0,0.0,0.0,2.05,3.5,4.0,1.95,3.3,4.0,1.95,3.3,4.0,2.05,3.4,3.5,2.1,3.5,3.9,1.83,3.62,5.01
E0,24/02/13,Man City,Chelsea,2.0,0.0,H,0.0,0.0,D,A Marriner,15.0,4.0,11.0,1.0,19.0,5.0,6.0,6.0,3.0,1.0,0.0,0.0,1.95,3.6,4.33,1.91,3.5,3.9,1.91,3.5,3.9,2.0,3.5,3.6,2.0,3.5,4.33,2.1,3.54,3.84
E0,24/02/13,Newcastle,Southampton,4.0,2.0,H,2.0,1.0,H,C Foy,11.0,11.0,5.0,7.0,12.0,12.0,7.0,3.0,0.0,4.0,0.0,0.0,2.2,3.5,3.2,2.0,3.5,3.6,2.0,3.5,3.6,2.0,3.4,3.75,2.2,3.5,3.4,2.29,3.44,3.4
E0,25/02/13,West Ham,Tottenham,2.0,3.0,A,1.0,1.0,D,H Webb,8.0,25.0,6.0,16.0,12.0,7.0,6.0,12.0,4.0,1.0,0.0,0.0,3.6,3.5,2.15,3.4,3.25,2.15,3.4,3.25,2.15,3.2,3.4,2.0,3.5,3.5,2.2,3.72,3.39,2.19
E0,02/03/13,Chelsea,West Brom,1.0,0.0,H,1.0,0.0,H,K Friend,25.0,8.0,19.0,4.0,12.0,16.0,9.0,7.0,1.0,2.0,0.0,0.0,1.4,5.0,9.0,1.4,4.33,8.25,1.4,4.33,8.25,1.4,4.5,8.0,1.44,5.0,7.5,1.37,5.2,10.31
E0,02/03/13,Everton,Reading,3.0,1.0,H,1.0,0.0,H,A Taylor,18.0,12.0,12.0,6.0,8.0,8.0,9.0,10.0,1.0,1.0,0.0,0.0,1.38,5.0,10.0,1.36,5.0,7.75,1.36,5.0,7.75,1.4,4.5,8.0,1.4,5.0,8.5,1.35,5.36,10.8
E0,02/03/13,Man United,Norwich,4.0,0.0,H,1.0,0.0,H,N Swarbrick,13.0,1.0,10.0,1.0,5.0,15.0,7.0,3.0,0.0,4.0,0.0,0.0,1.33,5.5,11.0,1.3,5.25,9.25,1.3,5.25,9.25,1.3,5.5,9.0,1.36,5.5,8.0,1.24,6.64,15.5
E0,02/03/13,Southampton,QPR,1.0,2.0,A,1.0,1.0,D,H Webb,17.0,5.0,9.0,3.0,7.0,15.0,6.0,3.0,1.0,3.0,0.0,0.0,1.85,3.8,4.5,1.8,3.5,4.5,1.8,3.5,4.5,1.9,3.4,4.0,1.9,3.7,4.3,1.68,4.01,5.6
E0,02/03/13,Stoke,West Ham,0.0,1.0,A,0.0,1.0,A,J Moss,10.0,10.0,2.0,7.0,12.0,12.0,4.0,2.0,1.0,2.0,0.0,0.0,2.15,3.25,4.0,2.05,3.3,3.6,2.05,3.3,3.6,2.1,3.3,3.5,2.15,3.25,3.8,2.49,3.25,3.19
E0,02/03/13,Sunderland,Fulham,2.0,2.0,D,1.0,2.0,A,M Halsey,12.0,7.0,6.0,4.0,9.0,14.0,7.0,3.0,1.0,3.0,0.0,0.0,2.4,3.3,3.3,2.35,3.2,3.1,2.35,3.2,3.1,2.2,3.3,3.25,2.4,3.2,3.4,2.24,3.35,3.62
E0,02/03/13,Swansea,Newcastle,1.0,0.0,H,0.0,0.0,D,C Pawson,10.0,14.0,7.0,7.0,9.0,17.0,7.0,7.0,0.0,2.0,0.0,0.0,2.1,3.6,3.75,2.0,3.5,3.6,2.0,3.5,3.6,2.15,3.4,3.25,2.15,3.6,3.5,2.04,3.65,3.85
E0,02/03/13,Wigan,Liverpool,0.0,4.0,A,0.0,3.0,A,M Atkinson,15.0,8.0,11.0,7.0,11.0,15.0,4.0,3.0,2.0,2.0,0.0,0.0,4.5,3.75,1.85,4.2,3.8,1.78,4.2,3.8,1.78,4.5,3.5,1.8,4.33,3.8,1.87,4.84,3.99,1.78
E0,03/03/13,Tottenham,Arsenal,2.0,1.0,H,2.0,0.0,H,M Clattenburg,11.0,10.0,5.0,6.0,17.0,13.0,4.0,6.0,3.0,1.0,0.0,0.0,2.3,3.6,3.25,2.3,3.4,3.0,2.3,3.4,3.0,2.25,3.4,3.0,2.38,3.6,3.1,2.46,3.51,3.05
E0,04/03/13,Aston Villa,Man City,0.0,1.0,A,0.0,1.0,A,M Dean,10.0,20.0,5.0,12.0,10.0,14.0,6.0,5.0,2.0,0.0,0.0,0.0,7.5,4.5,1.44,7.5,4.25,1.44,7.5,4.25,1.44,5.5,4.33,1.53,7.0,4.6,1.5,7.62,5.05,1.44
E0,09/03/13,Norwich,Southampton,0.0,0.0,D,0.0,0.0,D,M Clattenburg,3.0,15.0,2.0,7.0,9.0,10.0,1.0,7.0,2.0,3.0,0.0,0.0,2.5,3.4,3.0,2.4,3.2,3.0,2.4,3.2,3.0,2.25,3.4,3.1,2.55,3.4,2.9,2.82,3.33,2.74
E0,09/03/13,QPR,Sunderland,3.0,1.0,H,1.0,1.0,D,M Jones,15.0,7.0,8.0,3.0,4.0,19.0,4.0,5.0,0.0,2.0,0.0,0.0,2.25,3.4,3.5,2.25,3.25,3.2,2.25,3.25,3.2,2.25,3.25,3.2,2.2,3.4,3.6,2.27,3.26,3.66
E0,09/03/13,Reading,Aston Villa,1.0,2.0,A,1.0,2.0,A,J Moss,10.0,18.0,4.0,7.0,8.0,7.0,6.0,1.0,2.0,3.0,0.0,0.0,2.45,3.4,3.1,2.35,3.25,3.0,2.35,3.25,3.0,2.3,3.3,3.1,2.5,3.4,3.0,2.56,3.43,2.94
E0,09/03/13,West Brom,Swansea,2.0,1.0,H,1.0,1.0,D,L Mason,12.0,9.0,6.0,4.0,9.0,10.0,3.0,3.0,1.0,1.0,0.0,0.0,2.45,3.3,3.2,2.35,3.2,3.1,2.35,3.2,3.1,2.2,3.4,3.2,2.45,3.4,3.0,2.25,3.47,3.47
E0,10/03/13,Liverpool,Tottenham,3.0,2.0,H,1.0,1.0,D,M Oliver,10.0,15.0,4.0,9.0,9.0,8.0,1.0,4.0,1.0,1.0,0.0,0.0,1.95,3.8,4.0,1.85,3.8,3.8,1.85,3.8,3.8,1.9,3.6,3.75,1.95,3.9,3.9,1.86,4.11,4.13
E0,10/03/13,Newcastle,Stoke,2.0,1.0,H,0.0,0.0,D,A Marriner,14.0,7.0,6.0,4.0,10.0,12.0,14.0,4.0,1.0,1.0,0.0,0.0,1.83,3.7,4.8,1.8,3.4,4.6,1.8,3.4,4.6,1.85,3.5,4.2,1.85,3.6,4.75,1.75,3.63,5.74
E0,16/03/13,Aston Villa,QPR,3.0,2.0,H,1.0,1.0,D,K Friend,10.0,18.0,6.0,11.0,16.0,10.0,9.0,6.0,3.0,2.0,0.0,0.0,2.3,3.4,3.4,2.1,3.4,3.4,2.1,3.4,3.4,2.25,3.4,3.1,2.3,3.4,3.4,2.37,3.38,3.31
E0,16/03/13,Everton,Man City,2.0,0.0,H,1.0,0.0,H,L Probert,11.0,17.0,5.0,11.0,15.0,10.0,13.0,6.0,4.0,3.0,1.0,0.0,3.9,3.6,2.05,3.8,3.3,2.0,3.8,3.3,2.0,3.5,3.4,2.05,3.8,3.5,2.1,3.57,3.48,2.2
E0,16/03/13,Man United,Reading,1.0,0.0,H,1.0,0.0,H,L Mason,17.0,5.0,8.0,1.0,5.0,16.0,5.0,4.0,0.0,2.0,0.0,0.0,1.17,9.0,19.0,1.15,8.0,14.0,1.15,8.0,14.0,1.16,7.5,15.0,1.18,7.5,21.0,1.14,9.28,22.5
E0,16/03/13,Southampton,Liverpool,3.0,1.0,H,2.0,1.0,H,P Dowd,17.0,8.0,12.0,6.0,10.0,10.0,7.0,5.0,0.0,1.0,0.0,0.0,4.2,3.8,1.91,4.1,3.5,1.87,4.1,3.5,1.87,4.0,3.6,1.85,4.3,3.6,1.95,3.79,3.77,2.02
E0,16/03/13,Stoke,West Brom,0.0,0.0,D,0.0,0.0,D,M Dean,13.0,9.0,5.0,5.0,15.0,11.0,7.0,1.0,2.0,2.0,0.0,0.0,2.5,3.3,3.1,2.45,3.1,3.0,2.45,3.1,3.0,2.37,3.25,3.0,2.5,3.25,3.12,2.87,3.18,2.79
E0,16/03/13,Swansea,Arsenal,0.0,2.0,A,0.0,0.0,D,J Moss,9.0,15.0,2.0,11.0,2.0,7.0,3.0,7.0,1.0,1.0,0.0,0.0,3.4,3.5,2.25,3.4,3.2,2.2,3.4,3.2,2.2,3.1,3.5,2.2,3.5,3.4,2.3,3.44,3.6,2.2
E0,17/03/13,Chelsea,West Ham,2.0,0.0,H,1.0,0.0,H,M Oliver,24.0,15.0,14.0,9.0,5.0,14.0,5.0,5.0,0.0,2.0,0.0,0.0,1.4,5.0,9.0,1.34,5.0,8.25,1.34,5.0,8.25,1.4,4.5,8.0,1.4,4.8,10.0,1.38,5.29,9.33
E0,17/03/13,Sunderland,Norwich,1.0,1.0,D,1.0,1.0,D,C Foy,16.0,7.0,8.0,3.0,11.0,11.0,5.0,9.0,1.0,3.0,0.0,1.0,2.05,3.5,4.0,2.0,3.5,3.6,2.0,3.5,3.6,2.05,3.4,3.6,2.1,3.5,3.8,2.02,3.47,4.2
E0,17/03/13,Tottenham,Fulham,0.0,1.0,A,0.0,0.0,D,M Jones,12.0,6.0,6.0,2.0,10.0,5.0,5.0,5.0,1.0,1.0,0.0,0.0,1.5,4.5,7.5,1.48,4.25,6.5,1.48,4.25,6.5,1.53,4.2,6.0,1.53,4.2,7.5,1.53,4.34,7.3
E0,17/03/13,Wigan,Newcastle,2.0,1.0,H,1.0,0.0,H,M Halsey,13.0,9.0,10.0,4.0,7.0,12.0,7.0,3.0,1.0,1.0,0.0,0.0,2.3,3.4,3.4,2.25,3.25,3.2,2.25,3.25,3.2,2.25,3.4,3.1,2.3,3.4,3.4,2.27,3.45,3.44
E0,30/03/13,Arsenal,Reading,4.0,1.0,H,1.0,0.0,H,C Foy,23.0,4.0,14.0,2.0,9.0,14.0,11.0,3.0,0.0,1.0,0.0,0.0,1.25,6.5,15.0,1.22,6.5,11.0,1.22,6.5,11.0,1.25,6.0,10.0,1.25,6.5,15.0,1.25,6.6,13.99
E0,30/03/13,Everton,Stoke,1.0,0.0,H,1.0,0.0,H,M Jones,15.0,10.0,9.0,5.0,13.0,18.0,4.0,3.0,1.0,3.0,0.0,0.0,1.57,3.9,7.5,1.5,4.1,6.5,1.5,4.1,6.5,1.53,4.0,6.0,1.57,4.0,7.0,1.75,3.59,5.93
E0,30/03/13,Man City,Newcastle,4.0,0.0,H,2.0,0.0,H,N Swarbrick,19.0,5.0,11.0,1.0,6.0,8.0,9.0,2.0,0.0,2.0,0.0,0.0,1.33,5.5,11.0,1.26,5.5,11.0,1.26,5.5,11.0,1.28,5.5,10.0,1.33,5.2,12.0,1.31,5.75,11.5
E0,30/03/13,Southampton,Chelsea,2.0,1.0,H,2.0,1.0,H,J Moss,13.0,7.0,8.0,4.0,12.0,6.0,7.0,7.0,2.0,1.0,0.0,0.0,3.5,3.5,2.2,3.4,3.5,2.05,3.4,3.5,2.05,3.75,3.6,1.9,3.6,3.4,2.2,3.04,3.41,2.5
E0,30/03/13,Sunderland,Man United,0.0,1.0,A,0.0,1.0,A,K Friend,9.0,10.0,4.0,6.0,11.0,9.0,3.0,6.0,3.0,1.0,0.0,0.0,6.0,4.0,1.65,5.5,3.8,1.62,5.5,3.8,1.62,5.5,3.8,1.6,6.0,4.0,1.65,6.16,3.81,1.68
E0,30/03/13,Swansea,Tottenham,1.0,2.0,A,0.0,2.0,A,A Taylor,11.0,9.0,3.0,7.0,5.0,10.0,5.0,2.0,2.0,4.0,0.0,0.0,3.4,3.4,2.3,3.2,3.25,2.25,3.2,3.25,2.25,3.2,3.4,2.2,3.3,3.4,2.3,3.17,3.45,2.41
E0,30/03/13,West Ham,West Brom,3.0,1.0,H,2.0,0.0,H,A Marriner,14.0,17.0,8.0,11.0,10.0,13.0,5.0,3.0,1.0,1.0,0.0,1.0,2.3,3.4,3.4,2.3,3.2,3.1,2.3,3.2,3.1,2.3,3.3,3.1,2.3,3.4,3.4,2.16,3.38,3.75
E0,30/03/13,Wigan,Norwich,1.0,0.0,H,0.0,0.0,D,H Webb,13.0,9.0,6.0,5.0,13.0,9.0,10.0,3.0,1.0,2.0,0.0,0.0,1.95,3.6,4.33,1.87,3.5,4.1,1.87,3.5,4.1,1.9,3.4,4.0,1.95,3.6,4.3,1.74,3.77,5.55
E0,31/03/13,Aston Villa,Liverpool,1.0,2.0,A,1.0,0.0,H,L Mason,10.0,16.0,7.0,12.0,9.0,8.0,7.0,8.0,1.0,1.0,0.0,0.0,5.0,4.0,1.75,4.75,3.8,1.7,4.75,3.8,1.7,4.33,3.6,1.8,5.0,3.9,1.75,5.69,4.43,1.62
E0,01/04/13,Fulham,QPR,3.0,2.0,H,3.0,1.0,H,L Probert,9.0,19.0,5.0,11.0,11.0,7.0,3.0,6.0,2.0,1.0,1.0,0.0,2.0,3.6,4.0,1.91,3.4,4.0,1.91,3.4,4.0,1.95,3.5,3.75,2.0,3.6,4.0,2.12,3.55,3.75
E0,06/04/13,Norwich,Swansea,2.0,2.0,D,1.0,1.0,D,M Oliver,12.0,16.0,9.0,9.0,8.0,16.0,2.0,5.0,5.0,3.0,0.0,0.0,2.63,3.3,2.9,2.6,3.1,2.8,2.6,3.1,2.8,2.5,3.2,2.8,2.7,3.3,2.8,2.52,3.37,3.06
E0,06/04/13,Reading,Southampton,0.0,2.0,A,0.0,1.0,A,M Jones,8.0,12.0,3.0,4.0,5.0,11.0,8.0,4.0,0.0,0.0,0.0,0.0,3.3,3.6,2.25,3.3,3.4,2.15,3.3,3.4,2.15,3.0,3.5,2.25,3.2,3.6,2.3,3.77,3.53,2.12
E0,06/04/13,Stoke,Aston Villa,1.0,3.0,A,0.0,1.0,A,M Clattenburg,6.0,11.0,2.0,8.0,16.0,11.0,4.0,2.0,3.0,1.0,0.0,0.0,2.1,3.4,4.0,2.05,3.2,3.8,2.05,3.2,3.8,2.1,3.3,3.5,2.15,3.3,3.8,2.14,3.32,3.97
E0,06/04/13,West Brom,Arsenal,1.0,2.0,A,0.0,1.0,A,H Webb,16.0,11.0,5.0,6.0,7.0,15.0,6.0,4.0,2.0,4.0,0.0,1.0,4.1,3.7,1.95,4.1,3.5,1.87,4.1,3.5,1.87,4.0,3.5,1.9,3.9,3.75,2.0,5.08,4.01,1.74
E0,07/04/13,Chelsea,Sunderland,2.0,1.0,H,0.0,1.0,A,N Swarbrick,14.0,7.0,7.0,3.0,9.0,15.0,8.0,5.0,0.0,2.0,0.0,0.0,1.36,5.0,11.0,1.3,5.0,10.5,1.3,5.0,10.5,1.33,5.0,9.0,1.36,5.2,10.0,1.28,6.12,12.98
E0,07/04/13,Liverpool,West Ham,0.0,0.0,D,0.0,0.0,D,A Taylor,19.0,10.0,12.0,4.0,8.0,4.0,12.0,2.0,0.0,1.0,0.0,0.0,1.36,5.5,9.0,1.35,5.0,8.0,1.35,5.0,8.0,1.36,5.0,7.5,1.36,5.4,9.5,1.31,5.83,11.5
E0,07/04/13,Newcastle,Fulham,1.0,0.0,H,0.0,0.0,D,K Friend,20.0,5.0,10.0,3.0,13.0,11.0,10.0,3.0,2.0,2.0,0.0,0.0,2.1,3.5,3.8,2.0,3.25,3.9,2.0,3.25,3.9,2.1,3.4,3.4,2.15,3.6,3.5,1.87,3.75,4.51
E0,07/04/13,QPR,Wigan,1.0,1.0,D,0.0,0.0,D,P Dowd,6.0,16.0,2.0,10.0,9.0,12.0,2.0,10.0,2.0,3.0,1.0,0.0,2.38,3.4,3.25,2.3,3.25,3.1,2.3,3.25,3.1,2.3,3.4,3.0,2.4,3.4,3.12,2.45,3.43,3.12
E0,07/04/13,Tottenham,Everton,2.0,2.0,D,1.0,1.0,D,A Marriner,19.0,9.0,10.0,5.0,14.0,8.0,7.0,6.0,1.0,1.0,0.0,0.0,2.2,3.4,3.6,2.25,3.25,3.2,2.25,3.25,3.2,2.2,3.3,3.2,2.2,3.5,3.3,2.18,3.27,3.87
E0,08/04/13,Man United,Man City,1.0,2.0,A,0.0,0.0,D,M Dean,16.0,9.0,7.0,5.0,13.0,18.0,9.0,4.0,3.0,5.0,0.0,0.0,2.3,3.5,3.3,2.2,3.4,3.2,2.2,3.4,3.2,2.2,3.4,3.2,2.3,3.5,3.3,2.5,3.33,3.11
E0,13/04/13,Arsenal,Norwich,3.0,1.0,H,0.0,0.0,D,M Jones,10.0,5.0,7.0,5.0,8.0,10.0,9.0,3.0,1.0,2.0,0.0,0.0,1.25,6.5,14.0,1.23,6.0,11.5,1.23,6.0,11.5,1.25,6.0,10.0,1.25,6.5,13.0,1.27,6.27,13.56
E0,13/04/13,Aston Villa,Fulham,1.0,1.0,D,0.0,0.0,D,P Dowd,15.0,8.0,7.0,3.0,5.0,15.0,8.0,5.0,1.0,2.0,0.0,0.0,2.3,3.3,3.5,2.25,3.2,3.25,2.25,3.2,3.25,2.2,3.3,3.25,2.38,3.4,3.2,2.24,3.43,3.52
E0,13/04/13,Everton,QPR,2.0,0.0,H,1.0,0.0,H,L Mason,14.0,8.0,10.0,5.0,6.0,12.0,13.0,5.0,3.0,3.0,0.0,0.0,1.44,4.75,8.0,1.4,4.6,7.5,1.4,4.6,7.5,1.44,4.33,7.0,1.45,4.75,7.5,1.47,4.51,8.36
E0,13/04/13,Reading,Liverpool,0.0,0.0,D,0.0,0.0,D,M Clattenburg,7.0,26.0,5.0,15.0,9.0,8.0,4.0,9.0,2.0,1.0,0.0,0.0,8.0,4.75,1.45,7.25,4.33,1.44,7.25,4.33,1.44,6.5,4.2,1.5,7.0,4.75,1.5,7.82,4.88,1.45
E0,13/04/13,Southampton,West Ham,1.0,1.0,D,0.0,0.0,D,M Dean,15.0,6.0,11.0,4.0,9.0,18.0,7.0,4.0,2.0,3.0,0.0,0.0,1.91,3.75,4.2,1.8,3.7,4.2,1.8,3.7,4.2,1.85,3.6,4.0,1.95,3.7,4.1,1.78,3.83,5.05
E0,14/04/13,Newcastle,Sunderland,0.0,3.0,A,0.0,1.0,A,H Webb,15.0,8.0,9.0,7.0,14.0,7.0,10.0,9.0,3.0,2.0,0.0,0.0,1.95,3.5,4.5,1.91,3.25,4.25,1.91,3.25,4.25,1.9,3.4,4.0,1.95,3.6,4.3,1.85,3.51,5.14
E0,14/04/13,Stoke,Man United,0.0,2.0,A,0.0,1.0,A,J Moss,13.0,9.0,4.0,3.0,9.0,9.0,3.0,7.0,1.0,1.0,0.0,0.0,7.0,3.9,1.6,6.5,3.75,1.55,6.5,3.75,1.55,6.0,3.75,1.57,6.25,4.0,1.62,6.48,4.03,1.62
E0,16/04/13,Arsenal,Everton,0.0,0.0,D,0.0,0.0,D,N Swarbrick,10.0,10.0,6.0,5.0,11.0,12.0,8.0,1.0,2.0,3.0,0.0,0.0,1.75,3.9,5.0,1.7,3.8,4.75,1.7,3.8,4.75,1.75,3.75,4.5,1.75,3.8,5.0,1.74,3.7,5.5
E0,17/04/13,Fulham,Chelsea,0.0,3.0,A,0.0,2.0,A,M Dean,11.0,13.0,7.0,10.0,11.0,11.0,6.0,5.0,2.0,1.0,0.0,0.0,4.75,3.8,1.8,4.5,3.8,1.72,4.5,3.8,1.72,4.33,3.4,1.83,4.3,3.7,1.85,5.61,3.9,1.7
E0,17/04/13,Man City,Wigan,1.0,0.0,H,0.0,0.0,D,J Moss,10.0,8.0,4.0,6.0,12.0,5.0,5.0,4.0,2.0,1.0,0.0,0.0,1.25,6.5,14.0,1.23,6.0,11.5,1.23,6.0,11.5,1.25,6.0,12.0,1.36,4.75,9.0,1.32,5.88,10.99
E0,17/04/13,West Ham,Man United,2.0,2.0,D,1.0,1.0,D,L Probert,10.0,15.0,4.0,9.0,9.0,7.0,2.0,5.0,1.0,0.0,0.0,0.0,5.5,3.9,1.7,5.0,3.75,1.67,5.0,3.75,1.67,5.5,3.5,1.66,5.75,3.8,1.7,5.11,3.82,1.78
E0,20/04/13,Fulham,Arsenal,0.0,1.0,A,0.0,1.0,A,A Marriner,7.0,10.0,5.0,7.0,13.0,8.0,7.0,3.0,0.0,2.0,1.0,1.0,5.0,4.0,1.75,4.75,3.8,1.7,4.75,3.8,1.7,4.5,3.75,1.75,4.6,4.0,1.8,6.4,4.3,1.57
E0,20/04/13,Norwich,Reading,2.0,1.0,H,0.0,0.0,D,M Dean,19.0,14.0,9.0,6.0,8.0,12.0,8.0,8.0,2.0,3.0,0.0,0.0,1.75,3.8,5.25,1.67,3.7,5.0,1.67,3.7,5.0,1.75,3.75,4.5,1.75,3.8,5.2,1.8,3.61,5.33
E0,20/04/13,QPR,Stoke,0.0,2.0,A,0.0,1.0,A,C Foy,25.0,11.0,11.0,4.0,8.0,14.0,5.0,5.0,1.0,2.0,0.0,0.0,2.25,3.4,3.5,2.1,3.4,3.4,2.1,3.4,3.4,2.2,3.25,3.3,2.3,3.2,3.6,2.21,3.21,3.91
E0,20/04/13,Sunderland,Everton,1.0,0.0,H,1.0,0.0,H,P Dowd,8.0,8.0,4.0,5.0,6.0,15.0,3.0,10.0,1.0,2.0,0.0,0.0,3.4,3.4,2.3,3.4,3.3,2.15,3.4,3.3,2.15,3.2,3.3,2.25,3.4,3.4,2.3,3.51,3.3,2.31
E0,20/04/13,Swansea,Southampton,0.0,0.0,D,0.0,0.0,D,M Halsey,14.0,9.0,7.0,5.0,11.0,13.0,7.0,2.0,0.0,0.0,0.0,0.0,2.38,3.5,3.1,2.25,3.3,3.1,2.25,3.3,3.1,2.2,3.4,3.1,2.4,3.5,3.1,2.27,3.41,3.45
E0,20/04/13,West Brom,Newcastle,1.0,1.0,D,0.0,1.0,A,M Jones,8.0,10.0,4.0,6.0,9.0,10.0,15.0,2.0,0.0,2.0,0.0,0.0,2.25,3.5,3.4,2.25,3.2,3.25,2.25,3.2,3.25,2.2,3.4,3.2,2.3,3.5,3.25,2.43,3.43,3.15
E0,20/04/13,West Ham,Wigan,2.0,0.0,H,1.0,0.0,H,N Swarbrick,17.0,18.0,11.0,10.0,12.0,11.0,3.0,6.0,3.0,1.0,0.0,0.0,2.3,3.5,3.3,2.3,3.25,3.1,2.3,3.25,3.1,2.2,3.4,3.2,2.38,3.5,3.12,2.48,3.42,3.09
E0,21/04/13,Liverpool,Chelsea,2.0,2.0,D,0.0,1.0,A,K Friend,23.0,9.0,12.0,6.0,8.0,11.0,8.0,5.0,5.0,2.0,0.0,0.0,2.15,3.6,3.6,2.05,3.5,3.4,2.05,3.5,3.4,2.2,3.3,3.25,2.2,3.6,3.4,2.15,3.54,3.65
E0,21/04/13,Tottenham,Man City,3.0,1.0,H,0.0,1.0,A,L Mason,11.0,11.0,8.0,7.0,11.0,10.0,4.0,5.0,3.0,3.0,0.0,0.0,3.25,3.6,2.3,3.2,3.25,2.25,3.2,3.25,2.25,3.0,3.4,2.29,3.25,3.6,2.3,2.79,3.27,2.8
E0,22/04/13,Man United,Aston Villa,3.0,0.0,H,3.0,0.0,H,A Taylor,10.0,8.0,5.0,5.0,10.0,6.0,5.0,3.0,1.0,0.0,0.0,0.0,1.25,6.75,13.0,1.22,6.75,10.5,1.22,6.75,10.5,1.25,6.0,10.5,1.25,6.5,13.0,1.27,6.47,13.25
E0,27/04/13,Everton,Fulham,1.0,0.0,H,1.0,0.0,H,J Moss,17.0,6.0,10.0,2.0,12.0,16.0,7.0,2.0,1.0,3.0,0.0,0.0,1.5,4.5,7.5,1.45,4.1,7.5,1.45,4.1,7.5,1.5,4.0,7.0,1.5,4.4,7.0,1.51,4.53,7.33
E0,27/04/13,Man City,West Ham,2.0,1.0,H,1.0,0.0,H,H Webb,16.0,9.0,10.0,6.0,9.0,7.0,9.0,4.0,1.0,3.0,0.0,0.0,1.29,6.0,12.0,1.25,5.5,12.0,1.25,5.5,12.0,1.25,5.5,12.0,1.29,6.25,11.5,1.25,6.41,15.52
E0,27/04/13,Newcastle,Liverpool,0.0,6.0,A,0.0,2.0,A,A Marriner,5.0,11.0,1.0,10.0,14.0,7.0,5.0,7.0,3.0,2.0,1.0,0.0,2.88,3.6,2.5,2.95,3.25,2.4,2.95,3.25,2.4,2.8,3.4,2.4,2.9,3.6,2.5,3.26,3.45,2.35
E0,27/04/13,Southampton,West Brom,0.0,3.0,A,0.0,1.0,A,R Madley,16.0,11.0,4.0,9.0,9.0,11.0,7.0,6.0,2.0,2.0,2.0,1.0,1.85,3.75,4.6,1.85,3.6,4.1,1.85,3.6,4.1,1.9,3.6,3.75,1.9,3.75,4.3,1.78,3.83,5.07
E0,27/04/13,Stoke,Norwich,1.0,0.0,H,0.0,0.0,D,A Taylor,12.0,5.0,4.0,0.0,10.0,8.0,5.0,3.0,4.0,2.0,0.0,0.0,2.25,3.3,3.6,2.15,3.2,3.5,2.15,3.2,3.5,2.1,3.2,3.75,2.3,3.25,3.5,2.14,3.16,4.21
E0,27/04/13,Wigan,Tottenham,2.0,2.0,D,1.0,1.0,D,M Atkinson,6.0,14.0,4.0,7.0,12.0,10.0,3.0,3.0,3.0,1.0,0.0,0.0,3.8,3.6,2.05,3.8,3.5,1.95,3.8,3.5,1.95,3.6,3.6,1.95,3.6,3.7,2.1,3.31,3.48,2.31
E0,28/04/13,Arsenal,Man United,1.0,1.0,D,1.0,1.0,D,P Dowd,19.0,10.0,13.0,5.0,12.0,10.0,7.0,2.0,3.0,5.0,0.0,0.0,2.25,3.6,3.3,2.1,3.5,3.3,2.1,3.5,3.3,2.25,3.5,3.0,2.3,3.3,3.5,2.35,3.56,3.19
E0,28/04/13,Chelsea,Swansea,2.0,0.0,H,2.0,0.0,H,M Clattenburg,21.0,11.0,14.0,8.0,9.0,10.0,6.0,3.0,1.0,3.0,0.0,0.0,1.36,5.5,9.0,1.3,5.25,9.5,1.3,5.25,9.5,1.36,5.0,7.5,1.36,5.5,9.0,1.43,4.96,8.44
E0,28/04/13,Reading,QPR,0.0,0.0,D,0.0,0.0,D,K Friend,13.0,15.0,7.0,5.0,12.0,14.0,9.0,7.0,0.0,2.0,0.0,0.0,2.55,3.5,2.88,2.5,3.4,2.7,2.5,3.4,2.7,2.6,3.4,2.6,2.62,3.5,2.8,2.5,3.48,3.0
E0,29/04/13,Aston Villa,Sunderland,6.0,1.0,H,2.0,1.0,H,L Probert,18.0,7.0,15.0,4.0,10.0,15.0,4.0,4.0,0.0,3.0,0.0,1.0,2.3,3.4,3.4,2.2,3.25,3.3,2.2,3.25,3.3,2.25,3.3,3.2,2.3,3.4,3.4,2.22,3.29,3.71
E0,04/05/13,Fulham,Reading,2.0,4.0,A,0.0,1.0,A,N Swarbrick,18.0,20.0,13.0,13.0,14.0,7.0,3.0,3.0,2.0,1.0,0.0,0.0,1.73,3.9,5.25,1.67,3.6,5.25,1.67,3.6,5.25,1.72,3.75,4.5,1.73,3.9,5.2,1.67,3.95,5.96
E0,04/05/13,Norwich,Aston Villa,1.0,2.0,A,0.0,0.0,D,K Friend,9.0,12.0,4.0,6.0,15.0,13.0,6.0,5.0,2.0,3.0,0.0,0.0,2.55,3.3,3.0,2.45,3.2,2.9,2.45,3.2,2.9,2.37,3.3,2.9,2.6,3.3,3.0,2.57,3.14,3.18
E0,04/05/13,QPR,Arsenal,0.0,1.0,A,0.0,1.0,A,J Moss,14.0,13.0,6.0,11.0,8.0,6.0,3.0,7.0,2.0,1.0,0.0,0.0,8.0,4.75,1.44,7.5,4.6,1.4,7.5,4.6,1.4,6.5,4.5,1.44,8.0,4.8,1.44,9.4,5.45,1.37
E0,04/05/13,Swansea,Man City,0.0,0.0,D,0.0,0.0,D,M Jones,7.0,12.0,1.0,8.0,9.0,10.0,4.0,4.0,0.0,0.0,0.0,0.0,5.25,3.8,1.75,4.75,3.75,1.7,4.75,3.75,1.7,4.8,3.6,1.75,4.8,3.8,1.75,4.86,3.86,1.81
E0,04/05/13,Tottenham,Southampton,1.0,0.0,H,0.0,0.0,D,M Clattenburg,7.0,10.0,4.0,6.0,8.0,9.0,5.0,5.0,1.0,1.0,0.0,0.0,1.44,4.75,8.0,1.45,4.5,6.5,1.45,4.5,6.5,1.5,4.33,6.0,1.5,4.6,7.5,1.52,4.47,7.32
E0,04/05/13,West Brom,Wigan,2.0,3.0,A,1.0,1.0,D,L Probert,17.0,13.0,11.0,8.0,9.0,7.0,7.0,5.0,4.0,3.0,0.0,0.0,2.45,3.5,3.0,2.35,3.25,3.0,2.35,3.25,3.0,2.25,3.4,3.1,2.45,3.5,3.0,2.36,3.53,3.19
E0,04/05/13,West Ham,Newcastle,0.0,0.0,D,0.0,0.0,D,P Dowd,9.0,11.0,3.0,6.0,12.0,12.0,7.0,3.0,1.0,1.0,0.0,0.0,2.38,3.4,3.25,2.35,3.2,3.1,2.35,3.2,3.1,2.25,3.4,3.1,2.4,3.5,3.1,2.27,3.53,3.37
E0,05/05/13,Liverpool,Everton,0.0,0.0,D,0.0,0.0,D,M Oliver,16.0,11.0,8.0,4.0,10.0,10.0,3.0,5.0,1.0,2.0,0.0,0.0,1.95,3.6,4.2,1.95,3.4,3.9,1.95,3.4,3.9,1.95,3.5,3.75,1.95,3.6,4.33,1.97,3.6,4.25
E0,05/05/13,Man United,Chelsea,0.0,1.0,A,0.0,0.0,D,H Webb,10.0,15.0,4.0,6.0,14.0,9.0,2.0,7.0,2.0,1.0,1.0,0.0,2.2,3.5,3.5,2.15,3.5,3.2,2.15,3.5,3.2,2.2,3.4,3.2,2.25,3.6,3.3,2.4,3.54,3.1
E0,06/05/13,Sunderland,Stoke,1.0,1.0,D,0.0,1.0,A,L Mason,14.0,11.0,7.0,7.0,6.0,12.0,5.0,6.0,2.0,2.0,1.0,0.0,2.1,3.3,4.0,2.05,3.2,3.8,2.05,3.2,3.8,2.1,3.2,3.75,2.15,3.25,4.0,2.39,3.07,3.62
E0,07/05/13,Man City,West Brom,1.0,0.0,H,1.0,0.0,H,P Dowd,21.0,20.0,9.0,11.0,10.0,9.0,6.0,8.0,2.0,1.0,0.0,0.0,1.4,5.0,9.0,1.34,5.0,8.0,1.34,5.0,8.0,1.33,5.0,9.0,1.4,4.75,9.5,1.4,5.05,9.43
E0,07/05/13,Wigan,Swansea,2.0,3.0,A,1.0,0.0,H,K Friend,14.0,10.0,11.0,6.0,14.0,13.0,4.0,4.0,2.0,2.0,0.0,0.0,1.83,3.75,4.75,1.72,3.6,4.75,1.72,3.6,4.75,1.8,3.6,4.33,1.85,3.5,5.0,1.8,3.88,4.8
E0,08/05/13,Chelsea,Tottenham,2.0,2.0,D,2.0,1.0,H,M Dean,15.0,13.0,8.0,6.0,6.0,16.0,6.0,5.0,1.0,2.0,0.0,0.0,1.95,3.75,4.0,1.87,3.6,3.9,1.87,3.6,3.9,1.95,3.6,3.6,2.0,3.75,3.8,1.83,3.87,4.63
E0,11/05/13,Aston Villa,Chelsea,1.0,2.0,A,1.0,0.0,H,L Mason,12.0,11.0,7.0,8.0,13.0,8.0,6.0,7.0,2.0,3.0,1.0,1.0,4.5,3.8,1.85,4.33,3.75,1.75,4.33,3.75,1.75,4.33,3.6,1.8,4.4,3.8,1.85,5.65,4.33,1.63
E0,12/05/13,Everton,West Ham,2.0,0.0,H,1.0,0.0,H,P Dowd,23.0,7.0,13.0,2.0,8.0,11.0,7.0,1.0,1.0,2.0,0.0,0.0,1.5,4.5,7.5,1.45,4.25,6.75,1.45,4.25,6.75,1.53,4.2,6.0,1.53,4.4,7.0,1.5,4.37,7.92
E0,12/05/13,Fulham,Liverpool,1.0,3.0,A,1.0,1.0,D,M Halsey,10.0,20.0,8.0,14.0,2.0,10.0,7.0,8.0,0.0,1.0,0.0,0.0,3.9,3.6,2.05,3.7,3.5,1.95,3.7,3.5,1.95,3.75,3.6,1.91,3.7,3.6,2.1,3.64,3.51,2.17
E0,12/05/13,Man United,Swansea,2.0,1.0,H,1.0,0.0,H,J Moss,16.0,5.0,9.0,2.0,5.0,6.0,7.0,5.0,0.0,0.0,0.0,0.0,1.3,5.75,12.0,1.25,5.75,10.5,1.25,5.75,10.5,1.3,5.5,9.5,1.33,5.75,10.0,1.36,5.35,10.19
E0,12/05/13,Norwich,West Brom,4.0,0.0,H,1.0,0.0,H,H Webb,11.0,8.0,8.0,5.0,10.0,7.0,8.0,2.0,2.0,1.0,0.0,0.0,2.2,3.4,3.6,2.1,3.3,3.4,2.1,3.3,3.4,2.2,3.5,3.2,2.25,3.5,3.4,2.48,3.35,3.14
E0,12/05/13,QPR,Newcastle,1.0,2.0,A,1.0,2.0,A,L Probert,8.0,10.0,3.0,7.0,8.0,8.0,2.0,2.0,1.0,3.0,0.0,1.0,3.4,3.4,2.3,3.1,3.4,2.2,3.1,3.4,2.2,3.0,3.4,2.3,3.4,3.25,2.38,3.0,3.69,2.41
E0,12/05/13,Stoke,Tottenham,1.0,2.0,A,1.0,1.0,D,K Friend,6.0,23.0,3.0,15.0,11.0,5.0,2.0,11.0,4.0,1.0,1.0,0.0,4.5,3.6,1.91,4.5,3.5,1.78,4.5,3.5,1.78,4.0,3.5,1.91,4.5,3.6,1.9,4.67,3.75,1.85
E0,12/05/13,Sunderland,Southampton,1.0,1.0,D,0.0,0.0,D,M Dean,5.0,15.0,5.0,10.0,9.0,10.0,3.0,10.0,0.0,2.0,0.0,0.0,2.8,3.2,2.8,2.65,3.0,2.75,2.65,3.0,2.75,2.62,3.2,2.75,2.8,3.25,2.75,3.47,3.1,2.43
E0,14/05/13,Arsenal,Wigan,4.0,1.0,H,1.0,1.0,D,M Dean,19.0,10.0,12.0,5.0,11.0,11.0,7.0,4.0,0.0,2.0,0.0,0.0,1.4,5.5,8.0,1.33,5.25,7.75,1.33,5.25,7.75,1.36,5.0,8.0,1.4,5.25,8.0,1.38,5.64,8.36
E0,14/05/13,Reading,Man City,0.0,2.0,A,0.0,1.0,A,M Atkinson,11.0,27.0,7.0,20.0,6.0,7.0,4.0,10.0,0.0,1.0,0.0,0.0,6.0,4.33,1.6,5.75,4.1,1.53,5.75,4.1,1.53,6.0,4.33,1.53,5.5,4.4,1.6,7.25,4.8,1.48
E0,19/05/13,Chelsea,Everton,2.0,1.0,H,1.0,1.0,D,A Taylor,20.0,16.0,10.0,9.0,7.0,8.0,7.0,4.0,2.0,2.0,0.0,0.0,1.7,4.0,5.5,1.65,3.75,5.0,1.65,3.75,5.0,1.67,3.75,5.0,1.73,4.0,5.0,1.78,3.9,4.95
E0,19/05/13,Liverpool,QPR,1.0,0.0,H,1.0,0.0,H,M Atkinson,27.0,10.0,20.0,3.0,7.0,3.0,14.0,0.0,1.0,3.0,0.0,0.0,1.25,7.0,12.0,1.2,6.5,12.0,1.2,6.5,12.0,1.25,6.0,11.0,1.25,7.0,12.0,1.25,6.8,13.98
E0,19/05/13,Man City,Norwich,2.0,3.0,A,1.0,1.0,D,M Halsey,12.0,12.0,5.0,7.0,10.0,8.0,7.0,7.0,1.0,0.0,0.0,0.0,1.33,5.5,11.0,1.25,5.5,11.0,1.25,5.5,11.0,1.33,5.0,8.5,1.33,5.5,10.0,1.29,5.99,12.91
E0,19/05/13,Newcastle,Arsenal,0.0,1.0,A,0.0,0.0,D,H Webb,7.0,9.0,2.0,3.0,17.0,10.0,4.0,4.0,1.0,2.0,0.0,0.0,6.0,4.6,1.55,6.0,4.33,1.48,6.0,4.33,1.48,5.5,4.0,1.57,6.0,4.6,1.55,6.26,4.63,1.55
E0,19/05/13,Southampton,Stoke,1.0,1.0,D,0.0,0.0,D,L Probert,11.0,7.0,7.0,3.0,9.0,7.0,3.0,4.0,0.0,2.0,0.0,0.0,1.75,3.8,5.25,1.75,3.5,4.75,1.75,3.5,4.75,1.8,3.5,4.5,1.8,3.6,5.0,1.7,3.74,5.96
E0,19/05/13,Swansea,Fulham,0.0,3.0,A,0.0,1.0,A,L Mason,19.0,8.0,11.0,6.0,12.0,9.0,8.0,0.0,2.0,1.0,0.0,0.0,1.8,3.8,4.75,1.72,3.75,4.5,1.72,3.75,4.5,1.73,3.75,4.5,1.83,3.8,4.6,1.66,4.09,5.76
E0,19/05/13,Tottenham,Sunderland,1.0,0.0,H,0.0,0.0,D,A Marriner,23.0,6.0,19.0,4.0,6.0,12.0,14.0,1.0,1.0,3.0,0.0,1.0,1.29,6.0,12.0,1.22,6.0,12.0,1.22,6.0,12.0,1.3,5.0,10.0,1.3,6.0,11.5,1.25,6.6,15.0
E0,19/05/13,West Brom,Man United,5.0,5.0,D,1.0,3.0,A,M Oliver,15.0,12.0,8.0,8.0,10.0,6.0,3.0,5.0,0.0,1.0,0.0,0.0,4.5,3.9,1.83,4.5,3.6,1.75,4.5,3.6,1.75,4.33,3.75,1.75,4.2,3.9,1.85,3.65,3.42,2.17
E0,19/05/13,West Ham,Reading,4.0,2.0,H,2.0,0.0,H,M Dean,21.0,17.0,12.0,7.0,14.0,8.0,6.0,4.0,2.0,1.0,0.0,0.0,1.67,4.0,5.75,1.6,3.8,5.5,1.6,3.8,5.5,1.7,3.75,4.8,1.7,4.0,5.0,1.59,4.36,6.13
E0,19/05/13,Wigan,Aston Villa,2.0,2.0,D,2.0,1.0,H,N Swarbrick,12.0,5.0,6.0,2.0,8.0,12.0,4.0,2.0,2.0,1.0,0.0,0.0,2.15,3.6,3.6,2.0,3.5,3.5,2.0,3.5,3.5,2.05,3.5,3.4,2.15,3.6,3.5,2.1,3.56,3.77
